Fecha,Year,Month,Day,V-TWAS_gal,V-PS_gal,V-HSW_gal,Dig1-T_degF,Dig2-T_degF,Dig1-pH,Dig2-pH,FOG_gal,SRT,HSW-VS_percent,HSW-COD_mgL,Dig1-alk_mgL,Dig2-alk_mgL,Dig1-VFA_mgL,Dig2-VFA_mgL,Dig1-FOS-TAC,Dig2-FOS-TAC,Q-influent_MGD,BOD-influent_mgL,TWAS-VS_percent,PS-VS_percent,Biogas,Tramo,Biogas_actual,Biogas_lag_1,Biogas_lag_2,Biogas_lag_3,Biogas_lag_7,Biogas_media_3d,Biogas_desv_3d,Biogas_media_7d,Biogas_desv_7d,Fecha_objetivo_D1,Biogas_D1,Fecha_objetivo_D3,Biogas_D3,Fecha_objetivo_D7,Biogas_D7,Fecha_objetivo_D15,Biogas_D15,Fecha_objetivo_D30,Biogas_D30,temperatura_baja_atipica,temperatura_alta_atipica,lodo_primario_atipico,tramo_observado
2020-01-01,2020,1,1,4583,15412,0,95.5,95.4,7.07,7.06,0,42.9,0.0,0.0,4399.0,4214.0,,,,,2.7,108.0,3.7,1.9,43.3,1,43.3,,,,,,,,,2020-01-02,62.8,2020-01-04,41.9,2020-01-08,50.7,2020-01-16,69.4,2020-01-31,78.9,0,0,0,1
2020-01-02,2020,1,2,7690,17232,0,95.3,95.4,7.31,7.24,7328,26.6,0.0,0.0,4285.0,4187.0,,,,,2.85,135.0,3.66,1.9,62.8,1,62.8,43.3,,,,,,,,2020-01-03,53.0,2020-01-05,32.5,2020-01-09,48.2,2020-01-17,72.7,2020-02-01,63.1,0,0,0,1
2020-01-03,2020,1,3,2516,15412,0,95.2,95.4,7.23,7.21,15537,25.6,0.0,0.0,4269.0,4084.0,,,,,2.7,184.0,3.56,2.3,53.0,1,53.0,62.8,43.3,,,53.03333333333333,9.75004273494908,,,2020-01-04,41.9,2020-01-06,57.8,2020-01-10,56.2,2020-01-18,47.2,2020-02-02,42.8,0,0,0,1
2020-01-04,2020,1,4,2429,15865,0,94.9,95.1,6.92,6.99,0,46.9,0.0,0.0,,,,,,,2.58,253.0,3.53,,41.9,1,41.9,53.0,62.8,43.3,,52.56666666666666,10.456736265839993,,,2020-01-05,32.5,2020-01-07,37.3,2020-01-11,56.7,2020-01-19,39.6,2020-02-03,49.6,0,0,0,1
2020-01-05,2020,1,5,2447,15556,0,95.7,95.7,6.98,6.98,0,47.7,0.0,0.0,,,,,,,2.69,135.7,3.49,,32.5,1,32.5,41.9,53.0,62.8,,42.46666666666667,10.26174124275862,,,2020-01-06,57.8,2020-01-08,50.7,2020-01-12,47.4,2020-01-20,60.5,2020-02-04,66.6,0,0,0,1
2020-01-06,2020,1,6,2818,15757,0,95.6,95.5,7.13,7.05,7948,32.3,0.0,0.0,,,,,,,2.81,153.0,3.47,3.26,57.8,1,57.8,32.5,41.9,53.0,,44.06666666666666,12.78840620770756,,,2020-01-07,37.3,2020-01-09,48.2,2020-01-13,84.4,2020-01-21,52.0,2020-02-05,65.3,0,0,0,1
2020-01-07,2020,1,7,3843,11511,0,95.4,95.6,7.13,7.08,0,55.9,0.0,0.0,,,,,,,2.82,401.0,3.41,2.79,37.3,1,37.3,57.8,32.5,41.9,,42.53333333333333,13.43738565842825,46.942857142857136,11.152706269908535,2020-01-08,50.7,2020-01-10,56.2,2020-01-14,87.4,2020-01-22,68.0,2020-02-06,52.0,0,0,0,1
2020-01-08,2020,1,8,2205,9881,0,95.9,95.9,7.12,7.44,15700,30.9,0.0,0.0,4323.0,4139.0,,,,,2.81,649.6,3.15,2.81,50.7,1,50.7,37.3,57.8,32.5,43.3,48.599999999999994,10.410091258005382,48.0,11.10045044131093,2020-01-09,48.2,2020-01-11,56.7,2020-01-15,82.3,2020-01-23,73.5,2020-02-07,60.3,0,0,0,1
2020-01-09,2020,1,9,2917,10708,0,95.7,95.1,7.16,7.16,2500,53.2,0.0,0.0,4529.0,4502.0,,,,,2.91,549.0,3.44,2.41,48.2,1,48.2,50.7,37.3,57.8,62.8,45.400000000000006,7.125307010929423,45.91428571428572,9.035749105899406,2020-01-10,56.2,2020-01-12,47.4,2020-01-16,69.4,2020-01-24,87.8,2020-02-08,53.7,0,0,0,1
2020-01-10,2020,1,10,3350,9600,0,95.6,95.8,7.2,7.08,12300,34.0,0.0,0.0,4545.0,4518.0,,,,,3.29,663.0,3.63,2.72,56.2,1,56.2,48.2,50.7,37.3,53.0,51.699999999999996,4.0926763859362385,46.37142857142857,9.521854561256138,2020-01-11,56.7,2020-01-13,84.4,2020-01-17,72.7,2020-01-25,55.4,2020-02-09,43.1,0,0,0,1
2020-01-11,2020,1,11,3216,18326,0,95.7,95.7,7.11,7.08,0,39.8,0.0,0.0,4769.0,4223.0,,,,,3.18,672.0,3.94,,56.7,1,56.7,56.2,48.2,50.7,41.9,53.70000000000001,4.769696007084745,48.48571428571428,9.994903463170383,2020-01-12,47.4,2020-01-14,87.4,2020-01-18,47.2,2020-01-26,42.3,2020-02-10,50.4,0,0,0,1
2020-01-12,2020,1,12,3730,10591,0,95.9,95.8,7.12,7.18,0,59.9,0.0,0.0,4730.0,4240.0,,,,,2.81,558.0,4.5,,47.4,1,47.4,56.7,56.2,48.2,32.5,53.43333333333334,5.230997355508173,50.614285714285714,7.22620891187733,2020-01-13,84.4,2020-01-15,82.3,2020-01-19,39.6,2020-01-27,35.5,2020-02-11,45.4,0,0,0,1
2020-01-13,2020,1,13,4702,10180,0,95.5,95.6,7.2,7.16,13000,30.8,0.0,0.0,4862.0,4422.0,,,,,2.99,339.0,3.16,2.92,84.4,1,84.4,47.4,56.7,56.2,57.8,62.833333333333336,19.24742407007582,54.41428571428571,14.731307768539384,2020-01-14,87.4,2020-01-16,69.4,2020-01-20,60.5,2020-01-28,74.2,2020-02-12,69.4,0,0,0,1
2020-01-14,2020,1,14,5037,19700,0,95.6,95.4,7.18,7.11,15250,21.5,0.0,0.0,4769.0,4350.0,,,,,3.12,461.0,3.64,2.86,87.4,1,87.4,84.4,47.4,56.7,37.3,73.06666666666666,22.278539748675957,61.57142857142858,17.02279983685747,2020-01-15,82.3,2020-01-17,72.7,2020-01-21,52.0,2020-01-29,77.6,2020-02-13,55.3,0,0,0,1
2020-01-15,2020,1,15,6425,12269,0,95.5,95.4,7.06,7.02,9000,31.0,0.0,0.0,4774.0,4372.0,,,,,3.03,841.0,3.46,3.1,82.3,1,82.3,87.4,84.4,47.4,50.7,84.7,2.5632011235956176,66.08571428571429,17.83016438243805,2020-01-16,69.4,2020-01-18,47.2,2020-01-22,68.0,2020-01-30,52.5,2020-02-14,70.7,0,0,0,1
2020-01-16,2020,1,16,8938,15977,0,95.7,95.3,7.23,7.23,2400,31.4,0.0,0.0,4840.0,4444.0,,,,,2.92,636.0,3.37,2.9,69.4,1,69.4,82.3,87.4,84.4,48.2,79.7,9.277391874875265,69.11428571428571,15.991500718759822,2020-01-17,72.7,2020-01-19,39.6,2020-01-23,73.5,2020-01-31,78.9,2020-02-15,52.1,0,0,0,1
2020-01-17,2020,1,17,7398,10896,0,95.3,95.8,7.06,7.04,4000,38.5,0.0,0.0,4868.0,4570.0,,,,,2.9,500.0,3.13,3.18,72.7,1,72.7,69.4,82.3,87.4,56.2,74.8,6.701492371106703,71.47142857142858,14.953005749760871,2020-01-18,47.2,2020-01-20,60.5,2020-01-24,87.8,2020-02-01,63.1,2020-02-16,46.8,0,0,0,1
2020-01-18,2020,1,18,6644,12617,0,95.4,95.7,6.96,7.02,0,44.5,0.0,0.0,4364.0,4499.0,,,,,3.05,398.0,3.7,,47.2,1,47.2,72.7,69.4,82.3,56.7,63.1,13.868309197591495,70.11428571428573,16.830372205374104,2020-01-19,39.6,2020-01-21,52.0,2020-01-25,55.4,2020-02-02,42.8,2020-02-17,45.5,0,0,0,1
2020-01-19,2020,1,19,6698,11836,0,95.4,95.4,6.56,6.55,0,46.3,0.0,0.0,4533.0,4403.0,,,,,2.73,669.0,2.9,,39.6,1,39.6,47.2,72.7,69.4,47.4,53.166666666666664,17.337916060857303,69.0,18.735260873550722,2020-01-20,60.5,2020-01-22,68.0,2020-01-26,42.3,2020-02-03,49.6,2020-02-18,79.3,0,0,0,1
2020-01-20,2020,1,20,5590,15139,0,95.5,95.8,6.53,6.62,9500,28.4,0.0,0.0,4652.0,4381.0,,,,,2.8,364.0,2.81,2.62,60.5,1,60.5,39.6,47.2,72.7,84.4,49.1,10.57875228937704,65.58571428571429,17.604680113673247,2020-01-21,52.0,2020-01-23,73.5,2020-01-27,35.5,2020-02-04,66.6,2020-02-19,73.5,0,0,0,1
2020-01-21,2020,1,21,6182,9811,0,95.3,95.2,7.18,7.13,15000,27.7,0.0,0.0,4685.0,4403.0,,,,,2.9,304.0,2.63,2.88,52.0,1,52.0,60.5,39.6,47.2,87.4,50.699999999999996,10.510470969466594,60.528571428571425,15.216407184977921,2020-01-22,68.0,2020-01-24,87.8,2020-01-28,74.2,2020-02-05,65.3,2020-02-20,73.0,0,0,0,1
2020-01-22,2020,1,22,6203,9983,0,95.6,95.8,7.09,7.05,6500,37.8,0.0,0.0,4719.0,4477.0,,,,,2.95,705.0,2.94,2.73,68.0,1,68.0,52.0,60.5,39.6,82.3,60.166666666666664,8.00520663901524,58.48571428571428,12.528956936024718,2020-01-23,73.5,2020-01-25,55.4,2020-01-29,77.6,2020-02-06,52.0,2020-02-21,94.4,0,0,0,1
2020-01-23,2020,1,23,9172,7615,0,95.5,95.3,7.22,7.08,8044,34.6,0.0,0.0,5210.0,4539.0,,,,,2.92,450.0,2.89,,73.5,1,73.5,68.0,52.0,60.5,69.4,64.5,11.16915395184436,59.07142857142857,13.201983977886846,2020-01-24,87.8,2020-01-26,42.3,2020-01-30,52.5,2020-02-07,60.3,2020-02-22,63.5,0,0,0,1
2020-01-24,2020,1,24,7577,8486,0,95.3,95.1,7.16,7.05,7300,36.7,0.0,0.0,4697.0,4443.0,,,,,3.11,423.0,2.99,2.26,87.8,1,87.8,73.5,68.0,52.0,72.7,76.43333333333334,10.220730567495382,61.228571428571435,16.597059406785924,2020-01-25,55.4,2020-01-27,35.5,2020-01-31,78.9,2020-02-08,53.7,2020-02-23,52.5,0,0,0,1
2020-01-25,2020,1,25,7734,5573,0,95.4,95.8,7.27,7.22,0,64.5,0.0,0.0,,,,,,,3.06,346.0,3.27,,55.4,1,55.4,87.8,73.5,68.0,47.2,72.23333333333333,16.23709744176385,62.39999999999999,15.707429240118625,2020-01-26,42.3,2020-01-28,74.2,2020-02-01,63.1,2020-02-09,43.1,2020-02-24,74.3,0,0,0,1
2020-01-26,2020,1,26,8476,5628,0,95.2,95.2,7.19,7.28,0,60.8,0.0,0.0,,,,,,,2.86,476.0,3.32,,42.3,1,42.3,55.4,87.8,73.5,39.6,61.833333333333336,23.422282837787897,62.785714285714285,15.074639694027919,2020-01-27,35.5,2020-01-29,77.6,2020-02-02,42.8,2020-02-10,50.4,2020-02-25,58.9,0,0,0,1
2020-01-27,2020,1,27,13378,9082,0,95.8,95.7,7.27,7.26,13450,23.9,0.0,0.0,,,,,,,2.83,232.0,3.34,2.64,35.5,1,35.5,42.3,55.4,87.8,60.5,44.4,10.114840582035832,59.214285714285715,18.31879076899169,2020-01-28,74.2,2020-01-30,52.5,2020-02-03,49.6,2020-02-11,45.4,2020-02-26,62.4,0,0,0,1
2020-01-28,2020,1,28,6964,16947,0,95.3,95.3,7.25,7.27,11000,24.6,0.0,0.0,,,,,,,2.8,422.0,3.2,2.47,74.2,1,74.2,35.5,42.3,55.4,52.0,50.666666666666664,20.662123156474816,62.385714285714286,18.77759556594229,2020-01-29,77.6,2020-01-31,78.9,2020-02-04,66.6,2020-02-12,69.4,2020-02-27,52.4,0,0,0,1
2020-01-29,2020,1,29,6818,9546,0,95.6,95.8,7.17,7.19,7734,35.6,0.0,0.0,4279.0,4110.0,,,,,2.94,446.0,3.39,2.84,77.6,1,77.6,74.2,35.5,42.3,68.0,62.43333333333334,23.38681964982271,63.75714285714285,19.589015386423185,2020-01-30,52.5,2020-02-01,63.1,2020-02-05,65.3,2020-02-13,55.3,2020-02-28,76.4,0,0,0,1
2020-01-30,2020,1,30,11564,9062,0,95.7,95.2,7.2,7.11,12000,26.3,0.0,0.0,4343.0,4147.0,,,,,2.8,704.0,3.41,1.97,52.5,1,52.5,77.6,74.2,35.5,73.5,68.10000000000001,13.616534067081854,60.75714285714285,19.45583521233473,2020-01-31,78.9,2020-02-02,42.8,2020-02-06,52.0,2020-02-14,70.7,2020-02-29,68.4,0,0,0,1
2020-01-31,2020,1,31,8818,7762,0,95.7,95.5,7.1,7.05,10918,31.2,0.0,0.0,4352.0,4124.0,,,,,2.83,516.0,3.28,1.75,78.9,1,78.9,52.5,77.6,74.2,87.8,69.66666666666667,14.880972190463035,59.48571428571428,17.595968152906373,2020-02-01,63.1,2020-02-03,49.6,2020-02-07,60.3,2020-02-15,52.1,2020-03-01,52.4,0,0,0,1
2020-02-01,2020,2,1,6325,9339,0,95.4,95.3,7.09,7.02,0,54.8,0.0,0.0,4360.0,4318.0,,,,,3.1,540.0,,2.95,63.1,1,63.1,78.9,52.5,77.6,55.4,64.83333333333333,13.28507934990732,60.58571428571429,17.538569741328075,2020-02-02,42.8,2020-02-04,66.6,2020-02-08,53.7,2020-02-16,46.8,2020-03-02,79.3,0,0,0,1
2020-02-02,2020,2,2,6375,9303,0,95.3,95.5,7.04,7.01,0,54.7,0.0,0.0,4454.0,4346.0,,,,,3.69,431.0,3.5,,42.8,1,42.8,63.1,78.9,52.5,42.3,61.6,18.09668477926276,60.65714285714285,17.452493340767212,2020-02-03,49.6,2020-02-05,65.3,2020-02-09,43.1,2020-02-17,45.5,2020-03-03,66.5,0,0,0,1
2020-02-03,2020,2,3,8063,9410,0,95.9,95.6,7.18,7.13,11124,30.0,0.0,0.0,4585.0,4393.0,,,,,3.61,369.0,3.35,3.2,49.6,1,49.6,42.8,63.1,78.9,35.5,51.833333333333336,10.332634384963646,62.67142857142857,14.654432126574584,2020-02-04,66.6,2020-02-06,52.0,2020-02-10,50.4,2020-02-18,79.3,2020-03-04,75.2,0,0,0,1
2020-02-04,2020,2,4,9236,9261,0,95.6,95.3,7.3,7.26,16412,24.6,0.0,0.0,4655.0,4407.0,,,,,3.46,290.0,3.21,3.8,66.6,1,66.6,49.6,42.8,63.1,74.2,53.0,12.25887433657755,61.58571428571429,13.92113843182717,2020-02-05,65.3,2020-02-07,60.3,2020-02-11,45.4,2020-02-19,73.5,2020-03-05,74.7,0,0,0,1
2020-02-05,2020,2,5,6998,9830,0,95.6,95.8,7.09,7.12,14423,27.5,0.0,0.0,4510.0,4482.0,,,,,3.35,458.0,3.2,3.26,65.3,1,65.3,66.6,49.6,42.8,77.6,60.5,9.462029380635009,59.82857142857142,12.237335533210695,2020-02-06,52.0,2020-02-08,53.7,2020-02-12,69.4,2020-02-20,73.0,2020-03-06,50.8,0,0,0,1
2020-02-06,2020,2,6,10537,9935,0,95.3,95.2,7.1,7.07,8500,29.6,0.0,0.0,4669.0,4346.0,,,,,3.27,542.0,3.32,2.99,52.0,1,52.0,65.3,66.6,49.6,52.5,61.29999999999999,8.080222769206316,59.75714285714285,12.288593239648057,2020-02-07,60.3,2020-02-09,43.1,2020-02-13,55.3,2020-02-21,94.4,2020-03-07,76.1,0,0,0,1
2020-02-07,2020,2,7,13361,11237,0,95.9,95.8,7.26,7.26,10349,24.6,0.0,0.0,4613.0,4426.0,,,,,3.18,585.0,3.9,3.9,60.3,1,60.3,52.0,65.3,66.6,78.9,59.199999999999996,6.717886572427378,57.1,9.04138632437894,2020-02-08,53.7,2020-02-10,50.4,2020-02-14,70.7,2020-02-22,63.5,2020-03-08,55.5,0,0,0,1
2020-02-08,2020,2,8,12428,9746,0,95.5,95.7,7.17,7.12,0,38.7,0.0,0.0,4471.0,4392.0,,,,,3.04,601.0,2.34,,53.7,1,53.7,60.3,52.0,65.3,63.1,55.333333333333336,4.384442191811078,55.75714285714285,8.693073323602164,2020-02-09,43.1,2020-02-11,45.4,2020-02-15,52.1,2020-02-23,52.5,2020-03-09,66.8,0,0,0,1
2020-02-09,2020,2,9,12169,8532,0,95.7,95.4,7.12,7.08,0,41.4,0.0,0.0,4504.0,4326.0,,,,,2.94,382.0,3.48,,43.1,1,43.1,53.7,60.3,52.0,42.8,52.36666666666667,8.677173118783147,55.800000000000004,8.618971322998263,2020-02-10,50.4,2020-02-12,69.4,2020-02-16,46.8,2020-02-24,74.3,2020-03-10,74.0,0,0,0,1
2020-02-10,2020,2,10,11280,10939,0,95.6,95.4,7.09,7.05,5000,31.5,0.0,0.0,4790.0,4420.0,,,,,2.99,145.0,3.51,2.21,50.4,1,50.4,43.1,53.7,60.3,49.6,49.06666666666666,5.424327915358051,55.91428571428571,8.527881442935383,2020-02-11,45.4,2020-02-13,55.3,2020-02-17,45.5,2020-02-25,58.9,2020-03-11,90.8,0,0,0,1
2020-02-11,2020,2,11,11749,10792,0,95.8,95.0,7.16,7.13,5000,31.2,0.0,0.0,4748.0,4612.0,,,,,2.97,178.0,3.5,2.46,45.4,1,45.4,50.4,43.1,53.7,66.6,46.300000000000004,3.7322915213041763,52.885714285714286,7.836969773968432,2020-02-12,69.4,2020-02-14,70.7,2020-02-18,79.3,2020-02-26,62.4,2020-03-12,87.7,0,0,0,1
2020-02-12,2020,2,12,12009,9752,0,95.3,95.5,7.24,7.17,9550,27.4,0.0,0.0,4739.0,4650.0,,,,,3.1,502.0,3.55,2.54,69.4,1,69.4,45.4,50.4,43.1,65.3,55.06666666666667,12.662279942148386,53.471428571428575,8.98808735414348,2020-02-13,55.3,2020-02-15,52.1,2020-02-19,73.5,2020-02-27,52.4,2020-03-13,69.8,0,0,0,1
2020-02-13,2020,2,13,15963,10618,0,95.9,95.7,7.22,7.26,0,32.3,0.0,0.0,4617.0,4701.0,,,,,2.92,813.0,3.55,2.37,55.3,1,55.3,69.4,45.4,50.4,52.0,56.70000000000001,12.06109447769978,53.94285714285714,8.984589981899944,2020-02-14,70.7,2020-02-16,46.8,2020-02-20,73.0,2020-02-28,76.4,2020-03-14,51.4,0,0,0,1
2020-02-14,2020,2,14,12506,10263,0,95.6,95.2,7.31,7.29,12900,24.1,0.0,0.0,4917.0,4678.0,,,,,2.97,624.0,3.56,2.58,70.7,1,70.7,55.3,69.4,45.4,60.3,65.13333333333334,8.5406869356823,55.42857142857143,10.872551722221454,2020-02-15,52.1,2020-02-17,45.5,2020-02-21,94.4,2020-02-29,68.4,2020-03-15,49.3,0,0,0,1
2020-02-15,2020,2,15,11998,6817,0,95.5,95.5,7.21,7.19,0,45.6,0.0,0.0,4701.0,4767.0,,,,,3.02,665.0,3.78,,52.1,1,52.1,70.7,55.3,69.4,53.7,59.36666666666667,9.944512724781122,55.2,10.931605554537711,2020-02-16,46.8,2020-02-18,79.3,2020-02-22,63.5,2020-03-01,52.4,2020-03-16,55.7,0,0,0,1
2020-02-16,2020,2,16,11537,9533,0,95.3,95.5,7.13,7.16,0,40.7,0.0,0.0,4894.0,4960.0,,,,,2.83,659.0,3.93,,46.8,1,46.8,52.1,70.7,55.3,43.1,56.53333333333333,12.55162672060213,55.72857142857142,10.321452463310614,2020-02-17,45.5,2020-02-19,73.5,2020-02-23,52.5,2020-03-02,79.3,2020-03-17,58.8,0,0,0,1
2020-02-17,2020,2,17,11292,12499,0,95.6,95.5,7.19,7.17,0,36.1,0.0,0.0,5064.0,5088.0,,,,,2.96,478.0,3.83,,45.5,1,45.5,46.8,52.1,70.7,50.4,48.13333333333333,3.4961884007204724,55.028571428571425,10.89337937858193,2020-02-18,79.3,2020-02-20,73.0,2020-02-24,74.3,2020-03-03,66.5,2020-03-18,54.1,0,0,0,1
2020-02-18,2020,2,18,11140,11159,0,95.7,95.4,7.3,7.23,11000,25.8,0.0,0.0,5111.0,4965.0,,,,,2.96,210.0,3.69,2.47,79.3,1,79.3,45.5,46.8,52.1,45.4,57.199999999999996,19.150195821453103,59.87142857142857,13.192259635320793,2020-02-19,73.5,2020-02-21,94.4,2020-02-25,58.9,2020-03-04,75.2,2020-03-19,54.0,0,0,0,1
2020-02-19,2020,2,19,10486,11252,0,95.8,95.3,7.41,7.42,5875,31.1,0.0,0.0,5050.0,5154.0,,,,,2.84,406.0,3.66,2.68,73.5,1,73.5,79.3,45.5,46.8,69.4,66.1,18.074291134094327,60.457142857142856,13.764429657981614,2020-02-20,73.0,2020-02-22,63.5,2020-02-26,62.4,2020-03-05,74.7,2020-03-20,53.9,0,0,0,1
2020-02-20,2020,2,20,12412,12980,0,95.3,95.5,7.38,7.29,2000,31.3,0.0,0.0,4894.0,5064.0,,,,,2.79,375.0,3.66,2.69,73.0,1,73.0,73.5,79.3,45.5,55.3,75.26666666666667,3.50190424388432,62.98571428571428,14.275436779240605,2020-02-21,94.4,2020-02-23,52.5,2020-02-27,52.4,2020-03-06,50.8,2020-03-21,51.8,0,0,0,1
2020-02-21,2020,2,21,14807,12577,0,95.7,95.4,7.43,7.34,5000,26.5,0.0,0.0,5012.0,5135.0,,,,,2.87,410.0,3.69,2.96,94.4,1,94.4,73.0,73.5,79.3,70.7,80.3,12.213517101965438,66.37142857142858,18.57343212635676,2020-02-22,63.5,2020-02-24,74.3,2020-02-28,76.4,2020-03-07,76.1,2020-03-22,46.9,0,0,0,1
2020-02-22,2020,2,22,10483,10262,0,95.6,95.8,7.29,7.23,0,41.4,0.0,0.0,5206.0,4977.0,,,,,2.88,549.0,3.8,,63.5,1,63.5,94.4,73.0,73.5,52.1,76.96666666666667,15.827297094998102,68.0,17.58711649664797,2020-02-23,52.5,2020-02-25,58.9,2020-02-29,68.4,2020-03-08,55.5,2020-03-23,70.9,0,0,0,1
2020-02-23,2020,2,23,12027,9883,0,95.9,95.7,7.22,7.21,0,39.2,0.0,0.0,5065.0,5196.0,,,,,2.9,818.0,3.95,,52.5,1,52.5,63.5,94.4,73.0,46.8,70.13333333333334,21.723336146488524,68.81428571428572,16.54291676936373,2020-02-24,74.3,2020-02-26,62.4,2020-03-01,52.4,2020-03-09,66.8,2020-03-24,73.4,0,0,0,1
2020-02-24,2020,2,24,12028,8948,0,95.7,95.4,7.23,7.26,16600,22.8,0.0,0.0,5327.0,5235.0,,,,,2.76,649.0,3.79,2.86,74.3,1,74.3,52.5,63.5,94.4,45.5,63.43333333333334,10.900152904126355,72.92857142857143,12.974682306414353,2020-02-25,58.9,2020-02-27,52.4,2020-03-02,79.3,2020-03-10,74.0,2020-03-25,80.7,0,0,0,1
2020-02-25,2020,2,25,11853,8513,0,95.6,95.6,7.3,7.26,3200,36.4,0.0,0.0,5220.0,4948.0,,,,,2.73,651.0,3.91,2.38,58.9,1,58.9,74.3,52.5,63.5,79.3,61.9,11.205355862265186,70.01428571428572,13.581903225914097,2020-02-26,62.4,2020-02-28,76.4,2020-03-03,66.5,2020-03-11,90.8,2020-03-26,64.2,0,0,0,1
2020-02-26,2020,2,26,11771,7570,0,95.3,95.7,7.3,7.29,12375,27.1,0.0,0.0,5293.0,5186.0,,,,,2.73,931.0,3.97,2.69,62.4,1,62.4,58.9,74.3,52.5,73.5,65.2,8.072793816269618,68.42857142857143,13.753995090604814,2020-02-27,52.4,2020-02-29,68.4,2020-03-04,75.2,2020-03-12,87.7,2020-03-27,38.0,0,0,0,1
2020-02-27,2020,2,27,15590,11929,0,95.6,95.6,7.22,7.22,0,31.2,0.0,0.0,4768.0,5045.0,,,,,2.73,417.0,3.98,2.86,52.4,1,52.4,62.4,58.9,74.3,73.0,57.9,5.074445782546158,65.48571428571428,14.77852367135371,2020-02-28,76.4,2020-03-01,52.4,2020-03-05,74.7,2020-03-13,69.8,2020-03-28,37.0,0,0,0,1
2020-02-28,2020,2,28,11571,12948,0,95.7,95.7,7.34,7.28,10500,24.5,0.0,0.0,5308.0,5434.0,,,,,2.67,930.0,4.7,2.51,76.4,1,76.4,52.4,62.4,58.9,94.4,63.73333333333333,12.055427546683458,62.91428571428572,9.550118423598823,2020-02-29,68.4,2020-03-02,79.3,2020-03-06,50.8,2020-03-14,51.4,2020-03-29,31.8,0,0,0,1
2020-02-29,2020,2,29,11647,15114,0,95.2,95.5,7.13,7.14,0,32.1,0.0,0.0,,,,,,,2.65,530.0,4.2,,68.4,1,68.4,76.4,52.4,62.4,63.5,65.73333333333333,12.220201853215618,63.61428571428571,9.777086916430088,2020-03-01,52.4,2020-03-03,66.5,2020-03-07,76.1,2020-03-15,49.3,2020-03-30,43.2,0,0,0,1
2020-03-01,2020,3,1,11352,16376,0,95.1,95.8,7.21,7.15,0,30.9,0.0,0.0,5232.0,5035.0,,,,,2.8,520.0,4.4,,52.4,1,52.4,68.4,76.4,52.4,52.5,65.73333333333333,12.220201853215618,63.6,9.796087654432927,2020-03-02,79.3,2020-03-04,75.2,2020-03-08,55.5,2020-03-16,55.7,2020-03-31,52.2,0,0,0,1
2020-03-02,2020,3,2,11024,22393,0,95.2,95.4,7.17,7.17,9580,20.0,0.0,0.0,5261.0,5194.0,,,,,2.61,450.0,4.4,2.67,79.3,1,79.3,52.4,68.4,76.4,74.3,66.7,13.530336285547413,64.31428571428572,10.833655672860163,2020-03-03,66.5,2020-03-05,74.7,2020-03-09,66.8,2020-03-17,58.8,2020-04-01,63.2,0,0,0,1
2020-03-03,2020,3,3,10162,13410,0,95.7,95.3,7.29,7.15,3500,31.7,0.0,0.0,5246.0,5074.0,,,,,2.78,442.96,3.95,1.99,66.5,1,66.5,79.3,52.4,68.4,58.9,66.06666666666666,13.455234421344516,65.39999999999999,10.578437187663088,2020-03-04,75.2,2020-03-06,50.8,2020-03-10,74.0,2020-03-18,54.1,2020-04-02,69.1,0,0,0,1
2020-03-04,2020,3,4,10097,23107,0,95.7,95.8,7.3,7.26,13080,18.5,0.0,0.0,5160.0,5290.0,,,,,2.6,461.0,3.96,2.3,75.2,1,75.2,66.5,79.3,52.4,62.4,73.66666666666667,6.5363088462323,67.22857142857143,11.068380532808211,2020-03-05,74.7,2020-03-07,76.1,2020-03-11,90.8,2020-03-19,54.0,2020-04-03,55.9,0,0,0,1
2020-03-05,2020,3,5,13374,15694,0,95.6,95.4,7.26,7.24,2500,27.2,0.0,0.0,4949.0,5179.0,,,,,2.75,555.0,3.93,2.54,74.7,1,74.7,75.2,66.5,79.3,52.4,72.13333333333334,4.885011088353292,70.41428571428573,9.128239803202055,2020-03-06,50.8,2020-03-08,55.5,2020-03-12,87.7,2020-03-20,53.9,2020-04-04,47.3,0,0,0,1
2020-03-06,2020,3,6,9034,13060,0,95.5,95.8,7.31,7.31,7300,29.2,0.0,0.0,5088.0,4997.0,,,,,2.72,1000.0,4.4,2.29,50.8,1,50.8,74.7,75.2,66.5,76.4,66.89999999999999,13.945250087395392,66.75714285714285,11.219158783506183,2020-03-07,76.1,2020-03-09,66.8,2020-03-13,69.8,2020-03-21,51.8,2020-04-05,41.4,0,0,0,1
2020-03-07,2020,3,7,10473,15946,0,95.4,95.5,7.37,7.38,0,32.5,0.0,0.0,5091.0,5148.0,,,,,2.64,760.0,4.17,,76.1,1,76.1,50.8,74.7,75.2,68.4,67.2,14.220056258679188,67.85714285714285,11.770989358426533,2020-03-08,55.5,2020-03-10,74.0,2020-03-14,51.4,2020-03-22,46.9,2020-04-06,60.4,0,0,0,1
2020-03-08,2020,3,8,9649,13998,0,95.2,95.4,7.47,7.27,0,36.3,0.0,0.0,4924.0,4976.0,,,,,2.5,411.0,4.4,,55.5,1,55.5,76.1,50.8,74.7,52.4,60.79999999999999,13.456968455042201,68.3,11.133582831535717,2020-03-09,66.8,2020-03-11,90.8,2020-03-15,49.3,2020-03-23,70.9,2020-04-07,64.9,0,0,0,1
2020-03-09,2020,3,9,10344,15565,0,95.2,95.4,7.31,7.33,7700,25.5,0.0,0.0,5095.0,5043.0,,,,,5.08,292.0,3.96,2.4,66.8,1,66.8,55.5,76.1,50.8,79.3,66.13333333333333,10.316168539401358,66.5142857142857,10.022213423429077,2020-03-10,74.0,2020-03-12,87.7,2020-03-16,55.7,2020-03-24,73.4,2020-04-08,61.5,0,0,0,1
2020-03-10,2020,3,10,11062,13560,0,95.8,95.6,7.24,7.26,16300,21.0,0.0,0.0,5052.0,5014.0,,,,,4.07,310.0,4.1,2.87,74.0,1,74.0,66.8,55.5,76.1,66.5,65.43333333333334,9.325413306300929,67.58571428571429,10.413681477016768,2020-03-11,90.8,2020-03-13,69.8,2020-03-17,58.8,2020-03-25,80.7,2020-04-09,52.2,0,0,0,1
2020-03-11,2020,3,11,9646,17991,0,95.5,95.7,7.22,7.22,15300,20.0,0.0,0.0,5043.0,4910.0,,,,,3.6,346.0,3.97,3.3,90.8,1,90.8,74.0,66.8,55.5,75.2,77.2,12.315843454672583,69.81428571428572,13.520531125098685,2020-03-12,87.7,2020-03-14,51.4,2020-03-18,54.1,2020-03-26,64.2,2020-04-10,64.1,0,0,0,1
2020-03-12,2020,3,12,12628,22313,0,95.2,95.7,7.29,7.28,4330,21.8,0.0,0.0,5119.0,4972.0,,,,,3.4,380.0,4.4,3.25,87.7,1,87.7,90.8,74.0,66.8,74.7,84.16666666666667,8.939985085744556,71.67142857142856,15.10361041668674,2020-03-13,69.8,2020-03-15,49.3,2020-03-19,54.0,2020-03-27,38.0,2020-04-11,50.4,0,0,0,1
2020-03-13,2020,3,13,8576,18052,0,95.7,95.7,7.24,7.16,10000,23.4,0.0,0.0,5029.0,4824.0,,,,,3.11,400.0,3.89,3.3,69.8,1,69.8,87.7,90.8,74.0,50.8,82.76666666666667,11.335931074831702,74.38571428571427,12.145153844425467,2020-03-14,51.4,2020-03-16,55.7,2020-03-20,53.9,2020-03-28,37.0,2020-04-12,42.6,0,0,0,1
2020-03-14,2020,3,14,7747,19590,0,95.7,95.5,7.24,7.23,0,31.4,0.0,0.0,5352.0,5373.0,,,,,3.06,287.0,3.82,,51.4,1,51.4,69.8,87.7,90.8,76.1,69.63333333333334,18.150573911954805,70.85714285714286,14.850797637709265,2020-03-15,49.3,2020-03-17,58.8,2020-03-21,51.8,2020-03-29,31.8,2020-04-13,94.4,0,0,0,1
2020-03-15,2020,3,15,8218,18766,0,95.6,95.7,7.15,7.21,0,31.8,0.0,0.0,5260.0,5347.0,,,,,3.04,413.0,3.78,,49.3,1,49.3,51.4,69.8,87.7,55.5,56.833333333333336,11.27844551936717,69.97142857142858,16.055395176877923,2020-03-16,55.7,2020-03-18,54.1,2020-03-22,46.9,2020-03-30,43.2,2020-04-14,100.8,0,0,0,1
2020-03-16,2020,3,16,7521,15811,13036,95.6,95.6,7.28,7.27,16200,21.7,5.62,260000.0,5316.0,5378.0,,,,,3.06,384.0,3.8,3.79,55.7,1,55.7,49.3,51.4,69.8,66.8,52.13333333333333,3.262412195497846,68.38571428571429,16.94436273724772,2020-03-17,58.8,2020-03-19,54.0,2020-03-23,70.9,2020-03-31,52.2,2020-04-15,77.1,0,0,0,1
2020-03-17,2020,3,17,6856,15904,9697,95.1,95.5,7.29,7.23,7200,28.6,5.62,260000.0,5224.0,5337.0,,,,,3.12,374.0,3.64,4.32,58.8,1,58.8,55.7,49.3,51.4,74.0,54.599999999999994,4.844584605515716,66.21428571428571,17.07839069032644,2020-03-18,54.1,2020-03-20,53.9,2020-03-24,73.4,2020-04-01,63.2,2020-04-16,61.6,0,0,0,1
2020-03-18,2020,3,18,7647,15261,3823,95.8,95.9,7.29,7.28,5000,30.7,5.62,260000.0,5250.0,5311.0,,,,,3.53,737.0,3.78,4.4,54.1,1,54.1,58.8,55.7,49.3,90.8,56.20000000000001,2.389560629069692,60.97142857142857,13.539536462488199,2020-03-19,54.0,2020-03-21,51.8,2020-03-25,80.7,2020-04-02,69.1,2020-04-17,59.6,0,0,0,1
2020-03-19,2020,3,19,10460,19136,2652,95.7,95.7,7.28,7.25,0,29.0,5.62,260000.0,5214.0,5357.0,,,,,3.4,410.0,3.9,4.5,54.0,1,54.0,54.1,58.8,55.7,87.7,55.633333333333326,2.7428695436227457,56.15714285714286,6.7312349394092,2020-03-20,53.9,2020-03-22,46.9,2020-03-26,64.2,2020-04-03,55.9,2020-04-18,41.7,0,0,0,1
2020-03-20,2020,3,20,7049,18781,5810,95.5,95.9,7.33,7.26,15300,20.9,5.62,260000.0,5148.0,5347.0,,,,,3.54,336.0,3.98,4.13,53.9,1,53.9,54.0,54.1,58.8,69.8,54.0,0.09999999999932267,53.885714285714286,3.019618392793111,2020-03-21,51.8,2020-03-23,70.9,2020-03-27,38.0,2020-04-04,47.3,2020-04-19,35.8,0,0,0,1
2020-03-21,2020,3,21,7260,23096,0,95.5,95.1,7.26,7.26,0,28.3,5.62,260000.0,5018.0,5170.0,,,,,3.25,338.0,3.98,,51.8,1,51.8,53.9,54.0,54.1,51.4,53.23333333333333,1.2423096769055453,53.94285714285714,2.968084198523186,2020-03-22,46.9,2020-03-24,73.4,2020-03-28,37.0,2020-04-05,41.4,2020-04-20,43.1,0,0,0,1
2020-03-22,2020,3,22,7018,18979,0,95.6,95.6,7.23,7.25,0,33.0,5.62,260000.0,5086.0,5321.0,,,,,3.15,155.0,3.87,,46.9,1,46.9,51.8,53.9,54.0,49.3,50.86666666666667,3.592121007612774,53.6,3.653309002351958,2020-03-23,70.9,2020-03-25,80.7,2020-03-29,31.8,2020-04-06,60.4,2020-04-21,58.9,0,0,0,1
2020-03-23,2020,3,23,6776,20778,19188,95.2,95.3,7.13,7.14,20200,18.0,5.62,260000.0,5039.0,5243.0,,,,,3.43,153.6,3.83,3.3,70.9,1,70.9,46.9,51.8,53.9,55.7,56.53333333333333,12.680825420032148,55.771428571428565,7.549329834652894,2020-03-24,73.4,2020-03-26,64.2,2020-03-30,43.2,2020-04-07,64.9,2020-04-22,65.8,0,0,0,1
2020-03-24,2020,3,24,7226,22809,10231,95.9,95.5,7.04,7.03,1200,27.5,5.62,260000.0,5165.0,5285.0,,,,,3.4,378.0,3.67,3.1,73.4,1,73.4,70.9,46.9,51.8,58.8,63.73333333333334,14.63158683579242,57.857142857142854,10.10855366226329,2020-03-25,80.7,2020-03-27,38.0,2020-03-31,52.2,2020-04-08,61.5,2020-04-23,62.8,0,0,0,1
2020-03-25,2020,3,25,7415,22474,24302,95.6,95.7,7.3,7.26,16200,18.6,5.62,260000.0,4971.0,5186.0,,,,,3.41,455.0,3.85,3.28,80.7,1,80.7,73.4,70.9,46.9,54.1,75.0,5.092150822589732,61.65714285714285,13.036468993156216,2020-03-26,64.2,2020-03-28,37.0,2020-04-01,63.2,2020-04-09,52.2,2020-04-24,42.5,0,0,0,1
2020-03-26,2020,3,26,8915,19002,12458,95.7,95.4,7.33,7.27,4000,26.9,5.62,260000.0,5139.0,5259.0,,,,,3.42,167.0,3.4,3.25,64.2,1,64.2,80.7,73.4,70.9,54.0,72.76666666666667,8.268212221111316,63.11428571428572,12.600718044543928,2020-03-27,38.0,2020-03-29,31.8,2020-04-02,69.1,2020-04-10,64.1,2020-04-25,45.6,0,0,0,1
2020-03-27,2020,3,27,6840,14438,0,95.1,95.3,7.3,7.31,4200,33.7,5.62,260000.0,5196.0,5306.0,,,,,3.63,436.0,3.83,2.1,38.0,1,38.0,64.2,80.7,73.4,53.9,60.96666666666667,21.532843131675246,60.84285714285714,15.611839219308,2020-03-28,37.0,2020-03-30,43.2,2020-04-03,55.9,2020-04-11,50.4,2020-04-26,43.7,0,0,0,1
2020-03-28,2020,3,28,5890,16503,0,95.5,95.6,7.14,7.13,0,38.3,5.62,260000.0,,,,,,,4.13,232.0,4.7,,37.0,1,37.0,38.0,64.2,80.7,51.8,46.4,15.423358907838447,58.728571428571435,17.878265602467717,2020-03-29,31.8,2020-03-31,52.2,2020-04-04,47.3,2020-04-12,42.6,2020-04-27,85.7,0,0,0,1
2020-03-29,2020,3,29,4854,18332,0,95.5,95.3,7.16,7.18,0,37.0,5.62,260000.0,,,,,,,3.43,346.0,2.99,,31.8,1,31.8,37.0,38.0,64.2,46.9,35.6,3.3286633954184577,56.57142857142857,20.291436148099038,2020-03-30,43.2,2020-04-01,63.2,2020-04-05,41.4,2020-04-13,94.4,2020-04-28,89.3,0,0,0,1
2020-03-30,2020,3,30,8070,21308,4796,95.3,95.7,7.25,7.25,4398,25.4,5.62,260000.0,,,,,,,3.59,132.0,3.22,2.41,43.2,1,43.2,31.8,37.0,38.0,70.9,37.333333333333336,5.707305260219764,52.61428571428572,19.72447114385481,2020-03-31,52.2,2020-04-02,69.1,2020-04-06,60.4,2020-04-14,100.8,2020-04-29,81.7,0,0,0,1
2020-03-31,2020,3,31,9501,16196,6304,95.3,95.5,7.26,7.26,6000,27.1,5.62,260000.0,,,,,,,3.66,325.0,4.1,2.32,52.2,1,52.2,43.2,31.8,37.0,73.4,42.4,10.223502335305605,49.58571428571429,17.503564262879742,2020-04-01,63.2,2020-04-03,55.9,2020-04-07,64.9,2020-04-15,77.1,2020-04-30,62.7,0,0,0,1
2020-04-01,2020,4,1,7989,13553,12706,95.6,95.7,7.23,7.23,17000,25.1,5.62,260000.0,4954.0,5163.0,,,,,3.58,466.0,4.21,2.5,63.2,1,63.2,52.2,43.2,31.8,80.7,52.866666666666674,10.016652800877798,47.08571428571429,12.985559745531216,2020-04-02,69.1,2020-04-04,47.3,2020-04-08,61.5,2020-04-16,61.6,2020-05-01,59.0,0,0,0,1
2020-04-02,2020,4,2,11797,16101,8784,95.7,95.7,7.23,7.2,1440,23.4,6.28,260000.0,4954.0,5241.0,,,,,3.64,352.0,4.28,3.18,69.1,1,69.1,63.2,52.2,43.2,64.2,61.5,8.577295611088623,47.785714285714285,14.142421830722418,2020-04-03,55.9,2020-04-05,41.4,2020-04-09,52.2,2020-04-17,59.6,2020-05-02,74.5,0,0,0,1
2020-04-03,2020,4,3,7005,13009,3304,95.5,95.5,7.2,7.16,7983,36.8,5.25,260000.0,5029.0,5259.0,,,,,3.54,444.0,4.25,2.4,55.9,1,55.9,69.1,63.2,52.2,38.0,62.73333333333334,6.612362159874001,50.34285714285714,13.68915107458662,2020-04-04,47.3,2020-04-06,60.4,2020-04-10,64.1,2020-04-18,41.7,2020-05-03,41.0,0,0,0,1
2020-04-04,2020,4,4,7317,14790,0,,95.9,7.11,7.07,0,38.8,,260000.0,5082.0,5334.0,,,,,3.47,403.0,,,47.3,1,47.3,55.9,69.1,63.2,37.0,57.43333333333333,10.980588933811024,51.81428571428571,12.51950858612646,2020-04-05,41.4,2020-04-07,64.9,2020-04-11,50.4,2020-04-19,35.8,2020-05-04,56.9,0,0,0,1
2020-04-05,2020,4,5,6640,11871,0,95.4,95.8,7.01,7.06,0,46.4,,260000.0,5232.0,5367.0,,,,,3.34,264.0,4.25,,41.4,1,41.4,47.3,55.9,69.1,31.8,48.199999999999996,7.2917761896535875,53.18571428571429,10.288736328533949,2020-04-06,60.4,2020-04-08,61.5,2020-04-12,42.6,2020-04-20,43.1,2020-05-05,89.2,0,0,0,1
2020-04-06,2020,4,6,6687,11949,12591,95.4,95.3,7.24,7.21,15000,27.5,3.33,260000.0,5249.0,5410.0,,,,,3.44,167.0,4.2,2.72,60.4,1,60.4,41.4,47.3,55.9,43.2,49.699999999999996,9.724710792614818,55.642857142857146,9.532550750429968,2020-04-07,64.9,2020-04-09,52.2,2020-04-13,94.4,2020-04-21,58.9,2020-05-06,123.9,0,0,0,1
2020-04-07,2020,4,7,7385,14155,5038,95.7,95.5,7.25,7.21,0,32.3,2.49,260000.0,5157.0,5232.0,,,,,3.6,200.0,3.84,2.86,64.9,1,64.9,60.4,41.4,47.3,52.2,55.56666666666667,12.473304828045096,57.457142857142856,9.966754259847571,2020-04-08,61.5,2020-04-10,64.1,2020-04-14,100.8,2020-04-22,65.8,2020-05-07,155.6,0,0,0,1
2020-04-08,2020,4,8,5637,13486,8907,95.5,95.5,7.28,7.24,12400,30.6,4.21,260000.0,5286.0,5206.0,,,,,3.56,409.0,3.58,2.97,61.5,1,61.5,64.9,60.4,41.4,63.2,62.26666666666667,2.3459184413218095,57.214285714285715,9.823174736548317,2020-04-09,52.2,2020-04-11,50.4,2020-04-15,77.1,2020-04-23,62.8,2020-05-08,186.3,0,0,0,1
2020-04-09,2020,4,9,7638,13967,0,95.9,95.4,7.31,7.24,0,39.7,4.21,260000.0,5297.0,5222.0,,,,,3.66,292.0,3.41,3.5,52.2,1,52.2,61.5,64.9,60.4,69.1,59.53333333333334,6.574445477250033,54.8,8.38689453850465,2020-04-10,64.1,2020-04-12,42.6,2020-04-16,61.6,2020-04-24,42.5,2020-05-09,204.8,0,0,0,1
2020-04-10,2020,4,10,5806,13950,0,95.6,95.7,7.31,7.28,11861,43.4,1.65,260000.0,5297.0,5286.0,,,,,3.7,427.0,3.56,3.46,64.1,1,64.1,52.2,61.5,64.9,55.9,59.26666666666667,6.256463324701371,55.971428571428575,9.107819769427813,2020-04-11,50.4,2020-04-13,94.4,2020-04-17,59.6,2020-04-25,45.6,2020-05-10,202.7,0,0,0,1
2020-04-11,2020,4,11,6074,13702,0,95.3,95.7,7.22,7.21,0,43.4,,260000.0,5270.0,5318.0,,,,,3.58,157.0,3.82,,50.4,1,50.4,64.1,52.2,61.5,47.3,55.56666666666666,7.444684904905838,56.41428571428571,8.681288032588315,2020-04-12,42.6,2020-04-14,100.8,2020-04-18,41.7,2020-04-26,43.7,2020-05-11,120.0,0,0,0,1
2020-04-12,2020,4,12,5856,13671,997,95.6,95.7,7.26,7.24,0,41.8,,260000.0,5249.0,5297.0,,,,,4.03,144.0,3.85,,42.6,1,42.6,50.4,64.1,52.2,41.4,52.36666666666667,10.884086242461164,56.58571428571429,8.34054925677926,2020-04-13,94.4,2020-04-15,77.1,2020-04-19,35.8,2020-04-27,85.7,2020-05-12,75.3,0,0,0,1
2020-04-13,2020,4,13,5547,14665,8763,95.3,95.3,7.26,7.21,19500,29.6,4.47,260000.0,5286.0,5313.0,,,,,3.94,,3.79,3.34,94.4,1,94.4,42.6,50.4,64.1,60.4,62.46666666666667,27.92871879147581,61.44285714285714,16.67141837025842,2020-04-14,100.8,2020-04-16,61.6,2020-04-20,43.1,2020-04-28,89.3,2020-05-13,111.9,0,0,0,1
2020-04-14,2020,4,14,5328,14340,21183,95.2,95.6,7.19,7.18,26200,21.0,1.91,55600.0,4034.0,3877.0,,,,,3.72,393.0,3.57,4.26,100.8,1,100.8,94.4,42.6,50.4,64.9,79.26666666666667,31.915095696759806,66.57142857142857,22.43707603393055,2020-04-15,77.1,2020-04-17,59.6,2020-04-21,58.9,2020-04-29,81.7,2020-05-14,122.0,0,0,0,1
2020-04-15,2020,4,15,5834,14604,11946,95.5,95.8,7.23,7.21,6000,26.5,2.75,77550.0,3921.0,3847.0,,,,,3.79,371.0,3.26,3.18,77.1,1,77.1,100.8,94.4,42.6,61.5,90.76666666666667,12.26064163628225,68.8,22.623365502653808,2020-04-16,61.6,2020-04-18,41.7,2020-04-22,65.8,2020-04-30,62.7,2020-05-15,118.8,0,0,0,1
2020-04-16,2020,4,16,6294,13856,12876,95.9,95.8,7.27,7.21,14800,26.0,,70525.0,4290.0,3950.0,,,,,3.64,265.0,3.24,3.22,61.6,1,61.6,77.1,100.8,94.4,52.2,79.83333333333333,19.742424707551407,70.14285714285714,21.735367272631724,2020-04-17,59.6,2020-04-19,35.8,2020-04-23,62.8,2020-05-01,59.0,2020-05-16,75.3,0,0,0,1
2020-04-17,2020,4,17,5560,14128,11847,95.9,95.9,7.19,7.15,5000,27.2,2.73,77225.0,3069.0,3005.0,,,,,4.09,302.0,3.1,3.3,59.6,1,59.6,61.6,77.1,100.8,64.1,66.1,9.578622030334074,69.5,22.008710396870896,2020-04-18,41.7,2020-04-20,43.1,2020-04-24,42.5,2020-05-02,74.5,2020-05-17,61.4,0,0,0,1
2020-04-18,2020,4,18,5247,13713,0,95.2,95.7,7.14,7.1,0,45.3,,,5253.0,5263.0,,,,,3.8,209.6,3.24,,41.7,1,41.7,59.6,61.6,77.1,50.4,54.300000000000004,10.957645732546757,68.25714285714285,23.46457309384064,2020-04-19,35.8,2020-04-21,58.9,2020-04-25,45.6,2020-05-03,41.0,2020-05-18,55.7,0,0,0,1
2020-04-19,2020,4,19,5251,13781,0,95.8,95.1,7.17,7.1,0,45.1,,,5171.0,5197.0,,,,,3.39,305.0,3.24,,35.8,1,35.8,41.7,59.6,61.6,42.6,45.70000000000001,12.393950137062813,67.28571428571429,24.80621081983492,2020-04-20,43.1,2020-04-22,65.8,2020-04-26,43.7,2020-05-04,56.9,2020-05-19,101.7,0,0,0,1
2020-04-20,2020,4,20,5653,14057,7081,95.3,95.5,7.24,7.18,11900,32.0,,106600.0,5166.0,5274.0,,,,,3.61,181.0,3.48,1.85,43.1,1,43.1,35.8,41.7,59.6,94.4,40.199999999999996,3.8742741255619446,59.957142857142856,22.97062306097776,2020-04-21,58.9,2020-04-23,62.8,2020-04-27,85.7,2020-05-05,89.2,2020-05-20,98.7,0,0,0,1
2020-04-21,2020,4,21,5077,14364,5456,95.8,95.5,7.22,7.16,1700,34.5,7.28,173100.0,4809.0,4611.0,2245.0,2232.0,0.47,0.48,3.6,281.0,3.81,2.24,58.9,1,58.9,43.1,35.8,41.7,100.8,45.93333333333334,11.807765806168952,53.971428571428575,14.42263432776344,2020-04-22,65.8,2020-04-24,42.5,2020-04-28,89.3,2020-05-06,123.9,2020-05-21,78.0,0,0,0,1
2020-04-22,2020,4,22,5403,14196,11109,95.3,95.6,7.26,7.17,15000,27.9,3.91,95850.0,4949.0,4552.0,2274.0,1842.0,0.46,0.4,3.58,520.0,3.48,2.43,65.8,1,65.8,58.9,43.1,35.8,77.1,55.93333333333334,11.637153145565017,52.357142857142854,11.79560047120069,2020-04-23,62.8,2020-04-25,45.6,2020-04-29,81.7,2020-05-07,155.6,2020-05-22,62.9,0,0,0,1
2020-04-23,2020,4,23,6218,14329,0,95.6,95.4,7.27,7.21,2400,41.8,,92450.0,5027.0,4704.0,1876.0,1660.0,0.37,0.35,3.52,348.0,3.6,2.25,62.8,1,62.8,65.8,58.9,43.1,61.6,62.5,3.4597687784014246,52.528571428571425,11.959893294634657,2020-04-24,42.5,2020-04-26,43.7,2020-04-30,62.7,2020-05-08,186.3,2020-05-23,42.5,0,0,0,1
2020-04-24,2020,4,24,6219,15447,0,95.4,95.9,7.29,7.24,14500,39.6,,58650.0,4942.0,4784.0,2000.0,2183.0,0.4,0.46,4.04,409.0,3.73,2.92,42.5,1,42.5,62.8,65.8,58.9,59.6,57.03333333333333,12.675304072618298,50.08571428571428,12.02101334766588,2020-04-25,45.6,2020-04-27,85.7,2020-05-01,59.0,2020-05-09,204.8,2020-05-24,34.1,0,0,0,1
2020-04-25,2020,4,25,5746,18560,0,95.1,95.2,7.28,7.25,0,35.3,,,,,,,,,3.37,291.0,3.73,,45.6,1,45.6,42.5,62.8,65.8,41.7,50.300000000000004,10.935721283939163,50.642857142857146,11.652304084437114,2020-04-26,43.7,2020-04-28,89.3,2020-05-02,74.5,2020-05-10,202.7,2020-05-25,28.9,0,0,0,1
2020-04-26,2020,4,26,5814,13440,1590,95.6,95.6,7.24,7.22,0,41.2,,,,,,,,,3.09,286.0,3.72,,43.7,1,43.7,45.6,42.5,62.8,35.8,43.93333333333334,1.5631165450256053,51.771428571428565,10.276464094508075,2020-04-27,85.7,2020-04-29,81.7,2020-05-03,41.0,2020-05-11,120.0,2020-05-26,73.8,0,0,0,1
2020-04-27,2020,4,27,5799,13875,18439,95.3,95.6,7.18,7.18,22883,22.5,3.99,140475.0,5417.0,5470.0,1676.0,2266.0,0.31,0.41,3.26,168.0,3.6,3.23,85.7,1,85.7,43.7,45.6,42.5,43.1,58.333333333333336,23.71926080916803,57.857142857142854,15.547438925522645,2020-04-28,89.3,2020-04-30,62.7,2020-05-04,56.9,2020-05-12,75.3,2020-05-27,129.0,0,0,0,1
2020-04-28,2020,4,28,5955,14205,18409,95.3,95.6,7.21,7.19,6400,22.2,6.35,132550.0,5470.0,5242.0,1477.0,2050.0,0.27,0.39,3.43,437.0,3.31,1.78,89.3,1,89.3,85.7,43.7,45.6,58.9,72.89999999999999,25.35192300398537,62.199999999999996,19.60391117438898,2020-04-29,81.7,2020-05-01,59.0,2020-05-05,89.2,2020-05-13,111.9,2020-05-28,134.4,0,0,0,1
2020-04-29,2020,4,29,5349,14106,13744,95.7,95.6,7.25,7.23,14630,25.8,3.69,102125.0,5005.0,5075.0,2299.0,2548.0,0.46,0.5,3.4,420.0,3.19,3.0,81.7,1,81.7,89.3,85.7,43.7,65.8,85.56666666666666,3.8017539811693934,64.47142857142858,20.964471078924156,2020-04-30,62.7,2020-05-02,74.5,2020-05-06,123.9,2020-05-14,122.0,2020-05-29,89.7,0,0,0,1
2020-04-30,2020,4,30,6658,14173,6750,95.4,95.2,7.23,7.21,2541,31.1,,,5069.5585,5212.18675,2091.3,2307.1,0.41,0.44,3.24,409.0,3.8,2.92,62.7,1,62.7,81.7,89.3,85.7,62.8,77.89999999999999,13.701094846763272,64.45714285714287,20.965833884589237,2020-05-01,59.0,2020-05-03,41.0,2020-05-07,155.6,2020-05-15,118.8,2020-05-30,67.3,0,0,0,1
2020-05-01,2020,5,1,5720,13832,10304,95.8,95.5,7.2,7.15,12281,28.7,0.86,37575.0,5345.0,5297.0,2332.0,2224.0,0.44,0.42,3.08,196.0,3.0,2.69,59.0,1,59.0,62.7,81.7,89.3,42.5,67.8,12.179080425056815,66.81428571428572,18.912820041039936,2020-05-02,74.5,2020-05-04,56.9,2020-05-08,186.3,2020-05-16,75.3,2020-05-31,68.4,0,0,0,1
2020-05-02,2020,5,2,6102,13612,12681,95.2,95.8,7.1,7.09,6760,26.5,,,,,,,,,2.97,555.0,3.17,,74.5,1,74.5,59.0,62.7,81.7,45.6,65.39999999999999,8.095060222135587,70.94285714285715,16.512001407345828,2020-05-03,41.0,2020-05-05,89.2,2020-05-09,204.8,2020-05-17,61.4,2020-06-01,77.4,0,0,0,1
2020-05-03,2020,5,3,6173,13832,1,95.7,95.3,7.29,7.22,0,42.9,,,,,,,,,2.75,361.0,,,41.0,1,41.0,74.5,59.0,62.7,43.7,58.166666666666664,16.765540054926184,70.55714285714286,17.268647615728067,2020-05-04,56.9,2020-05-06,123.9,2020-05-10,202.7,2020-05-18,55.7,2020-06-02,54.5,0,0,0,1
2020-05-04,2020,5,4,6133,14104,11110,95.4,95.7,7.3,7.22,21760,27.4,4.54,,5302.0,5347.0,904.0,954.0,0.17,0.18,2.87,158.0,3.0,2.13,56.9,1,56.9,41.0,74.5,59.0,85.7,57.46666666666667,16.75718751262676,66.44285714285715,16.47198198384731,2020-05-05,89.2,2020-05-07,155.6,2020-05-11,120.0,2020-05-19,101.7,2020-06-03,39.6,0,0,0,1
2020-05-05,2020,5,5,5827,13716,14240,95.7,95.5,7.2,7.15,8408,25.4,5.19,101900.0,5242.0,5255.0,713.0,797.0,0.14,0.15,3.68,177.0,2.94,3.15,89.2,1,89.2,56.9,41.0,74.5,89.3,62.36666666666667,24.560605312844693,66.42857142857143,16.448881855181348,2020-05-06,123.9,2020-05-08,186.3,2020-05-12,75.3,2020-05-20,98.7,2020-06-04,64.8,0,0,0,1
2020-05-06,2020,5,6,5877,13866,19535,95.4,95.6,7.29,7.23,24960,21.8,1.16,179025.0,4874.0,4927.0,2141.0,2017.0,0.44,0.41,3.24,422.0,3.13,3.34,123.9,1,123.9,89.2,56.9,41.0,81.7,90.0,33.50716341321666,72.45714285714286,27.199072113024812,2020-05-07,155.6,2020-05-09,204.8,2020-05-13,111.9,2020-05-21,78.0,2020-06-05,62.2,0,0,0,1
2020-05-07,2020,5,7,7218,13788,29847,95.5,95.8,7.18,7.14,8931,16.9,1.73,36900.0,5207.0,4777.0,1477.0,2291.0,0.28,0.48,3.17,337.0,,,155.6,1,155.6,123.9,89.2,56.9,62.7,122.89999999999999,33.21129325997422,85.72857142857143,40.87247298144618,2020-05-08,186.3,2020-05-10,202.7,2020-05-14,122.0,2020-05-22,62.9,2020-06-06,59.0,0,0,0,1
2020-05-08,2020,5,8,5202,13548,22316,95.9,95.6,7.13,7.06,24328,20.9,9.27,,5257.0,5082.0,1560.0,1444.0,0.3,0.28,3.12,662.0,2.97,4.78,186.3,1,186.3,155.6,123.9,89.2,59.0,155.26666666666668,31.20133544150549,103.91428571428571,53.39867128719681,2020-05-09,204.8,2020-05-11,120.0,2020-05-15,118.8,2020-05-23,42.5,2020-06-07,61.8,0,0,0,1
2020-05-09,2020,5,9,4864,13690,18432,95.3,95.2,7.29,7.21,6576,23.2,,,,,,,,,2.72,844.0,2.85,,204.8,1,204.8,186.3,155.6,123.9,74.5,182.23333333333335,24.85082158266303,122.52857142857144,63.240011445437375,2020-05-10,202.7,2020-05-12,75.3,2020-05-16,75.3,2020-05-24,34.1,2020-06-08,81.1,0,0,0,1
2020-05-10,2020,5,10,5440,13679,7184,95.6,95.4,7.26,7.23,0,32.6,,,5103.0,4979.0,2125.0,1751.0,0.42,0.35,2.7,258.0,2.92,,202.7,1,202.7,204.8,186.3,155.6,41.0,197.9333333333333,10.129330349699925,145.62857142857143,57.79428213603013,2020-05-11,120.0,2020-05-13,111.9,2020-05-17,61.4,2020-05-25,28.9,2020-06-09,94.0,0,0,0,1
2020-05-11,2020,5,11,4752,12571,0,95.9,95.5,7.45,7.44,12688,49.5,7.65,,5873.0,5575.0,1245.0,2125.0,0.21,0.38,2.71,165.0,3.2,3.28,120.0,1,120.0,202.7,204.8,186.3,56.9,175.83333333333334,48.364484214486865,154.64285714285714,45.196491646397305,2020-05-12,75.3,2020-05-14,122.0,2020-05-18,55.7,2020-05-26,73.8,2020-06-10,130.3,0,0,0,1
2020-05-12,2020,5,12,4545,10067,10205,95.6,95.7,7.4,7.4,10547,34.6,4.74,,5843.0,5770.0,1535.0,2523.0,0.26,0.44,2.7,134.0,,3.74,75.3,1,75.3,120.0,202.7,204.8,89.2,132.66666666666666,64.6376309384351,152.65714285714284,48.71901945998977,2020-05-13,111.9,2020-05-15,118.8,2020-05-19,101.7,2020-05-27,129.0,2020-06-11,124.5,0,0,0,1
2020-05-13,2020,5,13,3597,17380,18430,95.5,95.6,7.34,7.33,13552,21.8,1.44,,5920.0,5402.0,1519.0,1884.0,0.26,0.35,2.7,364.0,1.88,3.23,111.9,1,111.9,75.3,120.0,202.7,123.9,102.39999999999999,23.816170976880475,150.94285714285712,50.09134513209704,2020-05-14,122.0,2020-05-16,75.3,2020-05-20,98.7,2020-05-28,134.4,2020-06-12,98.9,0,0,0,1
2020-05-14,2020,5,14,5003,15219,15684,95.1,95.9,7.44,7.4,8312,23.9,6.32,141625.0,5655.0,5845.0,2208.0,2158.0,0.39,0.37,3.82,330.0,1.38,3.3,122.0,1,122.0,111.9,75.3,120.0,155.6,103.06666666666666,24.571189090748888,146.14285714285714,51.16896380759396,2020-05-15,118.8,2020-05-17,61.4,2020-05-21,78.0,2020-05-29,89.7,2020-06-13,93.4,0,0,0,1
2020-05-15,2020,5,15,3430,16759,12579,95.8,95.7,7.41,7.42,19393,26.2,5.45,,5678.0,5472.0,2506.0,2681.0,0.44,0.49,4.38,315.0,1.39,4.34,118.8,1,118.8,122.0,111.9,75.3,186.3,117.56666666666666,5.1617180602334205,136.5,48.637639745365966,2020-05-16,75.3,2020-05-18,55.7,2020-05-22,62.9,2020-05-30,67.3,2020-06-14,100.3,0,0,0,1
2020-05-16,2020,5,16,3514,13250,5824,95.3,95.5,7.43,7.42,0,38.0,,,,,,,,,3.29,234.0,1.67,,75.3,1,75.3,118.8,122.0,111.9,204.8,105.36666666666667,26.087608808270215,118.0,42.58035540794214,2020-05-17,61.4,2020-05-19,101.7,2020-05-23,42.5,2020-05-31,68.4,2020-06-15,115.8,0,0,0,1
2020-05-17,2020,5,17,3993,13570,5821,95.4,95.7,7.44,7.43,0,36.7,,,5735.0,5818.0,2473.0,2498.0,0.43,0.43,3.74,366.0,1.75,,61.4,1,61.4,75.3,118.8,122.0,202.7,85.16666666666667,29.945005148327052,97.81428571428572,25.999194126705067,2020-05-18,55.7,2020-05-20,98.7,2020-05-24,34.1,2020-06-01,77.4,2020-06-16,74.7,0,0,0,1
2020-05-18,2020,5,18,3401,13691,8210,95.7,95.3,7.45,7.4,25027,33.9,4.28,1123025.0,5968.0,5750.0,2432.0,2855.0,0.41,0.5,3.45,74.8,1.97,4.1,55.7,1,55.7,61.4,75.3,118.8,120.0,64.13333333333334,10.081831844130797,88.62857142857142,28.126246004145557,2020-05-19,101.7,2020-05-21,78.0,2020-05-25,28.9,2020-06-02,54.5,2020-06-17,92.6,0,0,0,1
2020-05-19,2020,5,19,3439,14121,31414,95.2,95.8,7.46,7.34,11200,17.5,2.98,106550.0,5928.0,5820.0,2224.0,2930.0,0.38,0.5,3.39,409.0,2.1,2.63,101.7,1,101.7,55.7,61.4,75.3,75.3,72.93333333333334,25.07515370507889,92.39999999999999,27.809350945320528,2020-05-20,98.7,2020-05-22,62.9,2020-05-26,73.8,2020-06-03,39.6,2020-06-18,108.2,0,0,0,1
2020-05-20,2020,5,20,3525,14133,20494,95.7,95.6,7.5,7.4,24350,22.5,2.15,71175.0,6413.0,6283.0,1552.0,1452.0,0.24,0.23,3.31,618.0,2.27,2.88,98.7,1,98.7,101.7,55.7,61.4,111.9,85.36666666666667,25.735837529276836,90.51428571428572,26.691785788354967,2020-05-21,78.0,2020-05-23,42.5,2020-05-27,129.0,2020-06-04,64.8,2020-06-19,93.7,0,0,0,1
2020-05-21,2020,5,21,5451,14139,13432,95.2,95.4,7.59,7.45,1000,26.0,2.94,64550.0,6208.0,5537.0,1983.0,1793.0,0.32,0.32,3.28,376.0,2.44,2.91,78.0,1,78.0,98.7,101.7,55.7,122.0,92.8,12.904650324592382,84.22857142857143,22.96154134530999,2020-05-22,62.9,2020-05-24,34.1,2020-05-28,134.4,2020-06-05,62.2,2020-06-20,93.7,0,0,0,1
2020-05-22,2020,5,22,3952,14178,0,95.8,95.7,7.43,7.35,7200,47.3,7.24,198825.0,6706.0,5998.0,821.0,2606.0,0.12,0.43,3.07,430.0,2.29,3.4,62.9,1,62.9,78.0,98.7,101.7,118.8,79.86666666666666,17.972849894586368,76.24285714285715,18.15083626566159,2020-05-23,42.5,2020-05-25,28.9,2020-05-29,89.7,2020-06-06,59.0,2020-06-21,75.9,0,0,0,1
2020-05-23,2020,5,23,4420,13503,0,95.6,95.5,7.55,7.42,0,47.9,,,,,,,,,2.98,330.0,2.66,,42.5,1,42.5,62.9,78.0,98.7,75.3,61.133333333333326,17.815816942630768,71.55714285714286,22.213798800359555,2020-05-24,34.1,2020-05-26,73.8,2020-05-30,67.3,2020-06-07,61.8,2020-06-22,106.8,0,0,0,1
2020-05-24,2020,5,24,3815,13635,0,95.7,95.8,7.42,7.38,0,49.2,,,5645.0,5578.0,2133.0,2672.0,0.38,0.48,2.84,293.0,2.72,,34.1,1,34.1,42.5,62.9,78.0,61.4,46.5,14.81080686525867,67.65714285714286,26.31259882913232,2020-05-25,28.9,2020-05-27,129.0,2020-05-31,68.4,2020-06-08,81.1,2020-06-23,119.0,0,0,0,1
2020-05-25,2020,5,25,3797,13735,0,95.9,95.6,7.4,7.34,0,48.9,,,5658.0,5332.0,2656.0,2805.0,0.47,0.53,3.19,144.0,2.8,,28.9,1,28.9,34.1,42.5,62.9,55.7,35.16666666666666,6.8624582573101724,63.82857142857143,30.02958065450985,2020-05-26,73.8,2020-05-28,134.4,2020-06-01,77.4,2020-06-09,94.0,2020-06-24,140.0,0,0,0,1
2020-05-26,2020,5,26,4966,15362,13082,95.8,95.5,7.28,7.26,15000,25.7,7.56,,5718.0,5332.0,2697.0,2789.0,0.47,0.52,3.71,138.0,2.99,4.52,73.8,1,73.8,28.9,34.1,42.5,101.7,45.599999999999994,24.559926709988233,59.84285714285714,25.70550246820425,2020-05-27,129.0,2020-05-29,89.7,2020-06-02,54.5,2020-06-10,130.3,2020-06-25,155.6,0,0,0,1
2020-05-27,2020,5,27,4795,16665,18374,95.7,95.4,7.29,7.24,16500,21.5,7.44,230900.0,5600.0,5212.0,1660.0,2058.0,0.3,0.39,3.46,148.0,3.2,0.41,129.0,1,129.0,73.8,28.9,34.1,98.7,77.23333333333333,50.138242224207794,64.17142857142858,34.41490540864107,2020-05-28,134.4,2020-05-30,67.3,2020-06-03,39.6,2020-06-11,124.5,2020-06-26,132.4,0,0,0,1
2020-05-28,2020,5,28,6814,12580,14100,95.1,95.5,7.3,7.31,15735,25.6,5.66,184250.0,5317.0,5080.0,1975.0,2042.0,0.37,0.4,4.13,185.0,3.21,4.69,134.4,1,134.4,129.0,73.8,28.9,78.0,112.39999999999999,33.53744176290147,72.22857142857143,43.575058396813574,2020-05-29,89.7,2020-05-31,68.4,2020-06-04,64.8,2020-06-12,98.9,2020-06-27,73.6,0,0,0,1
2020-05-29,2020,5,29,5178,12624,9438,95.6,95.9,7.4,7.36,17997,31.5,5.2,116750.0,5535.0,5272.0,1817.0,2050.0,0.33,0.39,3.86,196.0,3.31,5.29,89.7,1,89.7,134.4,129.0,73.8,62.9,117.69999999999999,24.398565531604692,76.05714285714285,43.79561839358122,2020-05-30,67.3,2020-06-01,77.4,2020-06-05,62.2,2020-06-13,93.4,2020-06-28,57.0,0,0,0,1
2020-05-30,2020,5,30,4879,9738,8345,95.2,95.1,7.39,7.38,0,37.4,,,,,,,,,3.44,178.0,3.34,,67.3,1,67.3,89.7,134.4,129.0,42.5,97.13333333333333,34.16201594363743,79.60000000000001,41.575393363542965,2020-05-31,68.4,2020-06-02,54.5,2020-06-06,59.0,2020-06-14,100.3,2020-06-29,75.4,0,0,0,1
2020-05-31,2020,5,31,4836,9376,8345,95.1,95.8,7.32,7.3,0,38.0,,,5955.0,5845.0,2158.0,2299.0,0.36,0.39,3.21,103.0,3.18,,68.4,1,68.4,67.3,89.7,134.4,34.1,75.13333333333333,12.62708728620076,84.5,37.09941598821558,2020-06-01,77.4,2020-06-03,39.6,2020-06-07,61.8,2020-06-15,115.8,2020-06-30,87.4,0,0,0,1
2020-06-01,2020,6,1,4630,11200,9438,95.2,95.7,7.45,7.39,10000,34.0,6.38,,6068.0,5900.0,1950.0,2755.0,0.32,0.47,3.3,110.0,3.11,2.63,77.4,1,77.4,68.4,67.3,89.7,28.9,71.03333333333333,5.541058863911491,91.42857142857143,28.522547471881154,2020-06-02,54.5,2020-06-04,64.8,2020-06-08,81.1,2020-06-16,74.7,2020-07-01,78.1,0,0,0,1
2020-06-02,2020,6,2,6977,9819,6679,95.2,95.3,7.43,7.39,0,36.5,6.34,,6293.0,5950.0,1718.0,2000.0,0.27,0.34,3.43,249.0,3.17,3.85,54.5,1,54.5,77.4,68.4,67.3,73.8,66.76666666666667,11.537041792995785,88.67142857142858,31.307491876850296,2020-06-03,39.6,2020-06-05,62.2,2020-06-09,94.0,2020-06-17,92.6,2020-07-02,105.3,0,0,0,1
2020-06-03,2020,6,3,5094,11628,6425,95.4,95.4,7.45,7.37,7000,37.1,7.64,63350.0,6055.0,5768.0,1627.0,1834.0,0.27,0.32,3.79,265.0,2.95,1.9,39.6,1,39.6,54.5,77.4,68.4,129.0,57.16666666666666,19.040570719737616,75.9,30.333699631487953,2020-06-04,64.8,2020-06-06,59.0,2020-06-10,130.3,2020-06-18,108.2,2020-07-03,71.3,0,0,0,1
2020-06-04,2020,6,4,6456,15306,7370,95.2,95.7,7.47,7.38,0,29.5,,142375.0,6080.0,5945.0,1992.0,1950.0,0.33,0.33,3.55,307.0,2.91,1.83,64.8,1,64.8,39.6,54.5,77.4,134.4,52.96666666666666,12.669780319063484,65.95714285714287,15.967347634350197,2020-06-05,62.2,2020-06-07,61.8,2020-06-11,124.5,2020-06-19,93.7,2020-07-04,62.7,0,0,0,1
2020-06-05,2020,6,5,6174,9154,6121,95.3,95.5,7.46,7.41,5000,40.0,9.0,85975.0,5888.0,5680.0,1967.0,2614.0,0.33,0.46,3.55,517.0,3.5,3.5,62.2,1,62.2,64.8,39.6,54.5,89.7,55.533333333333324,13.859773927930028,62.02857142857143,12.056079280555755,2020-06-06,59.0,2020-06-08,81.1,2020-06-12,98.9,2020-06-20,93.7,2020-07-05,78.3,0,0,0,1
2020-06-06,2020,6,6,6280,5299,5662,95.4,95.3,7.34,7.34,0,49.8,9.65,,,,,,,,3.4,447.0,3.15,,59.0,1,59.0,62.2,64.8,39.6,67.3,62.0,2.9051678092662647,60.84285714285715,11.857748119950458,2020-06-07,61.8,2020-06-09,94.0,2020-06-13,93.4,2020-06-21,75.9,2020-07-06,109.6,0,0,0,1
2020-06-07,2020,6,7,6153,7973,6390,95.7,95.3,7.39,7.34,0,41.8,,,6020.0,5675.0,1726.0,1942.0,0.29,0.34,3.274,464.0,3.1,,61.8,1,61.8,59.0,62.2,64.8,68.4,60.99999999999999,1.7435595774153427,59.89999999999999,11.410667523564578,2020-06-08,81.1,2020-06-10,130.3,2020-06-14,100.3,2020-06-22,106.8,2020-07-07,141.8,0,0,0,1
2020-06-08,2020,6,8,7019,13904,8669,95.2,95.6,7.34,7.31,14500,29.0,,,5730.0,5570.0,1942.0,1859.0,0.34,0.33,3.41,180.0,3.3,3.53,81.1,1,81.1,61.8,59.0,62.2,77.4,67.3,12.032871643959218,60.42857142857143,12.399289534178116,2020-06-09,94.0,2020-06-11,124.5,2020-06-15,115.8,2020-06-23,119.0,2020-07-08,152.0,0,0,0,1
2020-06-09,2020,6,9,7336,16963,12210,95.3,95.6,7.32,7.31,8758,23.5,11.32,168175.0,6151.0,5953.0,1519.0,1759.0,0.25,0.3,4.22,309.0,3.23,4.18,94.0,1,94.0,81.1,61.8,59.0,54.5,78.96666666666665,16.20565744835221,66.07142857142857,17.27934357218794,2020-06-10,130.3,2020-06-12,98.9,2020-06-16,74.7,2020-06-24,140.0,2020-07-09,143.9,0,0,0,1
2020-06-10,2020,6,10,7824,15807,15649,95.9,95.5,7.36,7.33,20000,21.8,14.4,186550.0,6075.0,5750.0,2133.0,2241.0,0.35,0.39,4.08,344.0,3.14,4.47,130.3,1,130.3,94.0,81.1,61.8,39.6,101.8,25.51058603795697,79.02857142857144,25.951282196050492,2020-06-11,124.5,2020-06-13,93.4,2020-06-17,92.6,2020-06-25,155.6,2020-07-10,158.5,0,0,0,1
2020-06-11,2020,6,11,8062,10500,13609,95.5,95.4,7.4,7.37,7700,26.7,8.76,250475.0,6095.0,6080.0,1934.0,2042.0,0.32,0.34,3.58,197.0,3.27,5.54,124.5,1,124.5,130.3,94.0,81.1,64.8,116.26666666666667,19.50034187734514,87.55714285714286,29.99126857063887,2020-06-12,98.9,2020-06-14,100.3,2020-06-18,108.2,2020-06-26,132.4,2020-07-11,120.8,0,0,0,1
2020-06-12,2020,6,12,6921,9462,7823,95.6,95.8,7.41,7.39,10277,35.4,9.14,143575.0,6406.0,6511.0,1983.0,1817.0,0.31,0.28,3.43,266.0,3.17,3.64,98.9,1,98.9,124.5,130.3,94.0,62.2,117.90000000000002,16.708081876744785,92.8,27.958659958350424,2020-06-13,93.4,2020-06-15,115.8,2020-06-19,93.7,2020-06-27,73.6,2020-07-12,94.6,0,0,0,1
2020-06-13,2020,6,13,6413,8019,7653,95.7,95.0,7.38,7.35,0,38.8,,,,,,,,,3.28,355.0,3.5,,93.4,1,93.4,98.9,124.5,130.3,59.0,105.60000000000001,16.59728893524498,97.71428571428571,23.73109272462528,2020-06-14,100.3,2020-06-16,74.7,2020-06-20,93.7,2020-06-28,57.0,2020-07-13,124.8,0,0,0,1
2020-06-14,2020,6,14,6928,7913,7801,95.7,95.9,7.42,7.32,0,37.9,,,6023.0,6131.0,2797.0,2647.0,0.46,0.43,3.25,373.0,2.99,,100.3,1,100.3,93.4,98.9,124.5,61.8,97.53333333333335,3.6473734842126433,103.21428571428571,17.720461673014146,2020-06-15,115.8,2020-06-17,92.6,2020-06-21,75.9,2020-06-29,75.4,2020-07-14,141.1,0,0,0,1
2020-06-15,2020,6,15,6255,11245,10059,95.9,95.6,7.39,7.31,17300,31.1,9.52,187150.0,6331.0,6423.0,2083.0,2822.0,0.33,0.44,3.25,279.0,2.99,2.83,115.8,1,115.8,100.3,93.4,98.9,81.1,103.16666666666667,11.47184960384935,108.17142857142858,15.173630007979286,2020-06-16,74.7,2020-06-18,108.2,2020-06-22,106.8,2020-06-30,87.4,2020-07-15,164.8,0,0,0,1
2020-06-16,2020,6,16,2477,2183,2437,95.6,95.8,7.38,7.35,4000,120.9,9.26,25810.0,6418.0,6253.0,2581.0,2631.0,0.4,0.42,3.33,254.0,,3.19,74.7,1,74.7,115.8,100.3,93.4,94.0,96.93333333333334,20.755802401577668,105.41428571428571,19.355139590595314,2020-06-17,92.6,2020-06-19,93.7,2020-06-23,119.0,2020-07-01,78.1,2020-07-16,163.2,0,0,0,1
2020-06-17,2020,6,17,4076,11870,16062,95.5,95.6,7.47,7.41,14600,26.8,6.67,105125.0,6213.0,5800.0,2564.0,2755.0,0.41,0.48,3.45,477.0,3.21,,92.6,1,92.6,74.7,115.8,100.3,130.3,94.36666666666666,20.606875875137813,100.02857142857142,16.276743561056122,2020-06-18,108.2,2020-06-20,93.7,2020-06-24,140.0,2020-07-02,105.3,2020-07-17,172.1,0,0,0,1
2020-06-18,2020,6,18,8440,7261,9764,95.8,95.2,7.35,7.33,2400,33.7,5.55,63400.0,6308.0,6040.0,2639.0,1502.0,0.42,0.25,3.35,438.0,3.18,3.74,108.2,1,108.2,92.6,74.7,115.8,124.5,91.83333333333333,16.76315403894316,97.70000000000002,13.035592302103788,2020-06-19,93.7,2020-06-21,75.9,2020-06-25,155.6,2020-07-03,71.3,2020-07-18,140.3,0,0,0,1
2020-06-19,2020,6,19,6792,16248,10784,95.3,95.3,7.4,7.41,22300,25.4,2.63,,6501.0,6396.0,2614.0,1809.0,0.4,0.28,3.74,377.0,3.15,4.48,93.7,1,93.7,108.2,92.6,74.7,98.9,98.16666666666667,8.706510973595428,96.95714285714284,13.103798068099364,2020-06-20,93.7,2020-06-22,106.8,2020-06-26,132.4,2020-07-04,62.7,2020-07-19,120.5,0,0,0,1
2020-06-20,2020,6,20,8071,8672,9987,95.2,95.5,7.26,7.36,0,32.1,,,,,,,,,3.33,307.0,3.33,,93.7,1,93.7,93.7,108.2,92.6,93.4,98.53333333333335,8.371578903249832,97.0,13.09070917355769,2020-06-21,75.9,2020-06-23,119.0,2020-06-27,73.6,2020-07-05,78.3,2020-07-20,148.4,0,0,0,1
2020-06-21,2020,6,21,7867,662,9986,95.4,95.8,7.39,7.41,0,46.3,,,6413.0,6276.0,2274.0,1950.0,0.35,0.31,3.64,170.0,3.35,,75.9,1,75.9,93.7,93.7,108.2,100.3,87.76666666666667,10.276834791575446,93.51428571428572,15.15183471524474,2020-06-22,106.8,2020-06-24,140.0,2020-06-28,57.0,2020-07-06,109.6,2020-07-21,171.1,0,0,0,1
2020-06-22,2020,6,22,7644,25169,20991,95.3,95.3,7.43,7.38,25000,15.9,7.61,135675.0,6518.0,6568.0,2042.0,1876.0,0.31,0.29,4.61,183.0,3.22,5.5,106.8,1,106.8,75.9,93.7,93.7,115.8,92.13333333333334,15.509459479083606,92.22857142857143,13.201983977886858,2020-06-23,119.0,2020-06-25,155.6,2020-06-29,75.4,2020-07-07,141.8,2020-07-22,156.7,0,0,0,1
2020-06-23,2020,6,23,7546,9033,16370,95.8,95.9,7.41,7.38,6080,26.0,1.13,151000.0,6964.0,6954.0,1900.0,2091.0,0.27,0.3,3.61,161.0,3.2,4.61,119.0,1,119.0,106.8,75.9,93.7,74.7,100.56666666666666,22.21583519324308,98.55714285714286,13.99319562535752,2020-06-24,140.0,2020-06-26,132.4,2020-06-30,87.4,2020-07-08,152.0,2020-07-23,163.6,0,0,0,1
2020-06-24,2020,6,24,7543,8063,22129,95.5,95.8,7.45,7.43,27000,22.7,3.29,133550.0,6784.0,6671.0,1784.0,1809.0,0.26,0.27,3.44,528.0,3.12,3.82,140.0,1,140.0,119.0,106.8,75.9,92.6,121.93333333333332,16.793252613277218,105.32857142857142,20.558511156024473,2020-06-25,155.6,2020-06-27,73.6,2020-07-01,78.1,2020-07-09,143.9,2020-07-24,163.2,0,0,0,1
2020-06-25,2020,6,25,8375,7266,25938,95.3,95.6,7.46,7.45,22400,20.6,5.86,95525.0,7129.0,7056.0,1892.0,2241.0,0.27,0.32,3.48,522.0,3.18,4.8,155.6,1,155.6,140.0,119.0,106.8,108.2,138.2,18.36627343801709,112.1,28.08890646975544,2020-06-26,132.4,2020-06-28,57.0,2020-07-02,105.3,2020-07-10,158.5,2020-07-25,121.5,0,0,0,1
2020-06-26,2020,6,26,6488,8293,19584,95.5,95.9,7.52,7.47,24657,25.0,4.95,129775.0,7467.0,7537.0,1784.0,2332.0,0.24,0.31,3.52,482.0,3.29,3.59,132.4,1,132.4,155.6,140.0,119.0,93.7,142.66666666666666,11.827651217944595,117.62857142857145,27.66915938282882,2020-06-27,73.6,2020-06-29,75.4,2020-07-03,71.3,2020-07-11,120.8,2020-07-26,88.9,0,0,0,1
2020-06-27,2020,6,27,7171,6012,7010,95.6,95.8,7.37,7.36,0,42.5,,,,,,,,,3.36,472.0,3.29,,73.6,1,73.6,132.4,155.6,140.0,93.7,120.53333333333332,42.268349072720376,114.75714285714285,31.36270912739406,2020-06-28,57.0,2020-06-30,87.4,2020-07-04,62.7,2020-07-12,94.6,2020-07-27,116.6,0,0,0,1
2020-06-28,2020,6,28,6766,6103,5196,95.1,95.9,7.46,7.42,0,47.5,,,7362.0,7377.0,1983.0,1676.0,0.27,0.23,3.15,221.0,3.2,,57.0,1,57.0,73.6,132.4,155.6,75.9,87.66666666666667,39.619355539096475,112.05714285714285,35.76939367405501,2020-06-29,75.4,2020-07-01,78.1,2020-07-05,78.3,2020-07-13,124.8,2020-07-28,156.7,0,0,0,1
2020-06-29,2020,6,29,6949,17749,12378,95.5,95.4,7.55,7.45,21561,23.1,5.13,109950.0,7359.0,7334.0,1959.0,1693.0,0.27,0.23,3.14,156.8,3.28,4.61,75.4,1,75.4,57.0,73.6,132.4,106.8,68.66666666666666,10.14363511436258,107.57142857142857,38.40996894408685,2020-06-30,87.4,2020-07-02,105.3,2020-07-06,109.6,2020-07-14,141.1,2020-07-29,148.1,0,0,0,1
2020-06-30,2020,6,30,5694,10256,10758,95.5,95.4,7.44,7.39,263,32.1,7.14,126825.0,7267.0,7204.0,1917.0,1751.0,0.26,0.24,3.18,131.0,3.35,4.52,87.4,1,87.4,75.4,57.0,73.6,119.0,73.26666666666667,15.31186903461922,103.05714285714285,38.698787971668985,2020-07-01,78.1,2020-07-03,71.3,2020-07-07,141.8,2020-07-15,164.8,2020-07-30,129.8,0,0,0,1
2020-07-01,2020,7,1,5728,10308,11753,95.6,95.3,7.52,7.41,15000,30.9,8.64,152275.0,7269.0,7262.0,1876.0,2224.0,0.26,0.31,3.41,151.0,3.24,4.87,78.1,1,78.1,87.4,75.4,57.0,140.0,80.3,6.295236294214812,94.21428571428571,35.8150074955285,2020-07-02,105.3,2020-07-04,62.7,2020-07-08,152.0,2020-07-16,163.2,2020-07-31,196.2,0,0,0,1
2020-07-02,2020,7,2,5597,10957,10029,96.0,95.3,7.43,7.37,9700,32.3,13.28,,6959.0,6528.0,1726.0,2448.0,0.25,0.38,3.11,141.0,3.13,4.75,105.3,1,105.3,78.1,87.4,75.4,155.6,90.26666666666665,13.824736284404691,87.02857142857144,24.797628534849473,2020-07-03,71.3,2020-07-05,78.3,2020-07-09,143.9,2020-07-17,172.1,2020-08-01,98.6,0,0,0,1
2020-07-03,2020,7,3,5123,9110,3640,95.4,95.3,7.44,7.41,0,48.0,,,6861.0,6601.0,1801.0,2282.0,0.26,0.35,2.95,152.0,3.38,,71.3,1,71.3,105.3,78.1,87.4,132.4,84.89999999999999,17.991108915239234,78.3,14.972419087553359,2020-07-04,62.7,2020-07-06,109.6,2020-07-10,158.5,2020-07-18,140.3,2020-08-02,100.3,0,0,0,1
2020-07-04,2020,7,4,5557,8994,4918,95.8,95.6,7.49,7.49,0,44.1,,,,,,,,,2.76,168.0,3.12,,62.7,1,62.7,71.3,105.3,78.1,73.6,79.76666666666665,22.526724869215506,76.74285714285713,16.069314146622926,2020-07-05,78.3,2020-07-07,141.8,2020-07-11,120.8,2020-07-19,120.5,2020-08-03,133.0,0,0,0,1
2020-07-05,2020,7,5,5606,9091,3368,95.3,95.9,7.51,7.45,0,47.5,,,6536.0,6651.0,2324.0,2714.0,0.36,0.41,2.8,162.0,2.97,,78.3,1,78.3,62.7,71.3,105.3,57.0,70.76666666666665,7.813663246731955,79.78571428571429,13.52262654115048,2020-07-06,109.6,2020-07-08,152.0,2020-07-12,94.6,2020-07-20,148.4,2020-08-04,138.1,0,0,0,1
2020-07-06,2020,7,6,5669,9433,13042,95.5,95.1,7.53,7.47,16500,30.5,11.24,,6809.0,6709.0,2108.0,1776.0,0.31,0.26,3.13,185.0,2.87,3.73,109.6,1,109.6,78.3,62.7,71.3,75.4,83.53333333333332,23.883955562957603,84.67142857142858,17.319229610052336,2020-07-07,141.8,2020-07-09,143.9,2020-07-13,124.8,2020-07-21,171.1,2020-08-05,153.2,0,0,0,1
2020-07-07,2020,7,7,4862,9038,17353,95.2,95.3,7.44,7.38,10698,27.5,6.83,294150.0,7141.0,6951.0,2780.0,3175.0,0.39,0.46,3.31,726.0,3.17,3.67,141.8,1,141.8,109.6,78.3,62.7,87.4,109.89999999999999,31.75106297433219,92.44285714285715,27.788478256455928,2020-07-08,152.0,2020-07-10,158.5,2020-07-14,141.1,2020-07-22,156.7,2020-08-06,149.4,0,0,0,1
2020-07-08,2020,7,8,5492,8449,20289,95.8,95.6,7.4,7.34,25453,25.1,8.22,166475.0,7322.0,7179.0,2374.0,2606.0,0.32,0.36,3.19,578.0,3.25,3.23,152.0,1,152.0,141.8,109.6,78.3,78.1,134.46666666666667,22.1308231508308,103.0,34.62744576199638,2020-07-09,143.9,2020-07-11,120.8,2020-07-15,164.8,2020-07-23,163.6,2020-08-07,161.7,0,0,0,1
2020-07-09,2020,7,9,7442,13965,18238,95.4,95.9,7.48,7.4,9238,21.6,1.12,123700.0,7442.0,7284.0,2606.0,2183.0,0.35,0.3,4.25,542.0,2.89,3.48,143.9,1,143.9,152.0,141.8,109.6,105.3,145.89999999999998,5.3860932037997555,108.51428571428572,37.967153724038404,2020-07-10,158.5,2020-07-12,94.6,2020-07-16,163.2,2020-07-24,163.2,2020-08-08,140.6,0,0,0,1
2020-07-10,2020,7,10,5383,22918,20023,95.5,95.8,7.46,7.43,26859,17.8,5.56,,6318.0,6238.0,1909.0,2058.0,0.3,0.33,3.66,426.0,3.1,4.3,158.5,1,158.5,143.9,152.0,141.8,71.3,151.46666666666667,7.314597277591753,120.97142857142856,38.02725839384669,2020-07-11,120.8,2020-07-13,124.8,2020-07-17,172.1,2020-07-25,121.5,2020-08-09,134.8,0,0,0,1
2020-07-11,2020,7,11,5035,5910,9632,95.6,95.9,7.43,7.41,0,41.7,,,,,,,,,3.84,717.0,3.1,,120.8,1,120.8,158.5,143.9,152.0,62.7,141.06666666666666,19.00903294050884,129.27142857142857,28.280365054557745,2020-07-12,94.6,2020-07-14,141.1,2020-07-18,140.3,2020-07-26,88.9,2020-08-10,114.3,0,0,0,1
2020-07-12,2020,7,12,5109,5478,9962,95.8,95.6,7.4,7.4,0,41.8,,,7066.0,6661.0,2365.0,2540.0,0.33,0.38,3.51,434.0,3.15,,94.6,1,94.6,120.8,158.5,143.9,78.3,124.63333333333333,32.1220069941675,131.6,23.68100504623914,2020-07-13,124.8,2020-07-15,164.8,2020-07-19,120.5,2020-07-27,116.6,2020-08-11,109.2,0,0,0,1
2020-07-13,2020,7,13,6146,14320,22793,95.5,95.4,7.36,7.34,30480,19.8,7.79,,6984.0,6633.0,2241.0,2664.0,0.32,0.4,3.36,363.0,3.8,2.95,124.8,1,124.8,94.6,120.8,158.5,109.6,113.39999999999998,16.403658128600746,133.77142857142857,21.961990975752894,2020-07-14,141.1,2020-07-16,163.2,2020-07-20,148.4,2020-07-28,156.7,2020-08-12,152.4,0,0,0,1
2020-07-14,2020,7,14,6742,9293,18307,95.7,95.4,7.44,7.45,7733,25.0,8.96,,7006.0,6936.0,2332.0,1900.0,0.33,0.27,3.45,284.0,3.33,3.38,141.1,1,141.1,124.8,94.6,120.8,141.8,120.16666666666664,23.593713852069676,133.67142857142858,21.920896749123155,2020-07-15,164.8,2020-07-17,172.1,2020-07-21,171.1,2020-07-29,148.1,2020-08-13,154.3,0,0,0,1
2020-07-15,2020,7,15,6362,9623,26365,95.3,95.6,7.4,7.38,37407,20.3,8.39,,7339.0,7234.0,1842.0,2116.0,0.25,0.29,4.49,757.0,3.2,3.92,164.8,1,164.8,141.1,124.8,94.6,152.0,143.56666666666666,20.113759801025534,135.5,24.127439427617208,2020-07-16,163.2,2020-07-18,140.3,2020-07-22,156.7,2020-07-30,129.8,2020-08-14,137.3,0,0,0,1
2020-07-16,2020,7,16,6949,11227,23174,95.7,95.3,7.37,7.44,15750,20.7,5.29,,7707.0,7014.0,2042.0,3278.0,0.26,0.47,3.73,330.0,3.25,4.25,163.2,1,163.2,164.8,141.1,124.8,143.9,156.36666666666665,13.24550238131245,138.25714285714284,26.25616480897762,2020-07-17,172.1,2020-07-19,120.5,2020-07-23,163.6,2020-07-31,196.2,2020-08-15,124.9,0,0,0,1
2020-07-17,2020,7,17,7450,9947,16516,95.4,95.4,7.38,7.31,13666,25.3,8.68,87625.0,7482.0,7031.0,1950.0,2797.0,0.26,0.4,3.58,471.0,2.88,3.79,172.1,1,172.1,163.2,164.8,141.1,158.5,166.70000000000002,4.744470465712969,140.2,28.417893424155682,2020-07-18,140.3,2020-07-20,148.4,2020-07-24,163.2,2020-08-01,98.6,2020-08-16,122.6,0,0,0,1
2020-07-18,2020,7,18,7868,8279,8343,95.1,95.3,7.45,7.36,0,35.0,,4457.0,,,,,,,3.49,528.0,3.21,,140.3,1,140.3,172.1,163.2,164.8,120.8,158.5333333333333,16.40558847872743,142.9857142857143,27.125598523131234,2020-07-19,120.5,2020-07-21,171.1,2020-07-25,121.5,2020-08-02,100.3,2020-08-17,139.9,0,0,0,1
2020-07-19,2020,7,19,7496,8511,8333,95.7,95.1,7.43,7.46,0,35.3,,,8595.0,8565.0,2257.0,2241.0,0.26,0.26,3.19,603.0,3.39,,120.5,1,120.5,140.3,172.1,163.2,94.6,144.29999999999998,26.03151935634989,146.68571428571428,20.344485622352305,2020-07-20,148.4,2020-07-22,156.7,2020-07-26,88.9,2020-08-03,133.0,2020-08-18,140.0,0,0,0,1
2020-07-20,2020,7,20,8355,8854,22116,95.3,95.2,7.4,7.42,25300,21.8,1.43,186600.0,8610.0,8455.0,2249.0,2299.0,0.26,0.27,3.31,349.0,3.25,3.54,148.4,1,148.4,120.5,140.3,172.1,124.8,136.4,14.353048456687457,150.05714285714288,17.92473683143479,2020-07-21,171.1,2020-07-23,163.6,2020-07-27,116.6,2020-08-04,138.1,2020-08-19,136.5,0,0,0,1
2020-07-21,2020,7,21,7732,8846,27696,95.5,95.7,7.35,7.32,30742,19.4,7.68,171750.0,7792.0,7682.0,3502.0,3287.0,0.45,0.43,3.75,330.0,3.45,4.4,171.1,1,171.1,148.4,120.5,140.3,141.1,146.66666666666666,25.344493155976757,154.34285714285716,18.9814696605978,2020-07-22,156.7,2020-07-24,163.2,2020-07-28,156.7,2020-08-05,153.2,2020-08-20,119.7,0,0,0,1
2020-07-22,2020,7,22,7326,10351,30997,95.5,95.9,7.42,7.4,21559,17.6,6.47,134200.0,7339.0,7091.0,2614.0,3162.0,0.36,0.45,3.41,488.0,3.55,4.35,156.7,1,156.7,171.1,148.4,120.5,164.8,158.73333333333332,11.485788320065538,153.18571428571428,18.477953401412346,2020-07-23,163.6,2020-07-25,121.5,2020-07-29,148.1,2020-08-06,149.4,2020-08-21,95.6,0,0,0,1
2020-07-23,2020,7,23,11393,9726,29713,95.5,95.0,7.4,7.32,30917,16.9,4.16,,7837.0,7907.0,2921.0,2971.0,0.37,0.38,3.3,500.0,3.31,3.57,163.6,1,163.6,156.7,171.1,148.4,163.2,163.79999999999998,7.20208303201382,153.2428571428571,18.51466600138553,2020-07-24,163.2,2020-07-26,88.9,2020-07-30,129.8,2020-08-07,161.7,2020-08-22,63.3,0,0,0,1
2020-07-24,2020,7,24,7709,9622,10183,95.4,95.4,7.39,7.32,27849,31.2,4.57,,7111.0,6528.0,2639.0,3137.0,0.37,0.48,3.25,478.0,3.37,3.43,163.2,1,163.2,163.6,156.7,171.1,172.1,161.16666666666666,3.873413653788397,151.97142857142856,17.26747561995437,2020-07-25,121.5,2020-07-27,116.6,2020-07-31,196.2,2020-08-08,140.6,2020-08-23,58.6,0,0,0,1
2020-07-25,2020,7,25,7401,6534,8349,95.4,95.5,7.63,7.54,0,38.5,,,,,,,,,3.11,475.0,3.38,,121.5,1,121.5,163.2,163.6,156.7,140.3,149.4333333333333,24.191803019480638,149.28571428571428,20.537723711212493,2020-07-26,88.9,2020-07-28,156.7,2020-08-01,98.6,2020-08-09,134.8,2020-08-24,88.7,0,0,0,1
2020-07-26,2020,7,26,8003,10361,8344,95.6,95.9,7.7,7.6,0,32.1,,,7787.0,7422.0,2166.0,2971.0,0.28,0.4,3.08,493.0,3.45,,88.9,1,88.9,121.5,163.2,163.6,120.5,124.5333333333333,37.24276216036276,144.77142857142857,29.456052818038142,2020-07-27,116.6,2020-07-29,148.1,2020-08-02,100.3,2020-08-10,114.3,2020-08-25,117.7,0,0,0,1
2020-07-27,2020,7,27,7194,13575,28792,95.4,95.3,7.55,7.5,24366,17.3,7.25,,7494.0,7687.0,1386.0,1710.0,0.18,0.22,3.2,434.0,3.47,3.68,116.6,1,116.6,88.9,121.5,163.2,148.4,109.0,17.578680269008036,140.22857142857143,31.203510181052604,2020-07-28,156.7,2020-07-30,129.8,2020-08-03,133.0,2020-08-11,109.2,2020-08-26,138.9,0,0,0,1
2020-07-28,2020,7,28,7624,13348,39352,95.6,95.2,7.41,7.4,35368,14.2,5.78,,7837.0,7632.0,1909.0,2083.0,0.24,0.27,3.14,332.0,2.72,3.1,156.7,1,156.7,116.6,88.9,121.5,171.1,120.7333333333333,34.08846334661255,138.17142857142855,29.24207666392819,2020-07-29,148.1,2020-07-31,196.2,2020-08-04,138.1,2020-08-12,152.4,2020-08-27,142.3,0,0,0,1
2020-07-29,2020,7,29,6694,13446,27439,95.2,95.1,7.34,7.27,28311,18.0,4.76,,6799.0,6413.0,1967.0,3132.0,0.29,0.49,3.22,503.0,3.49,2.8,148.1,1,148.1,156.7,116.6,88.9,156.7,140.46666666666667,21.111687126645055,136.94285714285715,28.505254319327346,2020-07-30,129.8,2020-08-01,98.6,2020-08-05,153.2,2020-08-13,154.3,2020-08-28,142.6,0,0,0,1
2020-07-30,2020,7,30,8887,13378,13551,95.5,95.6,7.43,7.38,6518,24.0,6.26,,7109.0,7064.0,2490.0,2315.0,0.35,0.33,3.32,742.0,3.71,2.95,129.8,1,129.8,148.1,156.7,116.6,163.6,144.86666666666665,13.738389037050558,132.1142857142857,25.988807114565734,2020-07-31,196.2,2020-08-02,100.3,2020-08-06,149.4,2020-08-14,137.3,2020-08-29,103.9,0,0,0,1
2020-07-31,2020,7,31,6263,11758,18799,95.4,95.9,7.46,7.43,37905,23.3,4.15,,7337.0,7166.0,2299.0,2125.0,0.31,0.3,3.16,689.0,3.62,3.17,196.2,1,196.2,129.8,148.1,156.7,163.2,158.03333333333333,34.29640408750388,136.82857142857142,34.248100399181084,2020-08-01,98.6,2020-08-03,133.0,2020-08-07,161.7,2020-08-15,124.9,2020-08-30,90.7,0,0,0,1
2020-08-01,2020,8,1,6294,12079,9181,95.8,95.3,7.4,7.38,0,31.1,,,,,,,,,2.9,656.0,3.67,,98.6,1,98.6,196.2,129.8,148.1,121.5,141.53333333333333,49.846698319280385,133.55714285714285,36.943960135267005,2020-08-02,100.3,2020-08-04,138.1,2020-08-08,140.6,2020-08-16,122.6,2020-08-31,125.2,0,0,0,1
2020-08-02,2020,8,2,6935,12645,13367,95.4,95.2,7.39,7.43,0,26.0,,,7995.0,7972.0,1967.0,1900.0,0.25,0.24,2.89,424.0,3.71,,100.3,1,100.3,98.6,196.2,129.8,88.9,131.69999999999996,55.865105387889635,135.18571428571428,34.83855281013792,2020-08-03,133.0,2020-08-05,153.2,2020-08-09,134.8,2020-08-17,139.9,2020-09-01,138.5,0,0,0,1
2020-08-03,2020,8,3,6703,13418,27882,95.1,95.1,7.41,7.39,28825,17.9,6.12,118975.0,7992.0,7832.0,2017.0,3195.0,0.25,0.41,2.85,354.0,3.84,2.82,133.0,1,133.0,100.3,98.6,196.2,116.6,110.63333333333333,19.388742438161,137.52857142857144,33.9196950794921,2020-08-04,138.1,2020-08-06,149.4,2020-08-10,114.3,2020-08-18,140.0,2020-09-02,151.9,0,0,0,1
2020-08-04,2020,8,4,6506,13302,23365,95.3,95.1,7.35,7.3,15431,19.9,6.94,,6638.0,6573.0,3195.0,2963.0,0.48,0.45,2.88,370.0,3.79,2.84,138.1,1,138.1,133.0,100.3,98.6,156.7,123.8,20.510728899773753,134.87142857142857,32.880172053773094,2020-08-05,153.2,2020-08-07,161.7,2020-08-11,109.2,2020-08-19,136.5,2020-09-03,152.1,0,0,0,1
2020-08-05,2020,8,5,6336,13237,31308,95.2,95.7,7.43,7.38,25355,16.9,7.19,,7482.0,7161.0,1585.0,1660.0,0.21,0.23,2.89,328.0,3.8,3.65,153.2,1,153.2,138.1,133.0,100.3,148.1,141.4333333333333,10.504443504220054,135.6,33.27626781957386,2020-08-06,149.4,2020-08-08,140.6,2020-08-12,152.4,2020-08-20,119.7,2020-09-04,120.4,0,0,0,1
2020-08-06,2020,8,6,8825,13122,20094,95.4,95.3,7.39,7.34,16675,20.4,11.36,,6861.0,6511.0,2805.0,2606.0,0.41,0.4,2.92,563.0,3.83,4.2,149.4,1,149.4,153.2,138.1,133.0,129.8,146.89999999999998,7.854298186344787,138.4,33.53053334897423,2020-08-07,161.7,2020-08-09,134.8,2020-08-13,154.3,2020-08-21,95.6,2020-09-05,94.1,0,0,0,1
2020-08-07,2020,8,7,5656,13275,19007,95.8,95.4,7.28,7.29,23486,22.6,3.17,50650.0,7682.0,7272.0,2880.0,2830.0,0.37,0.39,2.94,577.0,3.77,3.21,161.7,1,161.7,149.4,153.2,138.1,196.2,154.76666666666662,6.2978832422770346,133.47142857142856,25.09247658068825,2020-08-08,140.6,2020-08-10,114.3,2020-08-14,137.3,2020-08-22,63.3,2020-09-06,91.7,0,0,0,1
2020-08-08,2020,8,8,6350,12940,10033,95.3,95.9,7.35,7.32,0,29.3,,,,,,,,,2.88,385.0,3.8,,140.6,1,140.6,161.7,149.4,153.2,98.6,150.56666666666663,10.598270299126794,139.4714285714286,19.8351299706452,2020-08-09,134.8,2020-08-11,109.2,2020-08-15,124.9,2020-08-23,58.6,2020-09-07,84.3,0,0,0,1
2020-08-09,2020,8,9,7091,12972,10031,95.6,95.3,7.38,7.35,0,28.5,,,7782.0,7617.0,2149.0,2133.0,0.28,0.28,2.91,432.0,3.79,,134.8,1,134.8,140.6,161.7,149.4,100.3,145.69999999999996,14.15662389131035,144.4,10.629989024767266,2020-08-10,114.3,2020-08-12,152.4,2020-08-16,122.6,2020-08-24,88.7,2020-09-08,102.9,0,0,0,1
2020-08-10,2020,8,10,5655,13468,3912,95.6,95.8,7.37,7.33,19502,37.2,9.92,150175.0,7782.0,7617.0,2050.0,1884.0,0.26,0.25,2.78,590.0,1.94,3.79,114.3,1,114.3,134.8,140.6,161.7,133.0,129.89999999999998,13.817742217888462,141.72857142857143,15.297463219514116,2020-08-11,109.2,2020-08-13,154.3,2020-08-17,139.9,2020-08-25,117.7,2020-09-09,136.8,0,0,0,1
2020-08-11,2020,8,11,6424,13259,13815,95.4,95.2,7.5,7.43,9218,25.6,8.45,80650.0,7764.0,7744.0,,4114.0,,0.53,2.97,1040.0,3.76,2.74,109.2,1,109.2,114.3,134.8,140.6,138.1,119.43333333333332,13.550030750273187,137.6,19.70490632642896,2020-08-12,152.4,2020-08-14,137.3,2020-08-18,140.0,2020-08-26,138.9,2020-09-10,143.1,0,0,0,1
2020-08-12,2020,8,12,6632,11325,35269,95.9,95.3,7.34,7.33,34100,16.1,6.42,142400.0,7897.0,7499.0,2042.0,1983.0,0.26,0.26,2.97,952.0,3.7,3.76,152.4,1,152.4,109.2,114.3,134.8,153.2,125.3,23.607414089646003,137.4857142857143,19.601396937585054,2020-08-13,154.3,2020-08-15,124.9,2020-08-19,136.5,2020-08-27,142.3,2020-09-11,23.9,0,0,0,1
2020-08-13,2020,8,13,7514,12661,31264,95.6,95.5,7.28,7.31,13277,16.7,5.15,126750.0,6568.0,6781.0,3295.0,3220.0,0.5,0.47,2.94,1110.0,3.82,2.65,154.3,1,154.3,152.4,109.2,114.3,149.4,138.63333333333333,25.507711252351765,138.18571428571428,20.176837262186773,2020-08-14,137.3,2020-08-16,122.6,2020-08-20,119.7,2020-08-28,142.6,2020-09-12,10.8,0,0,0,1
2020-08-14,2020,8,14,5658,15604,11814,95.3,95.8,7.3,7.3,24048,25.9,7.16,66300.0,6847.0,6772.0,2468.0,2122.0,0.36,0.31,2.93,617.0,3.69,3.39,137.3,1,137.3,154.3,152.4,109.2,161.7,148.0,9.315041599478835,134.70000000000002,17.34666154240273,2020-08-15,124.9,2020-08-17,139.9,2020-08-21,95.6,2020-08-29,103.9,2020-09-13,28.4,0,0,0,1
2020-08-15,2020,8,15,5870,11742,8356,95.4,96.0,7.27,7.24,0,33.0,,,6929.0,7232.0,3635.0,3594.0,0.52,0.5,2.79,915.0,3.61,,124.9,1,124.9,137.3,154.3,152.4,140.6,138.83333333333334,14.759855464514295,132.45714285714286,17.471200792815154,2020-08-16,122.6,2020-08-18,140.0,2020-08-22,63.3,2020-08-30,90.7,2020-09-14,96.5,0,0,0,1
2020-08-16,2020,8,16,6351,12094,8367,95.6,95.3,7.31,7.26,0,32.0,,,7016.0,7234.0,3320.0,3527.0,0.47,0.49,2.68,965.0,3.54,,122.6,1,122.6,124.9,137.3,154.3,134.8,128.26666666666665,7.907169742287685,130.71428571428572,17.803878657138263,2020-08-17,139.9,2020-08-19,136.5,2020-08-23,58.6,2020-08-31,125.2,2020-09-15,123.0,0,0,0,1
2020-08-17,2020,8,17,6487,11447,23246,95.5,95.1,7.36,7.32,24800,20.8,6.9,168450.0,7119.0,7372.0,3137.0,3187.0,0.44,0.43,3.41,353.0,3.51,3.49,139.9,1,139.9,122.6,124.9,137.3,114.3,129.13333333333333,9.394856748953119,134.37142857142857,16.44786858387397,2020-08-18,140.0,2020-08-20,119.7,2020-08-24,88.7,2020-09-01,138.5,2020-09-16,121.0,0,0,0,1
2020-08-18,2020,8,18,6862,14500,20211,95.0,94.5,7.44,7.38,17887,20.6,6.9,173000.0,6816.0,6776.0,3511.0,3793.0,0.52,0.56,2.92,454.0,3.65,3.88,140.0,1,140.0,139.9,122.6,124.9,109.2,134.16666666666666,10.017151957185789,138.77142857142857,12.150132274412526,2020-08-19,136.5,2020-08-21,95.6,2020-08-25,117.7,2020-09-02,151.9,2020-09-17,116.0,0,0,0,1
2020-08-19,2020,8,19,7767,9940,21749,95.1,95.2,7.53,7.44,19800,21.7,5.75,104100.0,7374.0,7109.0,2564.0,2880.0,0.35,0.41,2.88,506.0,3.58,4.11,136.5,1,136.5,140.0,139.9,122.6,152.4,138.79999999999998,1.9924858845217814,136.5,10.559829544079149,2020-08-20,119.7,2020-08-22,63.3,2020-08-26,138.9,2020-09-03,152.1,2020-09-18,152.6,0,0,0,1
2020-08-20,2020,8,20,9285,11933,8917,95.2,95.9,7.51,7.46,5000,28.5,5.42,130425.0,7136.0,7034.0,2930.0,2772.0,0.41,0.39,2.97,637.0,3.73,6.54,119.7,1,119.7,136.5,140.0,139.9,154.3,132.06666666666666,10.851881557285374,131.55714285714285,8.788601925763343,2020-08-21,95.6,2020-08-23,58.6,2020-08-27,142.3,2020-09-04,120.4,2020-09-19,119.7,0,0,0,1
2020-08-21,2020,8,21,6755,10673,8451,95.2,95.6,7.52,7.52,14500,33.2,3.43,167675.0,6608.0,7517.0,2125.0,2706.0,0.32,0.36,2.91,696.0,3.64,3.68,95.6,1,95.6,119.7,136.5,140.0,137.3,117.26666666666664,20.558291109266545,125.6,15.678860502813162,2020-08-22,63.3,2020-08-24,88.7,2020-08-28,142.6,2020-09-05,94.1,2020-09-20,116.6,0,0,0,1
2020-08-22,2020,8,22,7338,4968,4153,95.4,95.3,7.22,7.23,0,52.1,,,,,,,,,2.73,632.0,4.29,,63.3,1,63.3,95.6,119.7,136.5,124.9,92.86666666666663,28.299175488578182,116.79999999999998,28.32454765746505,2020-08-23,58.6,2020-08-25,117.7,2020-08-29,103.9,2020-09-06,91.7,2020-09-21,143.4,0,0,0,1
2020-08-23,2020,8,23,7695,7645,4149,95.2,95.7,7.15,7.16,0,44.0,,,7870.0,7855.0,1618.0,1851.0,0.21,0.24,2.91,548.0,3.53,,58.6,1,58.6,63.3,95.6,119.7,122.6,72.49999999999999,20.14274062782937,107.65714285714286,35.54841098853131,2020-08-24,88.7,2020-08-26,138.9,2020-08-30,90.7,2020-09-07,84.3,2020-09-22,173.1,0,0,0,1
2020-08-24,2020,8,24,7908,11350,22047,95.6,95.3,7.08,7.13,34504,20.8,6.99,152000.0,7779.0,7860.0,1784.0,1892.0,0.23,0.24,2.9,573.0,3.59,2.77,88.7,1,88.7,58.6,63.3,95.6,139.9,70.19999999999999,16.192899678563066,100.34285714285714,32.983372434347395,2020-08-25,117.7,2020-08-27,142.3,2020-08-31,125.2,2020-09-08,102.9,2020-09-23,159.2,0,0,0,1
2020-08-25,2020,8,25,8296,8027,23379,95.2,95.7,7.36,7.42,16841,21.6,5.58,151950.0,7319.0,7214.0,1485.0,1535.0,0.2,0.21,2.85,334.0,3.46,2.88,117.7,1,117.7,88.7,58.6,63.3,140.0,88.33333333333331,29.551706098520658,97.15714285714286,29.39659034326149,2020-08-26,138.9,2020-08-28,142.6,2020-09-01,138.5,2020-09-09,136.8,2020-09-24,175.6,0,0,0,1
2020-08-26,2020,8,26,7748,6427,36212,95.3,95.8,7.41,7.36,36938,17.0,5.14,128425.0,6861.0,6666.0,1510.0,1817.0,0.22,0.27,2.93,988.0,3.52,3.4,138.9,1,138.9,117.7,88.7,58.6,136.5,115.09999999999998,25.20079363829665,97.5,29.940886203762865,2020-08-27,142.3,2020-08-29,103.9,2020-09-02,151.9,2020-09-10,143.1,2020-09-25,195.2,0,0,0,1
2020-08-27,2020,8,27,9389,13100,24493,95.3,95.4,7.35,7.33,18152,18.3,5.85,97375.0,6944.0,7094.0,2440.0,2490.0,0.35,0.35,2.91,428.0,3.46,3.55,142.3,1,142.3,138.9,117.7,88.7,119.7,132.96666666666667,13.330166290536214,100.72857142857144,33.714423930306026,2020-08-28,142.6,2020-08-30,90.7,2020-09-03,152.1,2020-09-11,23.9,2020-09-26,181.1,0,0,0,1
2020-08-28,2020,8,28,7904,18153,24172,95.1,95.3,7.39,7.36,26471,17.1,3.71,52000.0,6919.0,6561.0,2208.0,3096.0,0.32,0.47,2.91,738.0,3.39,2.92,142.6,1,142.6,142.3,138.9,117.7,95.6,141.26666666666665,2.0550750189101707,107.44285714285715,37.03898203887629,2020-08-29,103.9,2020-08-31,125.2,2020-09-04,120.4,2020-09-12,10.8,2020-09-27,162.2,0,0,0,1
2020-08-29,2020,8,29,7464,18853,5819,95.2,95.7,7.47,7.44,0,26.7,,,,,,,,,2.72,604.0,3.45,,103.9,1,103.9,142.6,142.3,138.9,63.3,129.6,22.25735833381884,113.24285714285715,31.77996523717733,2020-08-30,90.7,2020-09-01,138.5,2020-09-05,94.1,2020-09-13,28.4,2020-09-28,127.4,0,0,0,1
2020-08-30,2020,8,30,7796,19533,5840,95.5,95.4,7.35,7.43,0,25.9,,,7093.87875,7043.83375,1377.5,1634.8,0.19,0.23,2.69,543.0,3.29,,90.7,1,90.7,103.9,142.6,142.3,58.6,112.39999999999998,26.973876250921265,117.82857142857144,23.926743355898985,2020-08-31,125.2,2020-09-02,151.9,2020-09-06,91.7,2020-09-14,96.5,2020-09-29,129.5,0,0,0,1
2020-08-31,2020,8,31,6744,20070,18235,95.3,95.3,7.38,7.39,25412,19.0,5.66,115200.0,6941.2415,6908.71225,1634.8,1726.1,0.24,0.25,2.69,355.0,3.54,2.67,125.2,1,125.2,90.7,103.9,142.6,88.7,106.59999999999998,17.40775689168522,123.04285714285716,20.209227029821434,2020-09-01,138.5,2020-09-03,152.1,2020-09-07,84.3,2020-09-15,123.0,2020-09-30,182.5,0,0,0,1
2020-09-01,2020,9,1,7406,19883,21938,95.4,95.4,7.36,7.34,21686,17.4,,61475.0,6801.1155,6550.8905,1576.7,1842.3,0.23,0.28,2.86,518.0,3.23,2.67,138.5,1,138.5,125.2,90.7,103.9,117.7,118.13333333333333,24.671103204626824,126.01428571428572,20.81285088364325,2020-09-02,151.9,2020-09-04,120.4,2020-09-08,102.9,2020-09-16,121.0,2020-10-01,146.0,0,0,0,1
2020-09-02,2020,9,2,7087,17723,31539,95.3,95.3,7.32,7.33,13982,15.2,5.39,128228.0,6828.64025,6183.05975,1468.8,1751.0,0.22,0.28,3.41,838.0,3.18,2.67,151.9,1,151.9,138.5,125.2,90.7,138.9,138.53333333333333,13.35003121095035,127.87142857142858,22.6529405218334,2020-09-03,152.1,2020-09-05,94.1,2020-09-09,136.8,2020-09-17,116.0,2020-10-02,144.1,0,0,0,1
2020-09-03,2020,9,3,8163,17599,21417,95.3,95.8,7.28,7.29,9834,18.2,4.63,67800.0,6256.0,6238.0,2158.0,2440.0,0.34,0.39,4.61,540.0,3.4,2.5,152.1,1,152.1,151.9,138.5,125.2,142.3,147.5,7.794870107963008,129.27142857142857,23.9584859208393,2020-09-04,120.4,2020-09-06,91.7,2020-09-10,143.1,2020-09-18,152.6,2020-10-03,93.4,0,0,0,1
2020-09-04,2020,9,4,7465,15413,16151,95.6,95.7,7.28,7.28,21904,22.0,9.18,143825.0,,,,,,,5.06,534.0,3.25,2.92,120.4,1,120.4,152.1,151.9,138.5,142.6,141.46666666666667,18.2445425630063,126.10000000000001,23.362006192391547,2020-09-05,94.1,2020-09-07,84.3,2020-09-11,23.9,2020-09-19,119.7,2020-10-04,83.0,0,0,0,1
2020-09-05,2020,9,5,7609,10307,8365,95.1,95.4,7.42,7.32,0,32.6,,,,,,,,,5.15,371.0,3.3,,94.1,1,94.1,120.4,152.1,151.9,103.9,122.19999999999997,29.041866331212518,124.7,25.140074250752345,2020-09-06,91.7,2020-09-08,102.9,2020-09-12,10.8,2020-09-20,116.6,2020-10-05,118.4,0,0,0,1
2020-09-06,2020,9,6,7123,14263,8354,95.4,95.6,7.32,7.29,0,28.9,,,6195.571,5955.355,1427.3,1817.4,0.23,0.31,3.76,292.0,3.3,,91.7,1,91.7,94.1,120.4,152.1,90.7,102.06666666666665,15.922416064572262,124.84285714285714,24.91651775715991,2020-09-07,84.3,2020-09-09,136.8,2020-09-13,28.4,2020-09-21,143.4,2020-10-06,175.8,0,0,0,1
2020-09-07,2020,9,7,8363,8101,8355,95.5,95.6,7.35,7.31,0,34.6,,,6213.08675,5952.85275,1385.8,1751.0,0.22,0.29,2.42,266.0,3.36,,84.3,1,84.3,91.7,94.1,120.4,125.2,90.0333333333333,5.108163401198965,119.0,29.23930003722173,2020-09-08,102.9,2020-09-10,143.1,2020-09-14,96.5,2020-09-22,173.1,2020-10-07,146.0,0,0,0,1
2020-09-08,2020,9,8,7785,18326,15376,95.7,95.5,7.33,7.27,14306,20.7,8.37,133000.0,6250.6205,5950.3505,1336.0,1709.5,0.21,0.29,5.48,149.0,3.42,4.84,102.9,1,102.9,84.3,91.7,94.1,138.5,92.96666666666665,9.364471866226555,113.91428571428571,28.36526212179439,2020-09-09,136.8,2020-09-11,23.9,2020-09-15,123.0,2020-09-23,159.2,2020-10-08,132.7,0,0,0,1
2020-09-09,2020,9,9,6551,17555,19633,95.2,95.2,7.34,7.35,13323,19.6,9.26,152975.0,6032.92475,5940.3415,1087.0,1037.2,0.18,0.17,3.74,460.9,3.29,1.8,136.8,1,136.8,102.9,84.3,91.7,151.9,108.0,26.618978192260045,111.75714285714285,25.415864936613882,2020-09-10,143.1,2020-09-12,10.8,2020-09-16,121.0,2020-09-24,175.6,2020-10-09,108.6,0,0,0,1
2020-09-10,2020,9,10,8018,20684,21938,95.2,95.0,7.34,7.32,21069,16.9,8.42,,5958.0,5718.0,1261.0,1137.0,0.21,0.2,6.09,197.9,3.41,2.32,143.1,1,143.1,136.8,102.9,84.3,152.1,127.59999999999998,21.62151706055835,110.47142857142856,23.162664950714465,2020-09-11,23.9,2020-09-13,28.4,2020-09-17,116.0,2020-09-25,195.2,2020-10-10,79.8,0,0,0,1
2020-09-11,2020,9,11,6942,30852,13971,95.1,95.7,7.31,7.26,8110,16.6,8.38,,5928.0,4617.0,1328.0,987.0,0.22,0.21,7.12,383.0,3.48,,23.9,1,23.9,143.1,136.8,102.9,120.4,101.26666666666665,67.07550471918454,96.68571428571428,39.337786269329364,2020-09-12,10.8,2020-09-14,96.5,2020-09-18,152.6,2020-09-26,181.1,2020-10-11,76.0,0,0,0,1
2020-09-12,2020,9,12,5527,14611,6021,95.2,95.8,7.1,7.17,0,32.8,,,,,,,,,7.38,270.0,3.43,,10.8,1,10.8,23.9,143.1,136.8,94.1,59.266666666666644,72.89666201777243,84.78571428571429,51.09332730639203,2020-09-13,28.4,2020-09-15,123.0,2020-09-19,119.7,2020-09-27,162.2,2020-10-12,108.1,0,0,0,1
2020-09-13,2020,9,13,6296,16087,6021,95.4,95.9,7.86,7.19,0,30.2,,,6456.0,6368.0,1419.0,1344.0,0.22,0.21,5.84,163.5,3.46,,28.4,1,28.4,10.8,23.9,143.1,91.7,21.033333333333314,9.143485841479913,75.74285714285715,55.109432258094756,2020-09-14,96.5,2020-09-16,121.0,2020-09-20,116.6,2020-09-28,127.4,2020-10-13,132.4,0,0,0,1
2020-09-14,2020,9,14,8138,18284,14834,95.6,95.4,7.31,7.25,26974,20.8,8.63,,6581.0,6281.0,1336.0,1635.0,0.2,0.26,5.08,126.6,3.62,2.74,96.5,1,96.5,28.4,10.8,23.9,84.3,45.23333333333331,45.261941334120266,77.4857142857143,55.61574802671847,2020-09-15,123.0,2020-09-17,116.0,2020-09-21,143.4,2020-09-29,129.5,2020-10-14,177.9,0,0,0,1
2020-09-15,2020,9,15,8593,19281,20550,95.4,95.6,7.29,7.24,9816,17.7,8.3,,6318.0,6196.0,1502.0,1461.0,0.24,0.24,4.79,181.0,3.61,2.23,123.0,1,123.0,96.5,28.4,10.8,102.9,82.63333333333331,48.80064890278966,80.35714285714286,57.62901055148238,2020-09-16,121.0,2020-09-18,152.6,2020-09-22,173.1,2020-09-30,182.5,2020-10-15,222.9,0,0,0,1
2020-09-16,2020,9,16,8590,20084,25360,95.2,95.8,7.29,7.23,32061,15.9,5.74,,5960.0,5625.0,1419.0,1328.0,0.24,0.24,4.62,303.0,3.73,2.17,121.0,1,121.0,123.0,96.5,28.4,136.8,113.49999999999999,14.756354563374128,78.10000000000001,55.31274717458906,2020-09-17,116.0,2020-09-19,119.7,2020-09-23,159.2,2020-10-01,146.0,2020-10-16,236.8,0,0,0,1
2020-09-17,2020,9,17,8187,22359,22545,95.3,96.0,7.3,7.24,16396,16.2,6.58,,6223.09575,6067.95625,1560.1,1634.8,0.25,0.27,4.45,341.0,3.49,2.84,116.0,1,116.0,121.0,123.0,96.5,143.1,119.99999999999999,3.605551275465757,74.22857142857141,50.76661351340129,2020-09-18,152.6,2020-09-20,116.6,2020-09-24,175.6,2020-10-02,144.1,2020-10-17,236.1,0,0,0,1
2020-09-18,2020,9,18,6916,19930,23193,95.5,95.8,7.27,7.2,30346,17.1,7.2,,5687.61425,5299.7655,1319.4,1535.2,0.23,0.29,4.33,439.0,3.38,3.15,152.6,1,152.6,116.0,121.0,123.0,23.9,129.86666666666665,19.845738417437296,92.61428571428571,52.767364553337046,2020-09-19,119.7,2020-09-21,143.4,2020-09-25,195.2,2020-10-03,93.4,2020-10-18,177.8,0,0,0,1
2020-09-19,2020,9,19,6072,17742,13247,95.5,95.6,7.23,7.17,0,23.2,,,,,,,,,4.4,1220.0,3.29,,119.7,1,119.7,152.6,116.0,121.0,10.8,129.4333333333333,20.148035470818154,108.17142857142858,38.842104057569486,2020-09-20,116.6,2020-09-22,173.1,2020-09-26,181.1,2020-10-04,83.0,2020-10-19,169.2,0,0,0,1
2020-09-20,2020,9,20,4851,18642,10445,95.6,95.8,7.37,7.28,0,25.3,,,5685.112,5179.6575,1410.7,1518.6,0.25,0.29,4.01,796.0,3.63,,116.6,1,116.6,119.7,152.6,116.0,28.4,129.6333333333333,19.950020885536603,120.77142857142857,16.57555572579861,2020-09-21,143.4,2020-09-23,159.2,2020-09-27,162.2,2020-10-05,118.4,2020-10-20,160.9,0,0,0,1
2020-09-21,2020,9,21,4801,19613,21669,95.2,95.9,7.32,7.3,32269,18.6,7.42,122875.0,5597.53325,5177.15525,1327.7,1676.3,0.24,0.32,4.28,154.0,3.72,2.51,143.4,1,143.4,116.6,119.7,152.6,96.5,126.56666666666665,14.660263753880653,127.47142857142858,14.475348503083481,2020-09-22,173.1,2020-09-24,175.6,2020-09-28,127.4,2020-10-06,175.8,2020-10-21,147.8,0,0,0,1
2020-09-22,2020,9,22,5550,22361,32274,95.6,95.8,7.31,7.29,30904,14.3,5.42,113775.0,5918.0,5648.0,1842.0,1660.0,0.31,0.29,3.99,210.0,3.42,3.2,173.1,1,173.1,143.4,116.6,119.7,123.0,144.36666666666665,28.26240140775986,134.62857142857143,22.213412936460724,2020-09-23,159.2,2020-09-25,195.2,2020-09-29,129.5,2020-10-07,146.0,2020-10-22,123.0,0,0,0,1
2020-09-23,2020,9,23,8032,15656,24350,95.6,95.3,7.37,7.35,33001,17.9,9.17,,5843.0,5633.0,1834.0,1245.0,0.31,0.22,3.91,373.0,3.63,3.79,159.2,1,159.2,173.1,143.4,116.6,121.0,158.56666666666663,14.860125616338042,140.0857142857143,22.986113820553367,2020-09-24,175.6,2020-09-26,181.1,2020-09-30,182.5,2020-10-08,132.7,2020-10-23,99.5,0,0,0,1
2020-09-24,2020,9,24,8982,19920,15992,95.7,95.7,7.41,7.25,6377,19.1,13.47,319625.0,5760.0,5475.0,1552.0,987.0,0.27,0.18,2.33,379.0,3.67,3.58,175.6,1,175.6,159.2,173.1,143.4,116.0,169.29999999999995,8.835722947219045,148.59999999999997,23.60741408964576,2020-09-25,195.2,2020-09-27,162.2,2020-10-01,146.0,2020-10-09,108.6,2020-10-24,83.1,0,0,0,1
2020-09-25,2020,9,25,8295,20368,17593,95.5,95.7,7.42,7.31,25348,18.5,9.42,163575.0,5738.0,5322.0,1485.0,1577.0,0.26,0.3,2.53,284.0,3.66,3.34,195.2,1,195.2,175.6,159.2,173.1,152.6,176.66666666666663,18.0236881168463,154.68571428571428,29.552689024375315,2020-09-26,181.1,2020-09-28,127.4,2020-10-02,144.1,2020-10-10,79.8,2020-10-25,84.1,0,0,0,1
2020-09-26,2020,9,26,7203,20867,12484,95.4,95.3,7.38,7.29,0,21.2,,,5728.0,5280.0,1527.0,1369.0,0.27,0.26,3.31,460.0,3.47,,181.1,1,181.1,195.2,175.6,159.2,119.7,183.9666666666666,10.1095664265757,163.45714285714286,26.37965485892859,2020-09-27,162.2,2020-09-29,129.5,2020-10-03,93.4,2020-10-11,76.0,2020-10-26,108.6,0,0,0,1
2020-09-27,2020,9,27,6723,20805,12453,95.4,95.6,7.4,7.36,0,21.5,,,5695.0,5180.0,1494.0,1295.0,0.26,0.25,3.86,438.0,3.42,,162.2,1,162.2,181.1,195.2,175.6,116.6,179.49999999999997,16.558079598794457,169.97142857142856,16.754373984695793,2020-09-28,127.4,2020-09-30,182.5,2020-10-04,83.0,2020-10-12,108.1,2020-10-27,89.2,0,0,0,1
2020-09-28,2020,9,28,7162,20837,14397,95.3,95.2,7.32,7.21,32918,20.2,5.92,124450.0,5715.0,5257.0,1378.0,1444.0,0.24,0.27,3.01,307.0,3.28,4.67,127.4,1,127.4,162.2,181.1,195.2,143.4,156.89999999999998,27.239493387359683,167.68571428571428,21.42416303860587,2020-09-29,129.5,2020-10-01,146.0,2020-10-05,118.4,2020-10-13,132.4,2020-10-28,48.7,0,0,0,1
2020-09-29,2020,9,29,6706,20679,25924,95.4,95.3,7.26,7.23,16251,16.1,6.15,128823.0,5430.0,5142.0,1759.0,1577.0,0.32,0.31,3.03,643.0,3.2,3.44,129.5,1,129.5,127.4,162.2,181.1,173.1,139.69999999999996,19.513841241539566,161.45714285714283,25.531800898935074,2020-09-30,182.5,2020-10-02,144.1,2020-10-06,175.8,2020-10-14,177.9,2020-10-29,79.6,0,0,0,1
2020-09-30,2020,9,30,7048,20608,44154,95.6,95.4,7.29,7.24,45476,11.9,4.13,66750.0,5380.0,5042.0,1560.0,1502.0,0.29,0.3,3.12,559.0,,2.6,182.5,1,182.5,129.5,127.4,162.2,159.2,146.46666666666667,31.22344204813661,164.78571428571428,26.681418538715285,2020-10-01,146.0,2020-10-03,93.4,2020-10-07,146.0,2020-10-15,222.9,2020-10-30,111.7,0,0,0,1
2020-10-01,2020,10,1,9595,19563,32282,95.3,95.6,7.27,7.22,21788,14.0,6.56,90475.0,5275.0,4947.0,1668.0,1394.0,0.32,0.28,3.05,1600.0,3.25,,146.0,1,146.0,182.5,129.5,127.4,175.6,152.66666666666663,27.121639576790827,160.55714285714288,27.025226310668746,2020-10-02,144.1,2020-10-04,83.0,2020-10-08,132.7,2020-10-16,236.8,2020-10-31,72.7,0,0,0,1
2020-10-02,2020,10,2,7309,19664,29804,95.6,95.7,7.2,7.13,40795,15.1,4.75,93350.0,4844.0,4114.0,1311.0,1228.0,0.27,0.3,2.98,653.0,3.36,3.43,144.1,1,144.1,146.0,182.5,129.5,195.2,157.5333333333333,21.642627690124588,153.25714285714284,22.65633518046398,2020-10-03,93.4,2020-10-05,118.4,2020-10-09,108.6,2020-10-17,236.1,2020-11-01,1.9,0,0,0,1
2020-10-03,2020,10,3,6797,19739,9023,95.3,95.3,7.23,7.2,0,24.1,,,5330.0,5005.0,1353.0,1295.0,0.25,0.26,2.87,1320.0,3.45,,93.4,1,93.4,144.1,146.0,182.5,181.1,127.8333333333333,29.835269955764428,140.72857142857143,28.251118814760616,2020-10-04,83.0,2020-10-06,175.8,2020-10-10,79.8,2020-10-18,177.8,2020-11-02,89.6,0,0,0,1
2020-10-04,2020,10,4,6101,21285,9007,95.2,95.8,7.27,7.21,0,23.6,,,5337.0,5045.0,1852.0,1602.0,0.35,0.32,2.7,1080.0,3.6,,83.0,1,83.0,93.4,144.1,146.0,162.2,106.8333333333333,32.69011063507332,129.4142857142857,33.57635222253061,2020-10-05,118.4,2020-10-07,146.0,2020-10-11,76.0,2020-10-19,169.2,2020-11-03,96.0,0,0,0,1
2020-10-05,2020,10,5,5252,21326,26180,95.8,95.3,7.32,7.2,34024,16.3,7.26,135400.0,5510.0,5010.0,1651.0,1444.0,0.3,0.29,2.81,338.0,3.4,2.2,118.4,1,118.4,83.0,93.4,144.1,127.4,98.26666666666665,18.194871072182174,128.12857142857143,33.83763753996018,2020-10-06,175.8,2020-10-08,132.7,2020-10-12,108.1,2020-10-20,160.9,2020-11-04,106.2,0,0,0,1
2020-10-06,2020,10,6,8011,21405,50237,95.8,95.3,7.32,7.24,42216,10.8,7.16,150500.0,5047.0,4767.0,1361.0,963.0,0.27,0.2,2.88,541.0,3.39,2.6,175.8,1,175.8,118.4,83.0,93.4,129.5,125.7333333333333,46.83260972157477,134.74285714285716,38.37177161850707,2020-10-07,146.0,2020-10-09,108.6,2020-10-13,132.4,2020-10-21,147.8,2020-11-05,99.9,0,0,0,1
2020-10-07,2020,10,7,7266,20753,31704,95.3,95.5,7.36,7.27,31510,14.4,7.59,174200.0,5442.0,5077.0,1461.0,1228.0,0.27,0.24,2.79,767.0,3.33,2.69,146.0,1,146.0,175.8,118.4,83.0,182.5,146.73333333333332,28.707025853148647,129.52857142857144,32.88873739776362,2020-10-08,132.7,2020-10-10,79.8,2020-10-14,177.9,2020-10-22,123.0,2020-11-06,110.5,0,0,0,1
2020-10-08,2020,10,8,7297,21203,28030,95.6,95.5,7.35,7.24,19344,15.2,5.45,75525.0,5372.0,5042.0,1427.0,1212.0,0.27,0.24,2.77,1120.0,3.23,2.69,132.7,1,132.7,146.0,175.8,118.4,146.0,151.49999999999997,22.07011554115684,127.62857142857142,32.154559774404035,2020-10-09,108.6,2020-10-11,76.0,2020-10-15,222.9,2020-10-23,99.5,2020-11-07,73.4,0,0,0,1
2020-10-09,2020,10,9,5252,21259,22295,95.6,95.9,7.31,7.23,31246,17.6,1.72,24325.0,,,,,,,2.7,1170.0,3.4,2.3,108.6,1,108.6,132.7,146.0,175.8,144.1,129.1,18.958111720316616,122.55714285714285,31.922398465803468,2020-10-10,79.8,2020-10-12,108.1,2020-10-16,236.8,2020-10-24,83.1,2020-11-08,73.4,0,0,0,1
2020-10-10,2020,10,10,4351,20220,10768,95.4,95.8,7.17,7.17,0,24.3,,,,,,,,,2.64,1870.0,3.1,,79.8,1,79.8,108.6,132.7,146.0,93.4,107.0333333333333,26.484775500904924,120.61428571428571,34.31678056827937,2020-10-11,76.0,2020-10-13,132.4,2020-10-17,236.1,2020-10-25,84.1,2020-11-09,85.3,0,0,0,1
2020-10-11,2020,10,11,4236,21652,7404,95.3,95.7,7.37,7.3,0,25.8,,,5240.0,4892.0,1261.0,1378.0,0.24,0.28,2.6,818.0,2.93,,76.0,1,76.0,79.8,108.6,132.7,83.0,88.13333333333331,17.826197949459925,119.61428571428571,35.67082975258781,2020-10-12,108.1,2020-10-14,177.9,2020-10-18,177.8,2020-10-26,108.6,2020-11-10,102.1,0,0,0,1
2020-10-12,2020,10,12,6667,21643,24265,95.2,95.6,7.33,,38437,16.3,6.14,109225.0,5195.0,4752.0,1436.0,1303.0,0.28,0.27,2.61,662.0,2.75,1.83,108.1,1,108.1,76.0,79.8,108.6,118.4,87.96666666666664,17.53919420421956,118.14285714285714,35.940685262566504,2020-10-13,132.4,2020-10-15,222.9,2020-10-19,169.2,2020-10-27,89.2,2020-11-11,96.3,0,0,0,1
2020-10-13,2020,10,13,5349,21710,23719,94.9,95.2,7.26,7.21,15384,16.9,5.97,110525.0,5012.0,4570.0,1452.0,1295.0,0.29,0.28,2.63,1020.0,2.62,1.77,132.4,1,132.4,108.1,76.0,79.8,175.8,105.49999999999996,28.289750794236408,111.94285714285714,26.957488578801225,2020-10-14,177.9,2020-10-16,236.8,2020-10-20,160.9,2020-10-28,48.7,2020-11-12,78.5,0,0,0,1
2020-10-14,2020,10,14,5232,22075,37871,95.5,95.2,7.26,7.23,39267,13.2,11.22,143450.0,4989.0,4632.0,1710.0,1104.0,0.34,0.24,2.72,1140.0,2.66,1.72,177.9,1,177.9,132.4,108.1,76.0,146.0,139.4666666666666,35.43251802135068,116.5,35.13146737612889,2020-10-15,222.9,2020-10-17,236.1,2020-10-21,147.8,2020-10-29,79.6,2020-11-13,103.5,0,0,0,1
2020-10-15,2020,10,15,7198,22154,26353,95.4,95.9,7.12,7.1,19123,15.4,5.62,81250.0,4056.0,3833.0,1734.0,1759.0,0.43,0.46,3.11,895.0,2.77,1.67,222.9,1,222.9,177.9,132.4,108.1,132.7,177.73333333333332,45.25023020199291,129.3857142857143,53.69908219487031,2020-10-16,236.8,2020-10-18,177.8,2020-10-22,123.0,2020-10-30,111.7,2020-11-14,77.2,0,0,0,1
2020-10-16,2020,10,16,6248,19086,21055,95.2,95.7,7.03,7.02,32477,18.5,5.96,84700.0,2998.0,4024.0,1519.0,1560.0,0.51,0.39,3.49,972.0,2.79,1.61,236.8,1,236.8,222.9,177.9,132.4,108.6,212.5333333333333,30.788038802972846,147.70000000000002,65.90326243821325,2020-10-17,236.1,2020-10-19,169.2,2020-10-23,99.5,2020-10-31,72.7,2020-11-15,72.3,0,0,0,1
2020-10-17,2020,10,17,6354,14209,12427,95.8,95.0,7.19,7.12,0,26.0,,,,,,,,,3.35,1200.0,2.85,,236.1,1,236.1,236.8,222.9,177.9,79.8,231.9333333333333,7.830921614559004,170.02857142857144,65.54087056399025,2020-10-18,177.8,2020-10-20,160.9,2020-10-24,83.1,2020-11-01,1.9,2020-11-16,86.0,0,0,0,1
2020-10-18,2020,10,18,5892,14125,7565,95.4,95.7,7.29,7.21,0,31.1,,,4467.0,4271.0,946.0,846.0,0.21,0.2,3.57,681.0,3.3,,177.8,1,177.8,236.1,236.8,222.9,76.0,216.89999999999998,33.863402073625565,184.57142857142858,50.846491661526905,2020-10-19,169.2,2020-10-21,147.8,2020-10-25,84.1,2020-11-02,89.6,2020-11-17,137.1,0,0,0,1
2020-10-19,2020,10,19,5454,14459,27069,95.7,95.4,7.36,7.31,38919,18.3,,136175.0,4619.0,4351.0,1079.0,913.0,0.23,0.21,4.18,965.0,2.4,1.9,169.2,1,169.2,177.8,236.1,236.8,108.1,194.36666666666665,36.3970236878423,193.29999999999998,39.5121922111814,2020-10-20,160.9,2020-10-22,123.0,2020-10-26,108.6,2020-11-03,96.0,2020-11-18,200.6,0,0,0,1
2020-10-20,2020,10,20,4681,13792,18157,95.6,95.7,7.4,7.27,15077,23.4,6.33,119075.0,4754.0,4522.0,954.0,963.0,0.2,0.21,4.45,620.0,2.89,1.79,160.9,1,160.9,169.2,177.8,236.1,132.4,169.29999999999995,8.450443775329823,197.3714285714286,33.14662950616636,2020-10-21,147.8,2020-10-23,99.5,2020-10-27,89.2,2020-11-04,106.2,2020-11-19,150.3,0,0,0,1
2020-10-21,2020,10,21,7962,16203,25974,95.7,95.4,7.28,7.31,25419,17.1,5.34,79575.0,5065.0,4917.0,1361.0,1153.0,0.27,0.23,4.18,862.0,2.95,1.76,147.8,1,147.8,160.9,169.2,177.8,177.9,159.29999999999998,10.789346597454648,193.07142857142858,37.72919798978494,2020-10-22,123.0,2020-10-24,83.1,2020-10-28,48.7,2020-11-05,99.9,2020-11-20,58.4,0,0,0,1
2020-10-22,2020,10,22,16819,14359,16174,95.1,95.6,7.31,7.28,7599,18.1,5.44,81800.0,4449.0,4464.0,971.0,1037.0,0.22,0.23,6.93,547.0,2.98,1.41,123.0,1,123.0,147.8,160.9,169.2,222.9,143.89999999999998,19.24863631533413,178.79999999999998,43.080351282999985,2020-10-23,99.5,2020-10-25,84.1,2020-10-29,79.6,2020-11-06,110.5,2020-11-21,87.4,0,0,0,1
2020-10-23,2020,10,23,16065,14298,12785,95.2,95.4,7.4,7.3,12625,19.9,1.85,32800.0,4927.0,4592.0,1477.0,1535.0,0.3,0.33,6.07,559.0,3.11,2.33,99.5,1,99.5,123.0,147.8,160.9,236.8,123.4333333333333,24.152915628000798,159.18571428571428,43.52575592188424,2020-10-24,83.1,2020-10-26,108.6,2020-10-30,111.7,2020-11-07,73.4,2020-11-22,88.1,0,0,0,1
2020-10-24,2020,10,24,14372,13923,8134,95.8,95.8,7.13,7.14,0,23.6,,,4804.0,4479.0,1386.0,1461.0,0.29,0.33,5.86,734.0,3.15,,83.1,1,83.1,99.5,123.0,147.8,236.1,101.86666666666663,20.05500768719166,137.32857142857145,36.27679305404115,2020-10-25,84.1,2020-10-27,89.2,2020-10-31,72.7,2020-11-08,73.4,2020-11-23,112.1,0,0,0,1
2020-10-25,2020,10,25,13628,14041,8139,95.4,95.6,7.16,7.15,0,24.0,7.69,,4729.0,4587.0,1535.0,1618.0,0.32,0.35,5.78,347.0,3.44,,84.1,1,84.1,83.1,99.5,123.0,177.8,88.89999999999996,9.193475947647771,123.94285714285714,36.14124408220529,2020-10-26,108.6,2020-10-28,48.7,2020-11-01,1.9,2020-11-09,85.3,2020-11-24,128.1,0,0,0,1
2020-10-26,2020,10,26,11708,14345,15973,95.2,95.5,7.16,7.12,18700,20.4,6.94,138180.0,4792.0,4567.0,1726.0,1461.0,0.36,0.32,5.84,89.2,3.12,2.0,108.6,1,108.6,84.1,83.1,99.5,169.2,91.93333333333328,14.442414387259236,115.28571428571429,30.275701399606103,2020-10-27,89.2,2020-10-29,79.6,2020-11-02,89.6,2020-11-10,102.1,2020-11-25,160.6,0,0,0,1
2020-10-27,2020,10,27,4437,4211,6118,95.3,95.8,7.24,7.2,2250,58.1,7.67,,4862.0,4492.0,1079.0,896.0,0.22,0.2,5.78,168.0,,,89.2,1,89.2,108.6,84.1,83.1,160.9,93.96666666666663,12.9268454517455,105.04285714285713,23.68226179674442,2020-10-28,48.7,2020-10-30,111.7,2020-11-03,96.0,2020-11-11,96.3,2020-11-26,91.3,0,0,0,1
2020-10-28,2020,10,28,7505,12822,1644,95.4,95.9,7.35,7.27,0,39.1,3.83,,5040.0,4744.0,1311.0,855.0,0.26,0.18,5.8,324.0,3.29,,48.7,1,48.7,89.2,108.6,84.1,147.8,82.16666666666663,30.56310411809161,90.88571428571429,23.48215127647903,2020-10-29,79.6,2020-10-31,72.7,2020-11-04,106.2,2020-11-12,78.5,2020-11-27,75.9,0,0,0,1
2020-10-29,2020,10,29,12085,12116,16077,95.7,95.2,7.23,7.16,26500,21.3,8.67,,4884.0,4689.0,1120.0,954.0,0.23,0.2,5.77,336.0,2.86,2.0,79.6,1,79.6,48.7,89.2,108.6,123.0,72.49999999999996,21.162939304358716,84.68571428571428,18.865438290821114,2020-10-30,111.7,2020-11-01,1.9,2020-11-05,99.9,2020-11-13,103.5,2020-11-28,75.8,0,0,0,1
2020-10-30,2020,10,30,14504,14792,19234,95.3,95.8,7.27,7.2,22900,17.7,2.52,,4579.0,4439.0,1710.0,1950.0,0.37,0.44,5.68,159.0,2.59,2.5,111.7,1,111.7,79.6,48.7,89.2,99.5,79.99999999999996,31.50190470431866,86.42857142857143,20.914406062625787,2020-10-31,72.7,2020-11-02,89.6,2020-11-06,110.5,2020-11-14,77.2,2020-11-29,73.1,0,0,0,1
2020-10-31,2020,10,31,14562,14062,5529,94.8,95.1,7.2,7.18,0,25.1,,,,,,,,,5.62,472.0,2.75,,72.7,1,72.7,111.7,79.6,48.7,83.1,87.99999999999996,20.812736485142405,84.94285714285714,21.55000828637601,2020-11-01,1.9,2020-11-03,96.0,2020-11-07,73.4,2020-11-15,72.3,2020-11-30,84.4,0,0,0,1
2020-11-01,2020,11,1,602,621,5761,94.9,95.5,7.26,7.26,0,122.9,,,4577.0,4514.0,1137.0,929.0,0.25,0.21,5.75,471.0,2.62,,1.9,1,1.9,72.7,111.7,79.6,84.1,62.099999999999966,55.6621954292136,73.2,38.11508887566731,2020-11-02,89.6,2020-11-04,106.2,2020-11-08,73.4,2020-11-16,86.0,2020-12-01,97.7,0,0,0,1
2020-11-02,2020,11,2,13451,15055,12654,95.0,95.4,7.39,7.35,21888,20.8,9.85,132925.0,4632.0,4617.0,913.0,357.0,0.2,0.8,5.68,392.0,3.14,2.19,89.6,1,89.6,1.9,72.7,111.7,108.6,54.73333333333329,46.528736640202226,70.48571428571428,35.77892436297445,2020-11-03,96.0,2020-11-05,99.9,2020-11-09,85.3,2020-11-17,137.1,2020-12-02,59.4,0,0,0,1
2020-11-03,2020,11,3,16200,14443,15250,95.4,95.6,7.2,7.23,15156,18.7,4.58,86000.0,4404.0,4562.0,1012.0,1004.0,0.23,0.22,5.74,310.0,2.47,2.2,96.0,1,96.0,89.6,1.9,72.7,89.2,62.499999999999964,52.57860781724795,71.45714285714286,36.45759441428094,2020-11-04,106.2,2020-11-06,110.5,2020-11-10,102.1,2020-11-18,200.6,2020-12-03,65.0,0,0,0,1
2020-11-04,2020,11,4,14004,14401,21125,95.3,95.2,7.19,7.26,27156,17.3,4.62,34075.0,4274.0,4099.0,1104.0,938.0,0.26,0.23,5.82,286.0,2.67,1.87,106.2,1,106.2,96.0,89.6,1.9,48.7,97.26666666666664,8.37217614084388,79.67142857142858,36.94995328304307,2020-11-05,99.9,2020-11-07,73.4,2020-11-11,96.3,2020-11-19,150.3,2020-12-04,99.8,0,0,0,1
2020-11-05,2020,11,5,13990,16839,17529,95.6,95.5,7.28,7.29,8050,17.7,3.5,81050.0,3858.0,4206.0,830.0,1095.0,0.22,0.26,5.63,403.0,,,99.9,1,99.9,106.2,96.0,89.6,79.6,100.69999999999997,5.146843692981512,82.57142857142857,37.73176002104503,2020-11-06,110.5,2020-11-08,73.4,2020-11-12,78.5,2020-11-20,58.4,2020-12-05,89.9,0,0,0,1
2020-11-06,2020,11,6,13885,12673,21183,95.1,95.9,7.28,7.33,34764,18.0,2.21,99600.0,4194.0,4014.0,1145.0,1012.0,0.27,0.25,5.51,304.0,2.59,1.96,110.5,1,110.5,99.9,106.2,96.0,111.7,105.5333333333333,5.33135379930079,82.39999999999999,37.579781798195924,2020-11-07,73.4,2020-11-09,85.3,2020-11-13,103.5,2020-11-21,87.4,2020-12-06,79.2,0,0,0,1
2020-11-07,2020,11,7,13694,10535,9863,95.4,95.3,7.21,7.29,0,25.2,,,4999.0,4912.0,1037.0,1261.0,0.21,0.26,5.39,312.0,2.79,,73.4,1,73.4,110.5,99.9,106.2,72.7,94.59999999999997,19.109421759958646,82.5,37.55058810014411,2020-11-08,73.4,2020-11-10,102.1,2020-11-14,77.2,2020-11-22,88.1,2020-12-07,45.9,0,0,0,1
2020-11-08,2020,11,8,13563,10531,9862,95.6,95.7,7.25,7.25,0,25.3,,,5120.0,4969.0,1319.0,1212.0,0.26,0.24,5.31,249.0,2.74,,73.4,1,73.4,73.4,110.5,99.9,1.9,85.76666666666664,21.41969498693458,92.71428571428571,14.81220539188698,2020-11-09,85.3,2020-11-11,96.3,2020-11-15,72.3,2020-11-23,112.1,2020-12-08,54.9,0,0,0,1
2020-11-09,2020,11,9,13897,12122,8641,95.6,95.5,7.22,7.26,15121,24.8,6.88,181000.0,4857.0,4882.0,1137.0,1129.0,0.23,0.23,5.38,255.0,3.19,1.66,85.3,1,85.3,73.4,73.4,110.5,89.6,77.36666666666663,6.870468203354613,92.10000000000001,15.050138426827969,2020-11-10,102.1,2020-11-12,78.5,2020-11-16,86.0,2020-11-24,128.1,2020-12-09,56.2,0,0,0,1
2020-11-10,2020,11,10,14662,11202,18930,95.6,95.3,7.27,7.24,28623,19.2,7.2,214950.0,4749.2705,4599.1355,1311.1,1485.4,0.28,0.32,5.29,290.0,2.78,1.7,102.1,1,102.1,85.3,73.4,73.4,96.0,86.93333333333328,14.41954691844758,92.97142857142856,15.483939451974038,2020-11-11,96.3,2020-11-13,103.5,2020-11-17,137.1,2020-11-25,160.6,2020-12-10,36.7,0,0,0,1
2020-11-11,2020,11,11,14517,8860,16825,94.9,95.7,7.22,7.21,0,21.3,,,4481.52975,4529.0725,796.5,887.8,0.18,0.2,5.36,311.0,2.86,,96.3,1,96.3,102.1,85.3,73.4,106.2,94.56666666666662,8.533072912691814,91.55714285714285,14.494810237100072,2020-11-12,78.5,2020-11-14,77.2,2020-11-18,200.6,2020-11-26,91.3,2020-12-11,114.9,0,0,0,1
2020-11-12,2020,11,12,11053,10184,13401,95.5,95.5,7.25,7.21,26035,24.8,5.74,121350.0,4446.49825,4491.53875,1037.2,1277.9,0.23,0.28,5.65,177.0,,,78.5,1,78.5,96.3,102.1,85.3,99.9,92.29999999999995,12.297967311713768,88.5,14.697278659670896,2020-11-13,103.5,2020-11-15,72.3,2020-11-19,150.3,2020-11-27,75.9,2020-12-12,105.0,0,0,0,1
2020-11-13,2020,11,13,14220,10889,22480,95.0,95.4,7.2,7.16,22425,18.0,4.67,33100.0,5032.0,4802.0,1037.0,1187.0,0.21,0.25,5.57,406.0,2.89,1.67,103.5,1,103.5,78.5,96.3,102.1,110.5,92.76666666666664,12.869084401514893,87.5,13.102544282187498,2020-11-14,77.2,2020-11-16,86.0,2020-11-20,58.4,2020-11-28,75.8,2020-12-13,88.7,0,0,0,1
2020-11-14,2020,11,14,14233,10650,8139,95.5,95.8,7.25,7.22,0,26.0,,,5092.0,4947.0,1220.0,1162.0,0.24,0.23,5.65,484.0,2.94,,77.2,1,77.2,103.5,78.5,96.3,73.4,86.39999999999996,14.82329248176591,88.04285714285713,12.485172157785467,2020-11-15,72.3,2020-11-17,137.1,2020-11-21,87.4,2020-11-29,73.1,2020-12-14,100.6,0,0,0,1
2020-11-15,2020,11,15,13407,10662,8145,95.3,95.2,7.25,7.23,0,26.6,,,5104.59,4896.90325,1070.4,1219.8,0.21,0.25,5.56,356.0,2.96,,72.3,1,72.3,77.2,103.5,78.5,73.4,84.3333333333333,16.77865707776728,87.88571428571429,12.705173299544018,2020-11-16,86.0,2020-11-18,200.6,2020-11-22,88.1,2020-11-30,84.4,2020-12-15,106.2,0,0,0,1
2020-11-16,2020,11,16,13065,11072,11334,95.4,95.6,7.25,7.22,22491,24.2,8.8,160350.0,4916.92125,4846.85825,1170.0,1302.8,0.24,0.27,5.67,211.0,2.8,2.3,86.0,1,86.0,72.3,77.2,103.5,85.3,78.49999999999996,6.94190175672156,87.98571428571428,12.684167108569364,2020-11-17,137.1,2020-11-19,150.3,2020-11-23,112.1,2020-12-01,97.7,2020-12-16,124.2,0,0,0,1
2020-11-17,2020,11,17,14503,10980,25698,94.8,95.7,7.19,7.2,23451,16.8,7.4,154350.0,4904.41,4766.78625,1170.0,1294.5,0.24,0.27,5.63,341.0,2.85,1.94,137.1,1,137.1,86.0,72.3,77.2,102.1,98.46666666666663,34.15147629800674,92.98571428571427,22.37308118933954,2020-11-18,200.6,2020-11-20,58.4,2020-11-24,128.1,2020-12-02,59.4,2020-12-17,122.8,0,0,0,1
2020-11-18,2020,11,18,14446,7455,29077,94.6,95.4,7.13,7.17,33921,16.8,7.78,131300.0,4211.28675,4078.6675,1111.9,1825.7,0.26,0.45,5.74,730.0,3.23,1.94,200.6,1,200.6,137.1,86.0,72.3,96.3,141.23333333333326,57.411700317385964,107.88571428571427,46.58166408117515,2020-11-19,150.3,2020-11-21,87.4,2020-11-25,160.6,2020-12-03,65.0,2020-12-18,125.2,0,0,0,1
2020-11-19,2020,11,19,6484,1028,7172,94.2,95.7,7.21,7.2,2200,58.4,6.41,,3736.0,4284.0,879.0,1386.0,0.24,0.32,5.76,509.0,3.22,,150.3,1,150.3,200.6,137.1,86.0,78.5,162.66666666666663,33.50766081560075,118.14285714285714,46.936299283989186,2020-11-20,58.4,2020-11-22,88.1,2020-11-26,91.3,2020-12-04,99.8,2020-12-19,84.3,0,0,0,1
2020-11-20,2020,11,20,7383,11902,2981,95.6,95.6,7.28,7.24,15201,38.5,6.98,62100.0,5065.0,4907.0,963.0,697.0,0.19,0.14,5.68,429.0,,,58.4,1,58.4,150.3,200.6,137.1,103.5,136.4333333333333,72.10702693450432,111.7,52.09337769812987,2020-11-21,87.4,2020-11-23,112.1,2020-11-27,75.9,2020-12-05,89.9,2020-12-20,74.5,0,0,0,1
2020-11-21,2020,11,21,14489,10727,8129,95.5,95.1,7.28,7.25,0,25.7,,,,,,,,,5.54,640.0,3.41,,87.4,1,87.4,58.4,150.3,200.6,77.2,98.69999999999997,46.98052788124012,113.15714285714286,51.1007128829224,2020-11-22,88.1,2020-11-24,128.1,2020-11-28,75.8,2020-12-06,79.2,2020-12-21,75.6,0,0,0,1
2020-11-22,2020,11,22,13400,10744,6979,95.4,95.7,7.28,7.22,0,27.6,,,4761.78175,4381.43975,1435.6,1253.0,0.3,0.29,5.51,161.0,3.17,,88.1,1,88.1,87.4,58.4,150.3,72.3,77.96666666666663,16.948844601721458,115.41428571428571,49.31292692494308,2020-11-23,112.1,2020-11-25,160.6,2020-11-29,73.1,2020-12-07,45.9,2020-12-22,100.8,0,0,0,1
2020-11-23,2020,11,23,11470,9943,16699,95.2,95.7,7.31,7.29,31517,22.5,5.77,14380.0,4599.1355,3858.4695,970.8,1153.4,0.21,0.3,5.49,73.3,,1.87,112.1,1,112.1,88.1,87.4,58.4,86.0,95.86666666666663,14.062835181189875,119.14285714285714,47.677837518874576,2020-11-24,128.1,2020-11-26,91.3,2020-11-30,84.4,2020-12-08,54.9,2020-12-23,112.0,0,0,0,1
2020-11-24,2020,11,24,13532,11029,17762,95.6,95.3,7.23,7.19,16268,20.3,6.61,134950.0,4639.1715,4986.98425,979.1,962.5,0.21,0.19,6.05,300.0,,,128.1,1,128.1,112.1,88.1,87.4,137.1,109.43333333333328,20.132891827388306,117.85714285714286,47.23215208389519,2020-11-25,160.6,2020-11-27,75.9,2020-12-01,97.7,2020-12-09,56.2,2020-12-24,69.1,0,0,0,1
2020-11-25,2020,11,25,18366,10949,29999,95.2,95.3,7.3,7.29,37421,14.5,6.37,80900.0,5005.0,4882.0,1303.0,1361.0,0.26,0.28,6.49,542.0,2.92,1.94,160.6,1,160.6,128.1,112.1,88.1,200.6,133.59999999999994,24.713356712514752,112.14285714285714,36.82675011197077,2020-11-26,91.3,2020-11-28,75.8,2020-12-02,59.4,2020-12-10,36.7,2020-12-25,63.6,0,0,0,1
2020-11-26,2020,11,26,13748,10719,8125,95.0,95.5,7.32,7.26,0,26.3,,,4977.0,4897.0,1419.0,1361.0,0.29,0.28,5.86,429.0,2.88,,91.3,1,91.3,160.6,128.1,112.1,150.3,126.66666666666661,34.67222711816083,103.71428571428571,33.212519154250316,2020-11-27,75.9,2020-11-29,73.1,2020-12-03,65.0,2020-12-11,114.9,2020-12-26,58.5,0,0,0,1
2020-11-27,2020,11,27,12447,10755,8134,95.2,95.8,7.32,7.18,4824,27.4,,,4997.0,4814.0,1120.0,1344.0,0.22,0.28,5.74,131.0,2.62,,75.9,1,75.9,91.3,160.6,128.1,58.4,109.26666666666664,45.117882633533654,106.21428571428571,29.706701184044494,2020-11-28,75.8,2020-11-30,84.4,2020-12-04,99.8,2020-12-12,105.0,2020-12-27,63.1,0,0,0,1
2020-11-28,2020,11,28,14051,10741,8133,95.2,95.7,7.23,7.2,0,26.1,,,5022.01575,4794.311,1344.3,1302.8,0.27,0.27,5.71,101.0,,,75.8,1,75.8,75.9,91.3,160.6,87.4,80.99999999999996,8.920201791437817,104.55714285714285,31.216334246825642,2020-11-29,73.1,2020-12-01,97.7,2020-12-05,89.9,2020-12-13,88.7,2020-12-28,72.6,0,0,0,1
2020-11-29,2020,11,29,14845,10740,7628,95.4,95.7,7.26,7.21,0,25.8,,,5199.6755,4974.473,1253.0,1269.6,0.24,0.26,5.66,64.2,2.74,,73.1,1,73.1,75.8,75.9,91.3,88.1,74.9333333333333,1.5885003409822323,102.41428571428571,32.998304429744735,2020-11-30,84.4,2020-12-02,59.4,2020-12-06,79.2,2020-12-14,100.6,2020-12-29,93.7,0,0,0,1
2020-11-30,2020,11,30,15242,11077,16543,95.3,95.3,7.25,7.27,35370,20.0,9.45,190200.0,5089.5765,4856.86725,1377.5,1460.5,0.27,0.3,5.75,73.1,2.64,1.84,84.4,1,84.4,73.1,75.8,75.9,112.1,77.76666666666662,5.901129835319859,98.45714285714284,33.302695443605465,2020-12-01,97.7,2020-12-03,65.0,2020-12-07,45.9,2020-12-15,106.2,2020-12-30,88.4,0,0,0,1
2020-12-01,2020,12,1,15629,10326,16974,94.5,94.4,7.21,7.21,9247,20.0,6.29,110400.0,5029.5225,4919.4235,1385.8,1327.7,0.28,0.27,5.71,166.0,2.7,2.8,97.7,1,97.7,84.4,73.1,75.8,128.1,85.06666666666662,12.313542680045657,94.11428571428571,30.671019359836173,2020-12-02,59.4,2020-12-04,99.8,2020-12-08,54.9,2020-12-16,124.2,2020-12-31,73.7,0,0,0,1
2020-12-02,2020,12,2,9267,6638,5756,92.6,92.8,7.18,7.22,22709,39.6,5.67,98450.0,4829.3425,4811.82675,1219.8,1244.7,0.25,0.26,5.69,206.0,2.63,2.1,59.4,1,59.4,97.7,84.4,73.1,160.6,80.49999999999996,19.445565047073597,79.65714285714286,12.688164713997933,2020-12-03,65.0,2020-12-05,89.9,2020-12-09,56.2,2020-12-17,122.8,2021-01-01,53.7,0,0,0,1
2020-12-03,2020,12,3,19071,12272,10384,94.0,94.4,7.2,7.18,10184,20.6,5.38,86350.0,4729.2525,4861.87175,838.0,987.4,0.18,0.2,5.71,272.0,2.78,,65.0,1,65.0,59.4,97.7,84.4,91.3,74.03333333333329,20.686307870988003,75.89999999999999,12.559193180031599,2020-12-04,99.8,2020-12-06,79.2,2020-12-10,36.7,2020-12-18,125.2,2021-01-02,49.5,0,0,0,1
2020-12-04,2020,12,4,13677,11081,24451,94.0,94.0,7.13,7.15,36617,17.4,2.35,60750.0,4772.0,4504.0,1012.0,963.0,0.21,0.21,5.64,478.0,2.72,2.17,99.8,1,99.8,65.0,59.4,97.7,75.9,74.73333333333329,21.88820077880547,79.3142857142857,15.470448018877162,2020-12-05,89.9,2020-12-07,45.9,2020-12-11,114.9,2020-12-19,84.3,2021-01-03,49.5,0,0,0,1
2020-12-05,2020,12,5,12438,10685,17697,92.2,94.1,7.17,7.21,0,21.0,,,4467.0,5782.0,938.0,1054.0,0.21,0.18,5.4,364.0,2.84,,89.9,1,89.9,99.8,65.0,59.4,75.8,84.89999999999996,17.930699930565236,81.32857142857144,15.849891091709932,2020-12-06,79.2,2020-12-08,54.9,2020-12-12,105.0,2020-12-20,74.5,2021-01-04,70.5,0,0,0,1
2020-12-06,2020,12,6,15217,10707,17730,90.9,94.5,7.07,7.25,0,19.7,,,4159.0,4719.0,1328.0,1012.0,0.32,0.21,5.25,352.0,2.97,,79.2,1,79.2,89.9,99.8,65.0,73.1,89.63333333333328,10.302588671460574,82.2,15.485584694591012,2020-12-07,45.9,2020-12-09,56.2,2020-12-13,88.7,2020-12-21,75.6,2021-01-05,111.3,0,0,0,1
2020-12-07,2020,12,7,15307,11033,7939,89.8,94.9,7.12,7.22,17436,25.0,3.19,93150.0,3899.0,4829.0,689.0,689.0,0.18,0.14,5.1,220.0,2.86,1.88,45.9,1,45.9,79.2,89.9,99.8,84.4,71.66666666666661,22.94696784617303,76.7,20.574741796679216,2020-12-08,54.9,2020-12-10,36.7,2020-12-14,100.6,2020-12-22,100.8,2021-01-06,130.5,0,0,0,1
2020-12-08,2020,12,8,13425,11073,16573,91.5,95.0,7.07,7.21,20303,20.9,2.16,47780.0,3733.357,4519.0635,879.5,1286.2,0.24,0.28,4.23,239.0,2.7,1.94,54.9,1,54.9,45.9,79.2,89.9,97.7,59.999999999999964,17.225852663945542,70.58571428571427,19.63189824167413,2020-12-09,56.2,2020-12-11,114.9,2020-12-15,106.2,2020-12-23,112.0,2021-01-07,144.9,0,0,0,1
2020-12-09,2020,12,9,15292,13820,20499,92.4,95.3,7.14,7.23,23758,17.3,1.69,34300.0,3761.0,4462.0,763.0,987.0,0.2,0.22,4.25,253.0,2.42,2.2,56.2,1,56.2,54.9,45.9,79.2,59.4,52.33333333333329,5.609218602736835,70.12857142857142,19.970120537586485,2020-12-10,36.7,2020-12-12,105.0,2020-12-16,124.2,2020-12-24,69.1,2021-01-08,145.4,0,0,0,1
2020-12-10,2020,12,10,20427,11604,13560,92.8,94.9,7.08,7.16,7200,18.8,7.26,137400.0,3723.0,4557.0,772.0,1427.0,0.21,0.31,4.95,445.0,3.24,1.85,36.7,1,36.7,56.2,54.9,45.9,65.0,49.26666666666662,10.902446208685802,66.08571428571429,23.69806100165401,2020-12-11,114.9,2020-12-13,88.7,2020-12-17,122.8,2020-12-25,63.6,2021-01-09,94.6,0,0,0,1
2020-12-11,2020,12,11,21980,11293,19461,93.8,95.1,7.12,7.2,31753,16.3,5.13,98600.0,3848.0,4224.0,1095.0,888.0,0.28,0.21,5.22,203.0,3.8,1.85,114.9,1,114.9,36.7,56.2,54.9,99.8,69.26666666666664,40.70458614619853,68.24285714285715,27.638129286842297,2020-12-12,105.0,2020-12-14,100.6,2020-12-18,125.2,2020-12-26,58.5,2021-01-10,73.2,0,0,0,1
2020-12-12,2020,12,12,18313,10872,9685,93.3,94.1,6.99,7.04,0,22.1,,,3931.0,4331.0,1178.0,2108.0,0.3,0.49,6.14,447.0,2.94,,105.0,1,105.0,114.9,36.7,56.2,89.9,85.5333333333333,42.5796117095178,70.4,30.09064084838816,2020-12-13,88.7,2020-12-15,106.2,2020-12-19,84.3,2020-12-27,63.1,2021-01-11,67.9,0,0,0,1
2020-12-13,2020,12,13,20001,10872,10908,93.6,94.4,7.12,7.15,0,20.5,,,4044.0,4221.0,1311.0,1369.0,0.32,0.32,5.81,305.0,2.93,,88.7,1,88.7,105.0,114.9,36.7,79.2,102.86666666666663,13.229638443030623,71.75714285714287,30.760464731148154,2020-12-14,100.6,2020-12-16,124.2,2020-12-20,74.5,2020-12-28,72.6,2021-01-12,69.1,0,0,0,1
2020-12-14,2020,12,14,29985,17994,21752,93.7,95.3,7.17,7.18,42959,12.3,5.73,108300.0,4131.0,4509.0,1029.0,1162.0,0.25,0.26,5.79,208.0,2.81,2.0,100.6,1,100.6,88.7,105.0,114.9,45.9,98.09999999999995,8.432674546072436,79.57142857142857,30.036406480898027,2020-12-15,106.2,2020-12-17,122.8,2020-12-21,75.6,2020-12-29,93.7,2021-01-13,104.5,0,0,0,1
2020-12-15,2020,12,15,18015,22111,39433,93.3,93.9,7.01,7.07,25753,10.8,4.31,96425.0,3838.4515,4166.24625,1269.6,1286.2,0.33,0.31,5.76,276.0,2.9,2.3,106.2,1,106.2,100.6,88.7,105.0,54.9,98.49999999999996,8.937001734361376,86.9,29.261920647832028,2020-12-16,124.2,2020-12-18,125.2,2020-12-22,100.8,2020-12-30,88.4,2021-01-14,137.2,0,0,0,1
2020-12-16,2020,12,16,18184,22142,25617,92.7,91.8,7.06,7.03,28971,13.0,5.66,39600.0,3790.90875,4108.6945,1302.8,1319.4,0.34,0.32,5.57,330.0,3.37,1.97,124.2,1,124.2,106.2,100.6,88.7,56.2,110.3333333333333,12.33099076851968,96.61428571428571,28.652482648189135,2020-12-17,122.8,2020-12-19,84.3,2020-12-23,112.0,2020-12-31,73.7,2021-01-15,158.9,0,0,0,1
2020-12-17,2020,12,17,19155,21793,27112,93.0,90.4,7.2,7.01,41261,12.6,4.15,75900.0,3916.0,3941.0,1046.0,1087.0,0.27,0.28,4.95,384.0,,,122.8,1,122.8,124.2,106.2,100.6,36.7,117.73333333333329,10.01265865458925,108.91428571428573,12.667073928290554,2020-12-18,125.2,2020-12-20,74.5,2020-12-24,69.1,2021-01-01,53.7,2021-01-16,128.7,0,0,0,1
2020-12-18,2020,12,18,14643,20945,21523,93.0,90.0,7.09,6.97,45152,15.0,3.22,62475.0,3506.0,3406.0,1245.0,1120.0,0.36,0.33,4.43,384.0,3.46,2.4,125.2,1,125.2,122.8,124.2,106.2,114.9,124.06666666666662,1.2055427546644557,110.38571428571427,14.005764119513252,2020-12-19,84.3,2020-12-21,75.6,2020-12-25,63.6,2021-01-02,49.5,2021-01-17,96.9,0,0,0,1
2020-12-19,2020,12,19,11438,21886,8093,93.9,91.1,7.09,7.0,0,20.7,,,3798.0,3838.0,1502.0,1485.0,0.4,0.39,4.25,493.0,3.73,,84.3,1,84.3,125.2,122.8,124.2,105.0,110.76666666666664,22.952196699516975,107.42857142857143,17.162042835447384,2020-12-20,74.5,2020-12-22,100.8,2020-12-26,58.5,2021-01-03,49.5,2021-01-18,75.7,0,0,0,1
2020-12-20,2020,12,20,10767,21863,8094,95.0,92.1,7.15,7.07,0,21.1,,,3966.06625,4026.12025,862.9,779.9,0.22,0.19,4.25,213.0,3.73,,74.5,1,74.5,84.3,125.2,122.8,88.7,94.66666666666663,26.89281192685716,105.4,20.297536796370558,2020-12-21,75.6,2020-12-23,112.0,2020-12-27,63.1,2021-01-04,70.5,2021-01-19,90.0,0,0,0,1
2020-12-21,2020,12,21,10268,22152,13218,95.6,93.3,7.09,7.01,18000,18.8,4.16,77825.0,4146.22825,3875.98525,995.7,945.9,0.24,0.24,4.26,79.4,,1.8,75.6,1,75.6,74.5,84.3,125.2,100.6,78.13333333333328,5.368736660826558,101.82857142857142,23.26533288577087,2020-12-22,100.8,2020-12-24,69.1,2020-12-28,72.6,2021-01-05,111.3,2021-01-20,88.1,0,0,0,1
2020-12-22,2020,12,22,9499,22069,29178,95.7,93.8,7.1,7.08,48029,14.1,4.41,87425.0,4066.15625,3928.5325,804.8,1087.0,0.2,0.28,4.22,85.7,3.16,1.87,100.8,1,100.8,75.6,74.5,84.3,106.2,83.63333333333328,14.87693964944758,101.05714285714285,23.185617463049685,2020-12-23,112.0,2020-12-25,63.6,2020-12-29,93.7,2021-01-06,130.5,2021-01-21,46.9,0,0,0,1
2020-12-23,2020,12,23,9161,22119,20144,95.1,94.4,7.21,7.03,17317,16.7,2.68,77175.0,3871.0,3916.0,672.0,838.0,0.17,0.21,3.81,83.3,3.7,0.84,112.0,1,112.0,100.8,75.6,74.5,124.2,96.13333333333328,18.643318731741704,99.31428571428572,21.5573984648298,2020-12-24,69.1,2020-12-26,58.5,2020-12-30,88.4,2021-01-07,144.9,2021-01-22,58.5,0,0,0,1
2020-12-24,2020,12,24,7714,21879,3797,95.2,94.5,7.17,7.07,5000,25.7,,,3984.0,4014.0,672.0,813.0,0.17,0.2,2.37,190.0,3.64,,69.1,1,69.1,112.0,100.8,75.6,122.8,93.96666666666663,22.25136699920502,91.64285714285714,21.36077847698617,2020-12-25,63.6,2020-12-27,63.1,2020-12-31,73.7,2021-01-08,145.4,2021-01-23,84.4,0,0,0,1
2020-12-25,2020,12,25,6946,21909,4981,95.3,95.4,7.22,7.16,0,25.4,,,4044.0,3694.0,946.0,921.0,0.23,0.25,2.12,195.0,3.53,,63.6,1,63.6,69.1,112.0,100.8,125.2,81.56666666666662,26.49911948222628,82.84285714285714,17.587576784278053,2020-12-26,58.5,2020-12-28,72.6,2021-01-01,53.7,2021-01-09,94.6,2021-01-24,97.8,0,0,0,1
2020-12-26,2020,12,26,6783,21927,7246,95.8,95.2,7.25,7.2,0,23.9,,,,,,,,,2.16,135.0,3.42,,58.5,1,58.5,63.6,69.1,112.0,84.3,63.73333333333329,5.30125771240153,79.15714285714286,19.79603134830001,2020-12-27,63.1,2020-12-29,93.7,2021-01-02,49.5,2021-01-10,73.2,2021-01-25,118.4,0,0,0,1
2020-12-27,2020,12,27,6017,22053,9392,95.2,95.6,7.25,7.2,0,22.9,,,,,,,,,2.2,152.0,3.1,,63.1,1,63.1,58.5,63.6,69.1,74.5,61.73333333333329,2.8112867753567694,77.52857142857144,20.691682248810366,2020-12-28,72.6,2020-12-30,88.4,2021-01-03,49.5,2021-01-11,67.9,2021-01-26,139.8,0,0,0,1
2020-12-28,2020,12,28,6906,23390,13676,95.6,95.4,7.27,7.21,26331,19.5,,98428.0,4384.0,4254.0,1286.0,805.0,0.29,0.19,2.72,151.0,3.38,2.28,72.6,1,72.6,63.1,58.5,63.6,75.6,64.73333333333329,7.190502995847862,77.1,20.769207977195947,2020-12-29,93.7,2020-12-31,73.7,2021-01-04,70.5,2021-01-12,69.1,2021-01-27,175.8,0,0,0,1
2020-12-29,2020,12,29,13774,22692,13795,95.3,95.4,7.15,7.12,14742,17.1,5.37,95600.0,4028.6225,4403.96,921.0,1253.0,0.23,0.28,3.94,342.0,3.38,1.7,93.7,1,93.7,72.6,63.1,58.5,100.8,76.46666666666663,15.66216247308468,76.08571428571429,19.556876759121035,2020-12-30,88.4,2021-01-01,53.7,2021-01-05,111.3,2021-01-13,104.5,2021-01-28,150.4,0,0,0,1
2020-12-30,2020,12,30,6486,22736,11302,95.5,94.4,7.3,7.24,18102,21.2,6.77,115500.0,4756.77725,4323.888,962.5,862.9,0.2,0.2,4.96,362.0,3.47,1.64,88.4,1,88.4,93.7,72.6,63.1,112.0,84.89999999999996,10.976793703079796,72.71428571428571,13.398187510684005,2020-12-31,73.7,2021-01-02,49.5,2021-01-06,130.5,2021-01-14,137.2,2021-01-29,110.1,0,0,0,1
2020-12-31,2020,12,31,9955,22798,6774,95.5,95.1,7.29,7.18,10376,21.7,1.58,117050.0,4721.74575,4233.807,871.2,912.7,0.18,0.22,4.61,238.0,3.62,2.2,73.7,1,73.7,88.4,93.7,72.6,69.1,85.26666666666664,10.361627928723635,73.37142857142858,13.303848351225339,2021-01-01,53.7,2021-01-03,49.5,2021-01-07,144.9,2021-01-15,158.9,2021-01-30,102.8,0,0,0,1
2021-01-01,2021,1,1,7079,22297,3808,95.2,95.4,7.22,7.18,0,25.9,,119850.0,4631.66475,4271.34075,1103.6,1028.9,0.24,0.24,4.44,255.0,3.92,,53.7,1,53.7,73.7,88.4,93.7,63.6,71.9333333333333,17.417328536067192,71.95714285714286,14.94120222102439,2021-01-02,49.5,2021-01-04,70.5,2021-01-08,145.4,2021-01-16,128.7,2021-01-31,97.7,0,0,0,1
2021-01-02,2021,1,2,7551,20280,3801,95.4,95.6,7.31,7.2,0,27.1,,,4749.2705,4381.43975,788.2,887.8,0.17,0.2,4.41,118.0,3.54,,49.5,1,49.5,53.7,73.7,88.4,58.5,58.96666666666662,12.931099463436803,70.67142857142856,16.588622032959865,2021-01-03,49.5,2021-01-05,111.3,2021-01-09,94.6,2021-01-17,96.9,2021-02-01,97.0,0,0,0,1
2021-01-03,2021,1,3,8006,22329,3804,95.8,95.4,7.29,7.24,0,25.1,,,4854.365,4544.086,1568.4,1294.5,0.32,0.28,4.29,92.2,3.67,,49.5,1,49.5,49.5,53.7,73.7,63.1,50.899999999999956,2.4248711305879973,68.72857142857143,18.328367292780566,2021-01-04,70.5,2021-01-06,130.5,2021-01-10,73.2,2021-01-18,75.7,2021-02-02,108.7,0,0,0,1
2021-01-04,2021,1,4,7644,22999,10991,95.8,95.8,7.25,7.2,16529,20.6,6.29,,4856.86725,4456.50725,1261.3,1460.5,0.26,0.33,4.42,71.6,3.57,1.65,70.5,1,70.5,49.5,49.5,53.7,72.6,56.499999999999964,12.124355652980547,68.42857142857143,18.271536542367432,2021-01-05,111.3,2021-01-07,144.9,2021-01-11,67.9,2021-01-19,90.0,2021-02-03,129.4,0,0,0,1
2021-01-05,2021,1,5,11296,22863,15008,95.5,95.2,7.13,7.05,15613,17.5,9.87,186825.0,4754.275,4166.24625,1153.4,1161.7,0.24,0.28,4.56,186.9,3.52,1.89,111.3,1,111.3,70.5,49.5,49.5,93.7,77.09999999999995,31.42419450041591,70.94285714285715,22.942526535007957,2021-01-06,130.5,2021-01-08,145.4,2021-01-12,69.1,2021-01-20,88.1,2021-02-04,146.6,0,0,0,1
2021-01-06,2021,1,6,6112,23079,16147,95.9,94.9,7.25,7.18,25725,18.9,9.6,220500.0,4941.94375,4501.54775,1261.3,1161.7,0.26,0.26,4.98,243.0,3.7,0.91,130.5,1,130.5,111.3,70.5,49.5,88.4,104.09999999999995,30.641148803528566,76.95714285714287,32.008481018987396,2021-01-07,144.9,2021-01-09,94.6,2021-01-13,104.5,2021-01-21,46.9,2021-02-05,173.0,0,0,0,1
2021-01-07,2021,1,7,9620,22669,14781,95.5,94.8,7.3,7.24,31234,18.2,7.43,108325.0,4546.58825,4283.852,1269.6,1360.9,0.28,0.32,4.76,265.0,3.3,0.63,144.9,1,144.9,130.5,111.3,70.5,73.7,128.89999999999995,16.857046004564083,87.12857142857142,40.8833182885848,2021-01-08,145.4,2021-01-10,73.2,2021-01-14,137.2,2021-01-22,58.5,2021-02-06,166.0,0,0,0,1
2021-01-08,2021,1,8,7815,20331,18526,95.5,95.1,7.27,7.18,32598,18.4,7.37,77200.0,4592.0,4306.0,1070.0,938.0,0.23,0.22,4.58,252.0,3.53,1.84,145.4,1,145.4,144.9,130.5,111.3,53.7,140.26666666666662,8.46187528467112,100.22857142857144,43.02226998062435,2021-01-09,94.6,2021-01-11,67.9,2021-01-15,158.9,2021-01-23,84.4,2021-02-07,154.8,0,0,0,1
2021-01-09,2021,1,9,7673,22416,5052,95.2,95.5,7.35,7.26,0,24.4,,,4819.0,5087.0,1469.0,821.0,0.3,0.16,4.75,304.0,3.47,,94.6,1,94.6,145.4,144.9,130.5,49.5,128.29999999999995,29.186126841360608,106.67142857142858,37.13312601463905,2021-01-10,73.2,2021-01-12,69.1,2021-01-16,128.7,2021-01-24,97.8,2021-02-08,48.3,0,0,0,1
2021-01-10,2021,1,10,8180,22398,3792,95.3,87.3,7.25,7.11,0,25.0,,,5055.0,4522.0,597.0,797.0,0.12,0.18,4.99,290.0,3.55,,73.2,1,73.2,94.6,145.4,144.9,49.5,104.39999999999996,37.08422845361597,110.05714285714286,31.740450382378096,2021-01-11,67.9,2021-01-13,104.5,2021-01-17,96.9,2021-01-25,118.4,2021-02-09,105.2,0,0,0,1
2021-01-11,2021,1,11,8580,22801,3798,95.6,85.8,7.23,7.07,19375,24.4,1.6,175200.0,4992.0,4594.0,1212.0,813.0,0.24,0.18,4.91,196.0,3.65,2.0,67.9,1,67.9,73.2,94.6,145.4,70.5,78.56666666666662,14.135888133870566,109.6857142857143,32.29093931592541,2021-01-12,69.1,2021-01-14,137.2,2021-01-18,75.7,2021-01-26,139.8,2021-02-10,96.8,0,0,0,1
2021-01-12,2021,1,12,12503,22297,3796,95.2,95.5,7.26,7.19,6200,22.2,,247000.0,4779.0,4567.0,1178.0,1253.0,0.25,0.27,4.83,262.0,3.59,1.9,69.1,1,69.1,67.9,73.2,94.6,111.3,70.06666666666662,2.779088579606548,103.65714285714286,35.69877949094161,2021-01-13,104.5,2021-01-15,158.9,2021-01-19,90.0,2021-01-27,175.8,2021-02-11,94.8,0,0,0,1
2021-01-13,2021,1,13,8586,22929,7230,95.1,89.3,7.35,7.22,21647,22.1,14.38,224000.0,3643.0,3040.0,1220.0,1477.0,0.33,0.49,4.81,509.0,3.72,2.9,104.5,1,104.5,69.1,67.9,73.2,130.5,80.49999999999996,20.793268141395433,99.94285714285715,33.73923814309101,2021-01-14,137.2,2021-01-16,128.7,2021-01-20,88.1,2021-01-28,150.4,2021-02-12,91.5,0,0,0,1
2021-01-14,2021,1,14,12267,23519,11287,95.4,90.4,7.24,7.13,32420,18.2,12.33,43575.0,4109.0,3828.0,929.0,996.0,0.23,0.26,4.83,235.0,3.9,2.17,137.2,1,137.2,104.5,69.1,67.9,144.9,103.59999999999995,34.058919536590984,98.84285714285716,32.11566892462629,2021-01-15,158.9,2021-01-17,96.9,2021-01-21,46.9,2021-01-29,110.1,2021-02-13,89.7,0,0,0,1
2021-01-15,2021,1,15,11152,22703,10220,95.2,91.1,7.16,6.98,22398,19.5,9.15,,4457.0,4111.0,1303.0,904.0,0.29,0.22,4.77,204.0,3.77,2.13,158.9,1,158.9,137.2,104.5,69.1,145.4,133.5333333333333,27.384728104060564,100.77142857142857,35.59436820086942,2021-01-16,128.7,2021-01-18,75.7,2021-01-22,58.5,2021-01-30,102.8,2021-02-14,86.5,0,0,0,1
2021-01-16,2021,1,16,12310,22666,8107,95.2,91.3,7.26,7.18,0,19.9,,,4894.401,4301.36775,1394.1,1253.0,0.28,0.29,4.51,352.0,3.76,,128.7,1,128.7,158.9,137.2,104.5,94.6,141.59999999999994,15.573374714556724,105.64285714285714,36.917830251468004,2021-01-17,96.9,2021-01-19,90.0,2021-01-23,84.4,2021-01-31,97.7,2021-02-15,84.7,0,0,0,1
2021-01-17,2021,1,17,12859,22735,5017,95.2,91.9,7.29,7.16,0,21.1,,223600.0,5024.518,4481.52975,1087.0,1410.7,0.22,0.31,4.49,239.0,3.65,,96.9,1,96.9,128.7,158.9,137.2,73.2,128.16666666666663,31.003440669276078,109.02857142857144,34.450965844502285,2021-01-18,75.7,2021-01-20,88.1,2021-01-24,97.8,2021-02-01,97.0,2021-02-16,75.1,0,0,0,1
2021-01-18,2021,1,18,13267,23408,4832,95.5,91.7,7.18,7.1,27104,20.7,9.2,169725.0,5042.03375,4529.0725,1203.2,1634.8,0.24,0.36,4.58,237.0,3.64,1.71,75.7,1,75.7,96.9,128.7,158.9,67.9,100.4333333333333,26.67608167128952,110.14285714285714,32.994335733216474,2021-01-19,90.0,2021-01-21,46.9,2021-01-25,118.4,2021-02-02,108.7,2021-02-17,68.1,0,0,0,1
2021-01-19,2021,1,19,15316,23200,13458,95.8,92.0,7.29,7.23,5700,16.5,8.45,198575.0,4704.23,4599.1355,1194.9,1070.4,0.25,0.23,4.58,255.0,3.69,1.81,90.0,1,90.0,75.7,96.9,128.7,69.1,87.5333333333333,10.813109327723609,113.12857142857142,29.4125094863687,2021-01-20,88.1,2021-01-22,58.5,2021-01-26,139.8,2021-02-03,129.4,2021-02-18,74.8,0,0,0,1
2021-01-20,2021,1,20,8719,17689,5619,94.4,91.3,,,13450,26.8,8.45,186825.0,,,,,,,4.52,417.9,3.6,2.3,88.1,1,88.1,90.0,75.7,96.9,104.5,84.59999999999997,7.7659513261395485,110.78571428571429,30.833230373058708,2021-01-21,46.9,2021-01-23,84.4,2021-01-27,175.8,2021-02-04,146.6,2021-02-19,80.3,0,0,0,1
2021-01-21,2021,1,21,6216,15408,0,,,,,21672,39.7,9.38,,,,,,,,4.45,483.0,3.6,2.26,46.9,1,46.9,88.1,90.0,75.7,137.2,74.99999999999996,24.353849798337112,97.88571428571427,36.338520817971,2021-01-22,58.5,2021-01-24,97.8,2021-01-28,150.4,2021-02-05,173.0,2021-02-20,87.3,1,0,0,1
2021-01-22,2021,1,22,8730,19202,4436,85.0,85.0,,,22300,26.5,9.61,200925.0,,,,,,,3.95,308.0,3.51,2.2,58.5,1,58.5,46.9,88.1,90.0,158.9,64.49999999999996,21.245234759822264,83.54285714285713,26.806084952417216,2021-01-23,84.4,2021-01-25,118.4,2021-01-29,110.1,2021-02-06,166.0,2021-02-21,53.0,0,0,0,1
2021-01-23,2021,1,23,12728,23015,8135,90.8,90.1,7.21,7.15,0,19.6,9.38,,4916.92125,4408.9645,1568.4,1286.2,0.32,0.29,3.79,381.0,3.45,,84.4,1,84.4,58.5,46.9,88.1,128.7,63.26666666666663,19.199045115142923,77.21428571428571,18.223650253762216,2021-01-24,97.8,2021-01-26,139.8,2021-01-30,102.8,2021-02-07,154.8,2021-02-22,9.4,0,0,0,1
2021-01-24,2021,1,24,12777,23018,8128,92.5,92.2,7.21,7.13,0,19.5,,,4774.293,4816.83125,190.6,1311.1,0.4,0.27,3.75,388.0,3.44,,97.8,1,97.8,84.4,58.5,46.9,96.9,80.23333333333329,19.97857185419669,77.34285714285714,18.38811728108335,2021-01-25,118.4,2021-01-27,175.8,2021-01-31,97.7,2021-02-08,48.3,2021-02-23,1.6,0,0,0,1
2021-01-25,2021,1,25,12341,23688,14912,93.9,93.8,7.2,7.06,56055,16.8,4.28,94900.0,4789.3065,4589.1265,846.3,1120.2,0.18,0.24,4.02,172.0,3.43,2.14,118.4,1,118.4,97.8,84.4,58.5,75.7,100.19999999999997,17.126587517657317,83.44285714285715,23.98352609208125,2021-01-26,139.8,2021-01-28,150.4,2021-02-01,97.0,2021-02-09,105.2,2021-02-24,6.8,0,0,0,1
2021-01-26,2021,1,26,11940,23489,19942,94.3,94.7,7.28,7.19,32615,15.5,7.49,194700.0,4967.0,4334.0,954.0,879.0,0.19,0.2,3.53,431.0,3.43,2.21,139.8,1,139.8,118.4,97.8,84.4,90.0,118.66666666666663,21.001269802878987,90.55714285714286,32.22343128547209,2021-01-27,175.8,2021-01-29,110.1,2021-02-02,108.7,2021-02-10,96.8,2021-02-25,10.8,0,0,0,1
2021-01-27,2021,1,27,12005,24133,9252,94.5,95.2,7.27,7.18,19800,18.9,11.7,290750.0,4717.0,4246.0,879.0,821.0,0.19,0.19,3.23,364.0,3.48,2.26,175.8,1,175.8,139.8,118.4,97.8,88.1,144.66666666666663,29.007815038939547,103.08571428571429,45.44529416677571,2021-01-28,150.4,2021-01-30,102.8,2021-02-03,129.4,2021-02-11,94.8,2021-02-26,7.8,0,0,0,1
2021-01-28,2021,1,28,13142,23420,2775,95.1,95.3,7.29,7.22,2500,21.8,12.29,260700.0,4616.65125,4401.45775,1170.0,1111.9,0.25,0.25,3.06,434.0,3.45,2.38,150.4,1,150.4,175.8,139.8,118.4,46.9,155.3333333333333,18.500090089870685,117.87142857142858,40.70858690275386,2021-01-29,110.1,2021-01-31,97.7,2021-02-04,146.6,2021-02-12,91.5,2021-02-27,8.1,0,0,0,1
2021-01-29,2021,1,29,12321,23406,3032,95.8,95.6,7.25,7.19,13000,22.1,,277000.0,4586.62425,4391.44875,1120.2,1062.1,0.24,0.24,3.56,410.0,3.47,2.44,110.1,1,110.1,150.4,175.8,139.8,58.5,145.4333333333333,33.130398931092394,125.24285714285715,31.880498592026512,2021-01-30,102.8,2021-02-01,97.0,2021-02-05,173.0,2021-02-13,89.7,2021-02-28,2.9,0,0,0,1
2021-01-30,2021,1,30,12825,22983,3801,95.1,95.6,7.16,7.14,0,21.7,,,,,,,,,3.77,378.0,3.41,,102.8,1,102.8,110.1,150.4,175.8,84.4,121.09999999999997,25.635717271026056,127.87142857142858,28.534699010486538,2021-01-31,97.7,2021-02-02,108.7,2021-02-06,166.0,2021-02-14,86.5,2021-03-01,9.2,0,0,0,1
2021-01-31,2021,1,31,11429,22918,3802,95.6,95.0,7.18,7.16,0,22.5,,,,,,,,,3.19,362.0,3.5,,97.7,1,97.7,102.8,110.1,150.4,97.8,103.5333333333333,6.232442004006843,127.85714285714286,28.55228287095221,2021-02-01,97.0,2021-02-03,129.4,2021-02-07,154.8,2021-02-15,84.7,2021-03-02,64.9,0,0,0,1
2021-02-01,2021,2,1,12052,22891,3921,95.3,95.1,7.18,7.08,4921,22.1,11.66,20930.0,4631.66475,4291.35875,1950.2,1784.2,0.42,0.42,2.88,263.0,1.89,2.2,97.0,1,97.0,97.7,102.8,110.1,118.4,99.16666666666663,3.1659648345025904,124.8,30.791503156986035,2021-02-02,108.7,2021-02-04,146.6,2021-02-08,48.3,2021-02-16,75.1,2021-03-03,65.0,0,0,0,1
2021-02-02,2021,2,2,17097,23532,3801,95.4,95.4,7.3,7.23,6500,19.3,14.45,,4654.185,4549.0905,2332.0,1825.7,0.5,0.4,2.92,445.0,3.47,2.41,108.7,1,108.7,97.0,97.7,102.8,139.8,101.13333333333328,6.562265868837367,120.35714285714286,30.50884337056288,2021-02-03,129.4,2021-02-05,173.0,2021-02-09,105.2,2021-02-17,68.1,2021-03-04,82.7,0,0,0,1
2021-02-03,2021,2,3,10732,23936,4570,95.5,95.1,7.26,7.22,7710,21.9,19.63,581600.0,4839.3515,4441.49375,1626.5,1717.8,0.34,0.39,2.98,556.0,3.42,2.22,129.4,1,129.4,108.7,97.0,97.7,175.8,111.69999999999997,16.407010696649742,113.72857142857143,19.515097940288772,2021-02-04,146.6,2021-02-06,166.0,2021-02-10,96.8,2021-02-18,74.8,2021-03-05,73.9,0,0,0,1
2021-02-04,2021,2,4,16724,23403,10688,95.5,95.5,7.23,7.17,13000,16.9,19.55,462000.0,4904.41,4604.14,2058.1,2166.0,0.42,0.47,3.27,279.0,2.95,2.38,146.6,1,146.6,129.4,108.7,97.0,150.4,128.23333333333332,18.97691580139722,113.1857142857143,18.342612370418887,2021-02-05,173.0,2021-02-07,154.8,2021-02-11,94.8,2021-02-19,80.3,2021-03-06,73.9,0,0,0,1
2021-02-05,2021,2,5,10933,23438,10765,95.5,95.5,7.22,7.13,16368,19.0,15.36,385800.0,4481.52975,4456.50725,1095.3,1037.2,0.24,0.23,3.11,735.0,3.47,2.43,173.0,1,173.0,146.6,129.4,108.7,110.1,149.66666666666663,21.961177867621977,122.17142857142858,28.9301869037469,2021-02-06,166.0,2021-02-08,48.3,2021-02-12,91.5,2021-02-20,87.3,2021-03-07,67.5,0,0,0,1
2021-02-06,2021,2,6,10717,23029,8134,95.4,95.7,7.2,7.22,0,20.5,,,4241.31375,4398.9555,1502.0,2166.0,0.35,0.49,2.91,959.0,3.53,,166.0,1,166.0,173.0,146.6,129.4,102.8,161.86666666666665,13.676744251953199,131.20000000000002,31.614395455235474,2021-02-07,154.8,2021-02-09,105.2,2021-02-13,89.7,2021-02-21,53.0,2021-03-08,67.9,0,0,0,1
2021-02-07,2021,2,7,10974,22757,8134,95.2,95.3,7.25,7.13,0,20.5,,,4328.8925,4186.26425,1394.1,2664.0,0.32,0.64,2.94,715.0,3.66,,154.8,1,154.8,166.0,173.0,146.6,97.7,164.59999999999994,9.180413934022937,139.35714285714286,28.7684930171221,2021-02-08,48.3,2021-02-10,96.8,2021-02-14,86.5,2021-02-22,9.4,2021-03-09,86.4,0,0,0,1
2021-02-08,2021,2,8,10974,25999,4330,95.9,99.0,7.28,7.29,26868,20.8,14.87,284500.0,4534.077,4949.4505,2041.5,1111.9,0.45,0.22,2.89,465.0,3.58,2.34,48.3,1,48.3,154.8,166.0,173.0,97.0,123.03333333333329,64.96278421783752,132.4,43.05852606240349,2021-02-09,105.2,2021-02-11,94.8,2021-02-15,84.7,2021-02-23,1.6,2021-03-10,108.9,0,0,0,1
2021-02-09,2021,2,9,11940,23322,3785,95.0,93.6,7.22,7.11,0,22.0,,,5469.9185,5319.7835,1593.3,1360.9,0.29,0.26,5.53,298.0,3.48,2.69,105.2,1,105.2,48.3,154.8,166.0,108.7,102.76666666666664,53.29168165233024,131.9,43.3985790858028,2021-02-10,96.8,2021-02-12,91.5,2021-02-16,75.1,2021-02-24,6.8,2021-03-11,120.0,0,0,0,1
2021-02-10,2021,2,10,12218,24166,3791,95.7,94.0,7.32,7.26,29341,21.4,12.27,254550.0,4831.84475,4816.83125,2456.5,1717.8,0.51,0.36,5.49,236.0,3.5,2.64,96.8,1,96.8,105.2,48.3,154.8,129.4,83.4333333333333,30.71487153372619,127.24285714285715,45.413942688079885,2021-02-11,94.8,2021-02-13,89.7,2021-02-17,68.1,2021-02-25,10.8,2021-03-12,127.6,0,0,0,1
2021-02-11,2021,2,11,17657,22728,3792,95.2,95.1,7.34,7.26,17317,19.4,9.38,215200.0,4891.89875,4641.67375,2381.8,2332.0,0.49,0.5,5.39,381.0,3.62,2.49,94.8,1,94.8,96.8,105.2,48.3,146.6,98.93333333333328,5.518453889751155,119.84285714285714,45.95120082373118,2021-02-12,91.5,2021-02-14,86.5,2021-02-18,74.8,2021-02-26,7.8,2021-03-13,98.5,0,0,0,1
2021-02-12,2021,2,12,12011,22427,3788,95.2,95.3,7.28,7.3,20000,22.4,9.16,198350.0,5207.18225,5124.608,2132.8,2356.9,0.41,0.46,5.34,601.0,3.74,2.26,91.5,1,91.5,94.8,96.8,105.2,173.0,94.36666666666663,2.6764404221479814,108.2,40.203275156799734,2021-02-13,89.7,2021-02-15,84.7,2021-02-19,80.3,2021-02-27,8.1,2021-03-14,101.3,0,0,0,1
2021-02-13,2021,2,13,12493,21586,3786,95.5,95.3,7.3,7.32,0,22.7,,,5384.842,5332.29475,2556.1,2415.0,0.47,0.45,5.43,588.0,3.73,,89.7,1,89.7,91.5,94.8,96.8,166.0,91.99999999999996,2.586503431270349,97.3,31.27181904953222,2021-02-14,86.5,2021-02-16,75.1,2021-02-20,87.3,2021-02-28,2.9,2021-03-15,102.4,0,0,0,1
2021-02-14,2021,2,14,12068,22599,3790,95.1,95.5,7.32,7.36,0,22.3,,,5454.905,5204.68,2539.5,2962.8,0.47,0.57,5.42,223.0,4.17,,86.5,1,86.5,89.7,91.5,94.8,154.8,89.23333333333329,2.5324559884241777,87.54285714285716,18.310002470677365,2021-02-15,84.7,2021-02-17,68.1,2021-02-21,53.0,2021-03-01,9.2,2021-03-16,87.3,0,0,0,1
2021-02-15,2021,2,15,11863,23110,3780,95.4,95.4,7.55,7.48,15000,22.1,,,5524.968,5304.77,2688.9,2630.8,0.49,0.5,5.57,114.0,3.81,2.95,84.7,1,84.7,86.5,89.7,91.5,48.3,86.96666666666663,2.5324559884239903,92.74285714285713,6.956257888372441,2021-02-16,75.1,2021-02-18,74.8,2021-02-22,9.4,2021-03-02,64.9,2021-03-17,102.5,0,0,0,1
2021-02-16,2021,2,16,12101,17312,3790,95.4,95.5,7.33,7.26,4050,25.8,9.24,241950.0,5449.9005,5379.8375,2556.1,2531.2,0.47,0.47,5.56,53.3,3.61,3.46,75.1,1,75.1,84.7,86.5,89.7,105.2,82.09999999999997,6.128621378415317,88.44285714285715,7.268621405939217,2021-02-17,68.1,2021-02-19,80.3,2021-02-23,1.6,2021-03-03,65.0,2021-03-18,129.5,0,0,0,1
2021-02-17,2021,2,17,11462,22971,3798,95.2,95.7,7.51,7.6,12812,22.4,7.86,199900.0,5322.28575,5217.19125,2066.4,2581.0,0.39,0.49,5.36,307.0,2.96,2.91,68.1,1,68.1,75.1,84.7,86.5,96.8,75.96666666666663,8.33386664959911,84.34285714285714,9.51592649944704,2021-02-18,74.8,2021-02-20,87.3,2021-02-24,6.8,2021-03-04,82.7,2021-03-19,136.6,0,0,0,1
2021-02-18,2021,2,18,16022,33746,3796,95.5,95.0,7.58,7.62,9334,16.0,6.66,182050.0,6405.76,6643.47375,1211.5,1186.6,0.19,0.18,5.25,254.2,3.56,2.95,74.8,1,74.8,68.1,75.1,84.7,94.8,72.66666666666663,3.9576929306477253,81.48571428571428,8.830709403635147,2021-02-19,80.3,2021-02-21,53.0,2021-02-25,10.8,2021-03-05,73.9,2021-03-20,122.7,0,0,0,1
2021-02-19,2021,2,19,12910,21675,6028,95.7,95.5,7.37,7.3,10000,21.1,5.18,141500.0,6143.02375,6355.715,1203.2,1228.1,0.2,0.19,5.14,341.0,3.38,2.41,80.3,1,80.3,74.8,68.1,75.1,91.5,74.39999999999996,6.109828148153291,79.88571428571429,7.649494225423255,2021-02-20,87.3,2021-02-22,9.4,2021-02-26,7.8,2021-03-06,73.9,2021-03-21,106.2,0,0,0,1
2021-02-20,2021,2,20,12387,22418,8129,95.2,95.6,7.48,7.37,0,20.0,,,5967.86625,5680.1075,1759.3,2058.1,0.29,0.36,5.05,361.0,3.63,,87.3,1,87.3,80.3,74.8,68.1,89.7,80.79999999999995,6.26498204306833,79.54285714285713,7.175387827582026,2021-02-21,53.0,2021-02-23,1.6,2021-02-27,8.1,2021-03-07,67.5,2021-03-22,112.6,0,0,0,1
2021-02-21,2021,2,21,12598,23468,9403,95.5,95.9,7.41,7.27,0,18.9,,,5875.283,5717.64125,1593.3,1817.4,0.27,0.32,5.24,217.0,3.51,,53.0,1,53.0,87.3,80.3,74.8,86.5,73.53333333333329,18.123557413855018,74.75714285714285,11.580998394333111,2021-02-22,9.4,2021-02-24,6.8,2021-02-28,2.9,2021-03-08,67.9,2021-03-23,138.9,0,0,0,1
2021-02-22,2021,2,22,13425,24802,7490,95.1,95.3,7.31,7.17,23940,18.8,4.83,123750.0,5805.22,5655.085,1709.5,2016.6,0.29,0.36,5.36,410.0,3.68,2.42,9.4,1,9.4,53.0,87.3,80.3,84.7,49.899999999999956,39.04241283527386,63.99999999999999,26.354632736327215,2021-02-23,1.6,2021-02-25,10.8,2021-03-01,9.2,2021-03-09,86.4,2021-03-24,136.8,0,0,0,1
2021-02-23,2021,2,23,16091,21222,25907,95.8,95.0,7.33,7.29,27632,13.6,4.2,82550.0,5818.0,5822.73575,1710.0,1502.0,0.29,0.26,5.6,311.0,3.76,1.61,1.6,1,1.6,9.4,53.0,87.3,75.1,21.333333333333297,27.700060168405397,53.5,34.55961033730981,2021-02-24,6.8,2021-02-26,7.8,2021-03-02,64.9,2021-03-10,108.9,2021-03-25,112.1,0,0,0,1
2021-02-24,2021,2,24,15947,24203,12584,95.5,95.4,7.33,7.31,29017,16.3,4.45,,5554.995,5524.968,1875.5,2647.4,0.34,0.48,5.8,381.0,4.2,2.99,6.8,1,6.8,1.6,9.4,53.0,68.1,5.933333333333295,3.971565602287515,44.74285714285714,37.85304290467125,2021-02-25,10.8,2021-02-27,8.1,2021-03-03,65.0,2021-03-11,120.0,2021-03-26,126.4,0,0,0,1
2021-02-25,2021,2,25,8126,23177,3793,95.8,95.7,7.31,7.25,0,24.4,4.26,88350.0,5860.0,5893.0,2805.0,3403.0,0.48,0.58,4.95,194.0,,3.63,10.8,1,10.8,6.8,1.6,9.4,74.8,6.399999999999963,4.61302503786184,35.6,37.10494127022294,2021-02-26,7.8,2021-02-28,2.9,2021-03-04,82.7,2021-03-12,127.6,2021-03-27,122.0,0,0,0,1
2021-02-26,2021,2,26,779,23459,3796,95.2,95.5,7.36,7.28,19562,30.6,3.32,83100.0,6221.0,5910.0,1394.0,1693.0,0.22,0.29,4.48,281.0,,1.2,7.8,1,7.8,10.8,6.8,1.6,80.3,8.466666666666628,2.0816659994519617,25.24285714285714,32.36386138595875,2021-02-27,8.1,2021-03-01,9.2,2021-03-05,73.9,2021-03-13,98.5,2021-03-28,101.4,0,0,0,1
2021-02-27,2021,2,27,213,25284,3800,95.3,95.4,7.22,7.22,0,29.3,,,,,,,,,4.35,284.0,,,8.1,1,8.1,7.8,10.8,6.8,87.3,8.899999999999963,1.6522711641680254,13.928571428571429,17.470042385535596,2021-02-28,2.9,2021-03-02,64.9,2021-03-06,73.9,2021-03-14,101.3,2021-03-29,123.3,0,0,0,1
2021-02-28,2021,2,28,11602,23959,3797,95.9,95.6,7.19,7.21,0,21.8,,,,,,,,,4.11,464.0,,,2.9,1,2.9,8.1,7.8,10.8,53.0,6.266666666666629,2.91947483860942,6.771428571428571,3.3589255651787195,2021-03-01,9.2,2021-03-03,65.0,2021-03-07,67.5,2021-03-15,102.4,2021-03-30,129.1,0,0,0,1
2021-03-01,2021,3,1,19898,23746,3803,95.5,95.8,7.23,7.13,5837,18.1,4.27,94500.0,,,,,,,6.04,252.9,,2.28,9.2,1,9.2,2.9,8.1,7.8,9.4,6.733333333333295,3.365016097030395,6.742857142857143,3.333595227811465,2021-03-02,64.9,2021-03-04,82.7,2021-03-08,67.9,2021-03-16,87.3,2021-03-31,129.3,0,0,0,1
2021-03-02,2021,3,2,28073,22596,3799,95.7,95.3,7.29,7.13,20250,15.8,4.25,114900.0,5737.65925,6060.4495,1294.5,1784.2,0.23,0.29,7.08,214.0,3.37,3.37,64.9,1,64.9,9.2,2.9,8.1,1.6,25.66666666666663,34.12276854730989,15.785714285714286,21.794756905537117,2021-03-03,65.0,2021-03-05,73.9,2021-03-09,86.4,2021-03-17,102.5,2021-04-01,135.6,0,0,0,1
2021-03-03,2021,3,3,20832,26173,3796,95.3,95.1,7.25,7.2,20681,16.9,3.76,115000.0,5707.63225,5409.8645,1012.3,1153.4,0.18,0.21,7.98,283.0,3.37,3.7,65.0,1,65.0,64.9,9.2,2.9,6.8,46.366666666666625,32.18731634251741,24.099999999999998,28.01035522802287,2021-03-04,82.7,2021-03-06,73.9,2021-03-10,108.9,2021-03-18,129.5,2021-04-02,140.6,0,0,0,1
2021-03-04,2021,3,4,27174,27420,3797,95.7,95.8,7.31,7.25,7076,14.7,4.15,105600.0,,,,,,,6.99,336.0,3.38,5.1,82.7,1,82.7,65.0,64.9,9.2,10.8,70.86666666666663,10.248089252797227,34.371428571428574,34.70358839686575,2021-03-05,73.9,2021-03-07,67.5,2021-03-11,120.0,2021-03-19,136.6,2021-04-03,117.8,0,0,0,1
2021-03-05,2021,3,5,20853,22298,4117,95.8,95.5,7.26,7.22,18000,18.2,3.95,106150.0,5837.74925,5474.923,1203.2,1402.4,0.21,0.26,5.82,314.0,3.25,4.0,73.9,1,73.9,82.7,65.0,64.9,7.8,73.86666666666663,8.85004708085213,43.814285714285724,35.256981746950316,2021-03-06,73.9,2021-03-08,67.9,2021-03-12,127.6,2021-03-20,122.7,2021-04-04,89.3,0,0,0,1
2021-03-06,2021,3,6,19235,22322,4857,95.5,95.0,7.15,7.06,0,18.5,,,5617.55125,5324.788,1858.9,2240.7,0.33,0.42,3.75,288.0,3.36,,73.9,1,73.9,73.9,82.7,65.0,8.1,76.8333333333333,5.080682368865475,53.214285714285715,32.83658673753187,2021-03-07,67.5,2021-03-09,86.4,2021-03-13,98.5,2021-03-21,106.2,2021-04-05,82.6,0,0,0,1
2021-03-07,2021,3,7,17489,23601,4030,95.7,95.1,7.23,7.18,0,19.0,,,5687.61425,5322.28575,2307.1,2390.1,0.41,0.45,3.37,353.0,,3.25,67.5,1,67.5,73.9,73.9,82.7,2.9,71.76666666666664,3.695041722808892,62.44285714285714,24.309933301901115,2021-03-08,67.9,2021-03-10,108.9,2021-03-14,101.3,2021-03-22,112.6,2021-04-06,,0,0,0,1
2021-03-08,2021,3,8,16193,24034,3803,95.7,95.9,7.23,7.17,27498,19.6,6.26,199400.0,5592.52875,5127.11025,2863.2,2713.8,0.51,0.53,3.6,277.2,3.22,1.68,67.9,1,67.9,67.5,73.9,73.9,9.2,69.76666666666664,3.5851545759280308,70.82857142857144,6.436540034760154,2021-03-09,86.4,2021-03-11,120.0,2021-03-15,102.4,2021-03-23,138.9,2021-04-07,,0,0,0,1
2021-03-09,2021,3,9,17617,23363,11691,95.5,95.4,7.25,7.19,9236,17.1,7.25,186950.0,5462.41175,5104.59,2439.9,1759.3,0.45,0.34,4.8,818.0,3.27,1.61,86.4,1,86.4,67.9,67.5,73.9,64.9,73.9333333333333,10.798302335705337,73.89999999999999,8.060810546507641,2021-03-10,108.9,2021-03-12,127.6,2021-03-16,87.3,2021-03-24,136.8,2021-04-08,,0,0,0,1
2021-03-10,2021,3,10,17819,23217,16787,95.7,95.6,7.26,7.25,27345,16.2,5.17,123550.0,4766.78625,4764.284,2000.0,1427.3,0.42,0.3,5.9,437.0,3.56,1.89,108.9,1,108.9,86.4,67.9,67.5,65.0,87.7333333333333,20.532494571612695,80.17142857142858,14.493298944192635,2021-03-11,120.0,2021-03-13,98.5,2021-03-17,102.5,2021-03-25,112.1,2021-04-09,,0,0,0,1
2021-03-11,2021,3,11,19378,21955,16840,95.1,95.6,7.43,7.76,9539,16.1,5.12,103900.0,5279.7475,5509.9545,2514.6,2273.9,0.48,0.41,5.57,399.0,3.34,3.11,120.0,1,120.0,108.9,86.4,67.9,82.7,105.09999999999997,17.119287368345045,85.5,20.98213525835777,2021-03-12,127.6,2021-03-14,101.3,2021-03-18,129.5,2021-03-26,126.4,2021-04-10,,0,0,0,1
2021-03-12,2021,3,12,17312,22805,9836,95.5,95.5,7.28,7.59,23631,17.9,8.33,105400.0,,,,,,,4.2,331.0,3.33,3.7,127.6,1,127.6,120.0,108.9,86.4,73.9,118.8333333333333,9.404431579490458,93.17142857142858,25.388298767064583,2021-03-13,98.5,2021-03-15,102.4,2021-03-19,136.6,2021-03-27,122.0,2021-04-11,,0,0,0,1
2021-03-13,2021,3,13,17884,23477,5547,95.4,95.5,7.25,7.33,0,18.6,,,,,,,,,3.23,656.0,3.1,,98.5,1,98.5,127.6,120.0,108.9,73.9,115.36666666666662,15.093155181515755,96.68571428571428,23.937239368219696,2021-03-14,101.3,2021-03-16,87.3,2021-03-20,122.7,2021-03-28,101.4,2021-04-12,,0,0,0,1
2021-03-14,2021,3,14,16402,23153,9792,95.6,95.6,7.15,7.16,0,18.1,,,5857.76725,6080.4675,1377.5,1402.4,0.24,0.23,3.04,515.0,3.4,,101.3,1,101.3,98.5,127.6,120.0,67.5,109.13333333333328,16.053763836973346,101.5142857142857,20.183444417924456,2021-03-15,102.4,2021-03-17,102.5,2021-03-21,106.2,2021-03-29,123.3,2021-04-13,,0,0,0,1
2021-03-15,2021,3,15,17221,24951,7443,95.4,95.1,7.16,7.27,33332,17.7,6.29,148650.0,5499.9455,5910.3145,1394.1,1327.7,0.25,0.22,4.46,383.0,2.2,1.8,102.4,1,102.4,101.3,98.5,127.6,67.9,100.7333333333333,2.0108041509081773,106.44285714285715,13.814588562200239,2021-03-16,87.3,2021-03-18,129.5,2021-03-22,112.6,2021-03-30,129.1,2021-04-14,,0,0,0,1
2021-03-16,2021,3,16,16948,24830,3799,95.5,95.4,7.24,7.22,7489,19.0,6.61,126650.0,5685.112,5630.0625,1369.2,1402.4,0.24,0.25,4.1,328.0,3.12,2.59,87.3,1,87.3,102.4,101.3,98.5,86.4,96.99999999999996,8.418432158066887,106.57142857142857,13.599474779774798,2021-03-17,102.5,2021-03-19,136.6,2021-03-23,138.9,2021-03-31,129.3,2021-04-15,,0,0,0,1
2021-03-17,2021,3,17,16160,22374,10273,95.3,95.2,7.22,7.24,22500,18.4,8.43,126450.0,5499.9455,5635.067,1419.0,1568.4,0.26,0.28,3.96,392.0,3.1,4.3,102.5,1,102.5,87.3,102.4,101.3,108.9,97.39999999999996,8.746999485536447,105.65714285714286,13.631930303868943,2021-03-18,129.5,2021-03-20,122.7,2021-03-24,136.8,2021-04-01,135.6,2021-04-16,,0,0,0,1
2021-03-18,2021,3,18,19000,25886,18904,95.5,95.4,7.16,7.25,11819,14.7,1.29,154200.0,5580.0175,5437.38925,1543.5,1452.2,0.28,0.27,3.94,401.4,3.17,3.93,129.5,1,129.5,102.5,87.3,102.4,120.0,106.43333333333328,21.373191931326307,107.01428571428572,15.62502571426508,2021-03-19,136.6,2021-03-21,106.2,2021-03-25,112.1,2021-04-02,140.6,2021-04-17,,0,0,0,1
2021-03-19,2021,3,19,16000,24283,12763,95.6,95.8,7.12,7.35,17575,17.2,1.65,170800.0,5497.44325,5960.3595,1950.2,1526.9,0.35,0.26,3.52,426.0,2.67,1.51,136.6,1,136.6,129.5,102.5,87.3,127.6,122.86666666666662,17.991757372011172,108.3,17.81768784101956,2021-03-20,122.7,2021-03-22,112.6,2021-03-26,126.4,2021-04-03,117.8,2021-04-18,,0,0,0,1
2021-03-20,2021,3,20,14588,24905,9454,95.4,95.9,7.28,7.26,0,18.2,,,,,,,,,3.36,551.0,3.2,1.87,122.7,1,122.7,136.6,129.5,102.5,98.5,129.59999999999994,6.950539547401176,111.75714285714285,17.946574152454268,2021-03-21,106.2,2021-03-23,138.9,2021-03-27,122.0,2021-04-04,89.3,2021-04-19,,0,0,0,1
2021-03-21,2021,3,21,14618,24644,4049,95.4,95.3,7.22,7.23,0,20.0,,,,,,,,,3.36,384.0,3.2,1.55,106.2,1,106.2,122.7,136.6,129.5,101.3,121.8333333333333,15.218519419881737,112.45714285714287,17.562161706621982,2021-03-22,112.6,2021-03-24,136.8,2021-03-28,101.4,2021-04-05,82.6,2021-04-20,,0,0,0,1
2021-03-22,2021,3,22,13814,22336,23230,95.7,95.6,7.33,7.19,34000,17.1,5.77,130350.0,5575.0,5480.0,1353.0,1344.0,0.24,0.25,3.31,282.0,3.3,1.61,112.6,1,112.6,106.2,122.7,136.6,102.4,113.8333333333333,8.318854087752367,113.91428571428571,17.002884909276744,2021-03-23,138.9,2021-03-25,112.1,2021-03-29,123.3,2021-04-06,,2021-04-21,,0,0,0,1
2021-03-23,2021,3,23,14452,23708,26943,95.5,95.8,7.3,7.25,38155,15.9,6.72,57600.0,5305.0,5345.0,1527.0,1519.0,0.29,0.28,3.97,420.0,3.4,2.65,138.9,1,138.9,112.6,106.2,122.7,87.3,119.23333333333329,17.329839391446093,121.28571428571429,14.549848632824668,2021-03-24,136.8,2021-03-26,126.4,2021-03-30,129.1,2021-04-07,,2021-04-22,,0,0,0,1
2021-03-24,2021,3,24,13933,24544,14361,95.3,95.7,7.3,7.37,35550,17.5,,115800.0,5380.0,5492.0,1378.0,1195.0,0.26,0.22,4.03,738.0,3.1,2.79,136.8,1,136.8,138.9,112.6,106.2,102.5,129.43333333333328,14.615858966660875,126.18571428571428,12.844639422917865,2021-03-25,112.1,2021-03-27,122.0,2021-03-31,129.3,2021-04-08,,2021-04-23,,0,0,0,1
2021-03-25,2021,3,25,15575,24482,11275,95.3,95.2,7.39,7.31,28068,16.7,6.43,119250.0,5583.0,5457.0,1411.0,1378.0,0.25,0.25,3.85,418.0,3.13,2.68,112.1,1,112.1,136.8,138.9,112.6,129.5,129.26666666666662,14.90380264675164,123.7,13.748212004960777,2021-03-26,126.4,2021-03-28,101.4,2021-04-01,135.6,2021-04-09,,2021-04-24,,0,0,0,1
2021-03-26,2021,3,26,13548,24669,20020,95.3,95.9,7.3,7.27,22019,14.7,7.37,99525.0,,,,,,,3.51,340.0,3.14,2.55,126.4,1,126.4,112.1,136.8,138.9,136.6,125.09999999999995,12.401209618419735,122.24285714285715,12.649750609249379,2021-03-27,122.0,2021-03-29,123.3,2021-04-02,140.6,2021-04-10,,2021-04-25,,0,0,0,1
2021-03-27,2021,3,27,15422,24571,14305,95.3,95.5,7.36,7.23,0,15.8,,,,,,,,,4.0,388.0,3.15,2.88,122.0,1,122.0,126.4,112.1,136.8,122.7,120.16666666666663,7.324160930326241,122.14285714285714,12.648301222280342,2021-03-28,101.4,2021-03-30,129.1,2021-04-03,117.8,2021-04-11,,2021-04-26,,0,0,0,1
2021-03-28,2021,3,28,14278,24538,5846,95.6,95.7,7.32,7.21,0,19.2,,,5668.0,5305.0,1336.0,1710.0,0.24,0.32,3.61,216.0,3.3,2.86,101.4,1,101.4,122.0,126.4,112.1,106.2,116.59999999999995,13.346160496561637,121.45714285714287,13.739706103463002,2021-03-29,123.3,2021-03-31,129.3,2021-04-04,89.3,2021-04-12,,2021-04-27,,0,0,0,1
2021-03-29,2021,3,29,14042,24726,17586,95.7,95.6,7.21,7.16,41370,15.2,,,5668.0,5417.0,1378.0,1477.0,0.24,0.27,3.58,216.7,3.3,1.6,123.3,1,123.3,101.4,122.0,126.4,112.6,115.56666666666662,12.285899777115036,122.98571428571428,13.173638901411268,2021-03-30,129.1,2021-04-01,135.6,2021-04-05,82.6,2021-04-13,,2021-04-28,,0,0,0,1
2021-03-30,2021,3,30,13273,25474,15263,95.2,95.7,7.19,7.2,36518,15.9,7.81,218900.0,5292.0,5237.0,1378.0,1220.0,0.26,0.23,3.52,600.0,3.4,1.27,129.1,1,129.1,123.3,101.4,122.0,138.9,117.93333333333328,14.609015481315511,121.58571428571429,11.630911195521607,2021-03-31,129.3,2021-04-02,140.6,2021-04-06,,2021-04-14,,2021-04-29,,0,0,0,1
2021-03-31,2021,3,31,12305,24412,12446,95.3,95.5,7.19,7.13,30705,17.5,1.58,187375.0,,,,,,,3.51,429.0,3.8,1.91,129.3,1,129.3,129.1,123.3,101.4,136.8,127.23333333333328,3.40783411176671,120.5142857142857,10.260511451097845,2021-04-01,135.6,2021-04-03,117.8,2021-04-07,,2021-04-15,,2021-04-30,,0,0,0,1
2021-04-01,2021,4,1,16776,24411,12456,95.5,95.3,7.25,7.13,18720,16.0,9.2,164675.0,5730.1525,5277.24525,1443.9,2257.3,0.25,0.43,3.53,624.0,3.1,1.74,135.6,1,135.6,129.3,129.1,123.3,112.1,131.3333333333333,3.6963946398244207,123.87142857142858,10.874697587476248,2021-04-02,140.6,2021-04-04,89.3,2021-04-08,,2021-04-16,,2021-05-01,,0,0,0,1
2021-04-02,2021,4,2,14162,25514,18490,95.9,95.5,7.26,7.17,24925,14.8,8.68,125800.0,5755.175,5497.44325,1908.7,1900.4,0.33,0.35,3.36,832.0,3.14,2.3,140.6,1,140.6,135.6,129.3,129.1,126.4,135.16666666666663,5.662449411105097,125.9,12.610841896294911,2021-04-03,117.8,2021-04-05,82.6,2021-04-09,,2021-04-17,,2021-05-02,,0,0,0,1
2021-04-03,2021,4,3,13539,24228,12457,95.1,94.9,7.25,7.16,0,17.1,,,5707.63225,5129.6125,1419.0,1875.5,0.25,0.37,3.02,318.0,3.16,,117.8,1,117.8,140.6,135.6,129.3,122.0,131.3333333333333,11.983878059014232,125.29999999999998,12.923363855179005,2021-04-04,89.3,2021-04-06,,2021-04-10,,2021-04-18,,2021-05-03,,0,0,0,1
2021-04-04,2021,4,4,13118,23837,4984,95.8,94.8,7.24,7.09,0,20.5,,,5527.47025,5024.518,1825.7,1485.4,0.33,0.3,2.94,199.0,3.8,,89.3,1,89.3,117.8,140.6,135.6,101.4,115.89999999999996,25.702723591090145,123.57142857142857,16.861960570637343,2021-04-05,82.6,2021-04-07,,2021-04-11,,2021-04-19,,2021-05-04,,0,0,0,1
2021-04-05,2021,4,5,11962,24120,9145,95.5,95.2,7.26,7.13,34846,19.0,,,5419.8735,4794.311,1684.6,1883.8,0.31,0.39,3.28,171.0,3.15,3.38,82.6,1,82.6,89.3,117.8,140.6,123.3,96.5666666666666,18.691263556359853,117.75714285714285,22.905229180463113,2021-04-06,,2021-04-08,,2021-04-12,,2021-04-20,,2021-05-05,,0,0,0,1
2021-06-28,2021,6,28,12792,21501,5878,,95.7,,7.26,15000,10.7,5.44,149050.0,,5622.55575,,1759.3,,0.31,3.52,457.0,3.17,4.18,34.2,2,34.2,,,,,,,,,2021-06-29,58.8,2021-07-01,34.7,2021-07-05,35.3,2021-07-13,106.5,2021-07-28,105.0,0,0,0,2
2021-06-29,2021,6,29,11293,14180,2665,,95.6,,7.23,10000,88.9,6.23,,,5522.46575,,1485.4,,0.27,3.71,421.0,3.16,3.47,58.8,2,58.8,34.2,,,,,,,,2021-06-30,48.9,2021-07-02,43.4,2021-07-06,47.2,2021-07-14,113.1,2021-07-29,114.0,0,0,0,2
2021-06-30,2021,6,30,9787,61810,1324,,95.6,,7.28,15000,165.0,6.53,133925.0,,,,,,,3.5,665.0,3.25,,48.9,2,48.9,58.8,34.2,,,47.300000000000004,12.37780271292122,,,2021-07-01,34.7,2021-07-03,40.3,2021-07-07,54.3,2021-07-15,121.5,2021-07-30,118.6,0,0,0,2
2021-07-01,2021,7,1,11441,,550,,95.3,,7.27,0,3.6,5.65,,5520.0,5708.0,2324.0,1236.0,0.42,0.22,3.49,660.0,3.3,3.69,34.7,2,34.7,48.9,58.8,34.2,,47.46666666666667,12.11376627367943,,,2021-07-02,43.4,2021-07-04,38.1,2021-07-08,54.3,2021-07-16,138.3,2021-07-31,42.8,0,0,1,2
2021-07-02,2021,7,2,11736,76641,0,95.4,95.5,7.35,7.27,0,9.7,5.81,,,,,,,,3.34,1100.0,3.35,3.7,43.4,2,43.4,34.7,48.9,58.8,,42.333333333333336,7.159841711471924,,,2021-07-03,40.3,2021-07-05,35.3,2021-07-09,77.2,2021-07-17,123.9,2021-08-01,8.2,0,0,0,2
2021-07-03,2021,7,3,12292,7482,0,95.7,95.1,7.23,7.23,0,43.4,,,5441.39285,5687.61425,3240.02,1784.2,0.6,0.31,3.09,982.0,3.42,,40.3,2,40.3,43.4,34.7,48.9,,39.46666666666666,4.409459528483415,,,2021-07-04,38.1,2021-07-06,47.2,2021-07-10,72.7,2021-07-18,124.3,2021-08-02,7.7,0,0,0,2
2021-07-04,2021,7,4,13373,11895,0,95.4,95.4,7.27,7.27,0,34.0,,,5640.0715,5780.1975,3045.8,1087.0,0.54,0.19,2.68,415.0,3.38,,38.1,2,38.1,40.3,43.4,34.7,,40.599999999999994,2.6627053911388465,42.628571428571426,8.768069777268403,2021-07-05,35.3,2021-07-07,54.3,2021-07-11,104.0,2021-07-19,99.6,2021-08-03,22.3,0,0,0,2
2021-07-05,2021,7,5,10627,11540,0,95.3,95.5,7.27,7.33,5012,38.7,,,5502.44775,5772.69075,1883.8,1493.7,0.34,0.26,2.8,207.1,3.42,,35.3,2,35.3,38.1,40.3,43.4,34.2,37.9,2.5059928172283,42.785714285714285,8.60008305607734,2021-07-06,47.2,2021-07-08,54.3,2021-07-12,109.3,2021-07-20,150.3,2021-08-04,55.9,0,0,0,2
2021-07-06,2021,7,6,8362,18232,3613,95.2,95.6,7.32,7.28,22422,28.4,5.94,,5565.004,5890.2965,1560.1,1933.6,0.28,0.33,3.04,168.0,,2.85,47.2,2,47.2,35.3,38.1,40.3,58.8,40.199999999999996,6.221736092120904,41.128571428571426,5.591277220133244,2021-07-07,54.3,2021-07-09,77.2,2021-07-13,106.5,2021-07-21,188.5,2021-08-05,55.7,0,0,0,2
2021-07-07,2021,7,7,7324,16953,3802,95.2,95.3,7.32,7.33,27949,30.6,6.26,129150.0,5675.103,5642.57375,1643.1,1360.9,0.29,0.24,3.12,368.0,2.9,2.5,54.3,2,54.3,47.2,35.3,38.1,48.9,45.6,9.600520819205588,41.9,7.029698902987713,2021-07-08,54.3,2021-07-10,72.7,2021-07-14,113.1,2021-07-22,190.0,2021-08-06,75.4,0,0,0,2
2021-07-08,2021,7,8,8633,15585,3796,95.8,95.4,7.33,7.28,23000,30.6,5.8,,,,,,,,2.9,488.0,3.7,1.76,54.3,2,54.3,54.3,47.2,35.3,34.7,51.93333333333333,4.099186911246343,44.699999999999996,7.566813508119958,2021-07-09,77.2,2021-07-11,104.0,2021-07-15,121.5,2021-07-23,136.2,2021-08-07,83.4,0,0,0,2
2021-07-09,2021,7,9,6189,17024,9201,95.6,95.6,7.28,7.27,28697,26.5,6.34,121100.0,,,,,,,3.1,412.0,3.31,2.65,77.2,2,77.2,54.3,54.3,47.2,43.4,61.93333333333334,13.221321164442436,49.52857142857143,14.346278760909197,2021-07-10,72.7,2021-07-12,109.3,2021-07-16,138.3,2021-07-24,73.7,2021-08-08,59.2,0,0,0,2
2021-07-10,2021,7,10,6347,16212,7702,95.8,95.5,7.3,7.25,0,28.4,,,,,,,,,3.11,593.0,2.83,,72.7,2,72.7,77.2,54.3,54.3,40.3,68.06666666666666,12.132738080636765,54.15714285714286,16.00352639710565,2021-07-11,104.0,2021-07-13,106.5,2021-07-17,123.9,2021-07-25,63.2,2021-08-09,49.2,0,0,0,2
2021-07-11,2021,7,11,6300,15677,12483,95.8,95.5,7.24,7.16,0,24.9,,,,,,,,,3.16,557.0,2.8,,104.0,2,104.0,72.7,77.2,54.3,38.1,84.63333333333334,16.922273290942144,63.57142857142857,22.886510895118576,2021-07-12,109.3,2021-07-14,113.1,2021-07-18,124.3,2021-07-26,79.4,2021-08-10,92.5,0,0,0,2
2021-07-12,2021,7,12,6522,19858,12498,95.8,95.7,7.37,7.25,17808,22.1,7.47,,,,,,,,3.05,204.0,2.81,3.45,109.3,2,109.3,104.0,72.7,77.2,35.3,95.33333333333333,19.779366353180627,74.14285714285714,24.672174417269968,2021-07-13,106.5,2021-07-15,121.5,2021-07-19,99.6,2021-07-27,100.7,2021-08-11,142.0,0,0,0,2
2021-07-13,2021,7,13,4091,17876,11644,95.4,95.6,7.26,7.27,5098,25.5,9.12,201525.0,,,,,,,3.06,432.0,2.8,3.34,106.5,2,106.5,109.3,104.0,72.7,47.2,106.60000000000001,2.6514147167127273,82.61428571428571,24.05205663911984,2021-07-14,113.1,2021-07-16,138.3,2021-07-20,150.3,2021-07-28,105.0,2021-08-12,144.0,0,0,0,2
2021-07-14,2021,7,14,2949,19026,12475,95.2,95.4,7.28,7.21,26453,24.9,8.77,178675.0,,,,,,,3.15,513.0,3.12,3.4,113.1,2,113.1,106.5,109.3,104.0,54.3,109.63333333333333,3.312602199681422,91.01428571428572,22.747778541462655,2021-07-15,121.5,2021-07-17,123.9,2021-07-21,188.5,2021-07-29,114.0,2021-08-13,126.0,0,0,0,2
2021-07-15,2021,7,15,8905,15976,14838,95.2,95.8,7.31,7.28,19624,21.6,6.5,166750.0,,,,,,,6.0,475.0,2.52,3.77,121.5,2,121.5,113.1,106.5,109.3,54.3,113.7,7.517978451685067,100.61428571428571,18.444007931342608,2021-07-16,138.3,2021-07-18,124.3,2021-07-22,190.0,2021-07-30,118.6,2021-08-14,102.2,0,0,0,2
2021-07-16,2021,7,16,6733,13034,17657,95.8,95.2,7.31,7.25,15921,22.9,7.6,221150.0,,,,,,,3.91,391.0,3.6,4.76,138.3,2,138.3,121.5,113.1,106.5,77.2,124.3,12.83121194587641,109.34285714285716,19.915476154894993,2021-07-17,123.9,2021-07-19,99.6,2021-07-23,136.2,2021-07-31,42.8,2021-08-15,89.8,0,0,0,2
2021-07-17,2021,7,17,7167,8513,12430,95.6,95.6,7.21,7.23,0,30.5,,,5467.41625,5269.7385,1253.0,1234.74,0.23,0.23,3.33,236.0,3.6,,123.9,2,123.9,138.3,121.5,113.1,72.7,127.89999999999999,9.086253353280513,116.65714285714286,12.07253869226316,2021-07-18,124.3,2021-07-20,150.3,2021-07-24,73.7,2021-08-01,8.2,2021-08-16,100.4,0,0,0,2
2021-07-18,2021,7,18,6837,9935,10696,95.1,95.3,7.13,7.23,0,31.2,,,5199.6755,5207.18225,1311.1,1286.2,0.25,0.25,3.35,401.0,2.85,,124.3,2,124.3,123.9,138.3,121.5,104.0,128.83333333333334,8.200812967830368,119.55714285714285,10.907315151288351,2021-07-19,99.6,2021-07-21,188.5,2021-07-25,63.2,2021-08-02,7.7,2021-08-17,143.3,0,0,0,2
2021-07-19,2021,7,19,6377,16660,10996,95.4,95.2,7.34,7.32,39546,25.2,,,5152.13275,5179.6575,1377.5,1244.7,0.27,0.24,3.22,80.0,2.72,2.27,99.6,2,99.6,124.3,123.9,138.3,109.3,115.93333333333334,14.14649544351303,118.17142857142858,12.867622713062227,2021-07-20,150.3,2021-07-22,190.0,2021-07-26,79.4,2021-08-03,22.3,2021-08-18,131.2,0,0,0,2
2021-07-20,2021,7,20,5356,16682,26798,95.3,95.7,7.32,7.26,35844,17.6,8.82,170025.0,5179.6575,5054.545,1477.1,1419.0,0.29,0.28,3.27,441.0,2.74,,150.3,2,150.3,99.6,124.3,123.9,106.5,124.73333333333335,25.352777625604165,124.42857142857143,16.40840377019395,2021-07-21,188.5,2021-07-23,136.2,2021-07-27,100.7,2021-08-04,55.9,2021-08-19,108.9,0,0,0,2
2021-07-21,2021,7,21,6512,17522,29178,95.3,96.0,7.3,7.25,23998,16.1,7.6,167325.0,5029.5225,5054.545,1319.4,1211.5,0.26,0.24,3.07,625.0,2.76,2.23,188.5,2,188.5,150.3,99.6,124.3,113.1,146.13333333333333,44.59622555030118,135.20000000000002,28.225461318934496,2021-07-22,190.0,2021-07-24,73.7,2021-07-28,105.0,2021-08-05,55.7,2021-08-20,108.5,0,0,0,2
2021-07-22,2021,7,22,7848,16872,23681,95.3,95.5,7.33,7.24,20204,17.7,8.38,252650.0,5094.581,5067.05625,1236.4,1443.9,0.24,0.28,3.12,631.0,2.84,2.48,190.0,2,190.0,188.5,150.3,99.6,121.5,176.26666666666668,22.50029629434546,144.9857142857143,33.9732457762197,2021-07-23,136.2,2021-07-25,63.2,2021-07-29,114.0,2021-08-06,75.4,2021-08-21,91.6,0,0,0,2
2021-07-23,2021,7,23,6480,16437,9888,95.3,95.6,7.37,7.27,26442,26.2,6.96,168875.0,5227.0,5135.0,1104.0,1544.0,0.21,0.3,3.08,698.0,3.9,2.79,136.2,2,136.2,190.0,188.5,150.3,138.3,171.5666666666667,30.637613048887086,144.68571428571428,34.051305827698144,2021-07-24,73.7,2021-07-26,79.4,2021-07-30,118.6,2021-08-07,83.4,2021-08-22,73.1,0,0,0,2
2021-07-24,2021,7,24,6800,15834,3802,95.5,95.7,7.3,7.27,0,32.5,,,5365.0,5070.0,1585.0,1743.0,0.3,0.34,2.93,1260.0,3.15,,73.7,2,73.7,136.2,190.0,188.5,123.9,133.3,58.20420946976258,137.5142857142857,43.2123990143041,2021-07-25,63.2,2021-07-27,100.7,2021-07-31,42.8,2021-08-08,59.2,2021-08-23,59.5,0,0,0,2
2021-07-25,2021,7,25,8119,16624,3792,95.1,95.9,7.32,7.24,0,30.1,,,5437.38925,5227.20025,1352.6,1228.1,0.25,0.23,3.06,965.0,3.12,,63.2,2,63.2,73.7,136.2,190.0,124.3,91.03333333333335,39.4662302903803,128.78571428571428,51.66970190777276,2021-07-26,79.4,2021-07-28,105.0,2021-08-01,8.2,2021-08-09,49.2,2021-08-24,69.2,0,0,0,2
2021-07-26,2021,7,26,8369,20269,9199,95.2,95.8,7.35,7.3,31976,22.7,5.23,170700.0,5372.33075,5317.28125,1518.6,1294.5,0.28,0.24,2.92,492.0,2.99,2.19,79.4,2,79.4,63.2,73.7,136.2,99.6,72.10000000000001,8.2176639016206,125.89999999999999,54.079262815488406,2021-07-27,100.7,2021-07-29,114.0,2021-08-02,7.7,2021-08-10,92.5,2021-08-25,83.3,0,0,0,2
2021-07-27,2021,7,27,8720,17236,12430,95.3,95.8,7.31,7.25,14216,22.4,6.29,118400.0,5139.6215,5019.5135,1601.6,1443.9,0.31,0.29,2.83,645.0,2.92,3.11,100.7,2,100.7,79.4,63.2,73.7,150.3,81.10000000000001,18.80771118451149,118.81428571428572,53.596686109355325,2021-07-28,105.0,2021-07-30,118.6,2021-08-03,22.3,2021-08-11,142.0,2021-08-26,103.4,0,0,0,2
2021-07-28,2021,7,28,8854,15762,12459,95.6,95.3,7.3,7.22,19731,23.1,6.17,124850.0,5307.27225,5617.55125,1452.2,829.7,0.27,0.15,3.42,554.0,,3.13,105.0,2,105.0,100.7,79.4,63.2,188.5,95.03333333333335,13.708513170046285,106.88571428571429,43.921005930018964,2021-07-29,114.0,2021-07-31,42.8,2021-08-04,55.9,2021-08-12,144.0,2021-08-27,98.6,0,0,0,2
2021-07-29,2021,7,29,11246,11933,14705,95.5,95.6,7.29,7.24,13979,22.6,7.81,139375.0,,,,,,,4.2,465.0,3.17,3.22,114.0,2,114.0,105.0,100.7,79.4,190.0,106.56666666666668,6.786997372427163,96.02857142857144,25.46832766959214,2021-07-30,118.6,2021-08-01,8.2,2021-08-05,55.7,2021-08-13,126.0,2021-08-28,6.2,0,0,0,2
2021-07-30,2021,7,30,9998,15493,10729,95.4,95.7,7.28,7.21,26642,23.7,7.12,65425.0,,,,,,,3.38,427.0,2.92,3.3,118.6,2,118.6,114.0,105.0,100.7,136.2,112.53333333333335,6.917610377387087,93.51428571428572,21.382580805523922,2021-07-31,42.8,2021-08-02,7.7,2021-08-06,75.4,2021-08-14,102.2,2021-08-29,1.4,0,0,0,2
2021-07-31,2021,7,31,8562,38875,3540,95.5,95.5,7.33,7.26,0,16.8,,,,,,,,,3.08,254.0,2.97,,42.8,2,42.8,118.6,114.0,105.0,73.7,91.80000000000001,42.49752933995104,89.1,28.24364235245396,2021-08-01,8.2,2021-08-03,22.3,2021-08-07,83.4,2021-08-15,89.8,2021-08-30,59.6,0,0,0,2
2021-08-01,2021,8,1,9494,17990,3796,95.3,95.4,7.37,7.27,19343,27.4,,,5097.0,4732.0,1195.0,1236.0,0.23,0.26,3.08,728.0,3.1,,8.2,2,8.2,42.8,118.6,114.0,63.2,56.53333333333334,56.46674537578141,81.24285714285715,41.28776481973226,2021-08-02,7.7,2021-08-04,55.9,2021-08-08,59.2,2021-08-16,100.4,2021-08-31,154.0,0,0,0,2
2021-08-02,2021,8,2,9302,21015,3826,95.6,95.7,7.34,7.23,2907,25.1,5.98,147150.0,5055.0,4604.0,1419.0,1378.0,0.28,0.3,2.87,374.0,2.96,2.47,7.7,2,7.7,8.2,42.8,118.6,79.4,19.566666666666674,20.12220995152693,71.0,49.831081331500954,2021-08-03,22.3,2021-08-05,55.7,2021-08-09,49.2,2021-08-17,143.3,2021-09-01,145.6,0,0,0,2
2021-08-03,2021,8,3,9302,19964,3827,95.9,95.5,7.3,7.22,19931,25.9,6.61,161320.0,4977.0,4594.0,1344.0,1369.0,0.27,0.3,2.76,548.0,,2.46,22.3,2,22.3,7.7,8.2,42.8,100.7,12.733333333333343,8.28874739229814,59.800000000000004,50.84345254471476,2021-08-04,55.9,2021-08-06,75.4,2021-08-10,92.5,2021-08-18,131.2,2021-09-02,118.2,0,0,0,2
2021-08-04,2021,8,4,9317,16558,3810,95.8,95.2,7.26,7.21,7618,28.9,,141360.0,4824.0,4624.0,938.0,713.0,0.19,0.15,3.0,588.0,3.6,1.63,55.9,2,55.9,22.3,7.7,8.2,105.0,28.63333333333334,24.71625645872226,52.785714285714285,46.79406759306949,2021-08-05,55.7,2021-08-07,83.4,2021-08-11,142.0,2021-08-19,108.9,2021-09-03,142.8,0,0,0,2
2021-08-05,2021,8,5,6849,14916,3753,95.4,95.7,7.33,7.21,20451,33.6,4.38,152350.0,5055.0,4607.0,1203.0,1336.0,0.24,0.29,3.04,731.0,,1.93,55.7,2,55.7,55.9,22.3,7.7,114.0,44.63333333333335,19.341492531170665,44.457142857142856,38.54403789359453,2021-08-06,75.4,2021-08-08,59.2,2021-08-12,144.0,2021-08-20,108.5,2021-09-04,85.0,0,0,0,2
2021-08-06,2021,8,6,11907,14813,8084,95.8,95.8,7.28,7.18,0,24.7,,,4874.0,4532.0,1436.0,813.0,0.29,0.18,3.29,458.0,2.95,2.9,75.4,2,75.4,55.7,55.9,22.3,118.6,62.33333333333334,11.31650711718645,38.285714285714285,26.164698136447555,2021-08-07,83.4,2021-08-09,49.2,2021-08-13,126.0,2021-08-21,91.6,2021-09-05,68.5,0,0,0,2
2021-08-07,2021,8,7,11522,14784,8082,95.2,95.4,7.33,7.21,0,25.0,,,4947.0,4449.0,1602.0,1228.0,0.32,0.28,2.99,724.0,2.94,,83.4,2,83.4,75.4,55.7,55.9,42.8,71.50000000000001,14.25587598150316,44.08571428571429,31.323549637688835,2021-08-08,59.2,2021-08-10,92.5,2021-08-14,102.2,2021-08-22,73.1,2021-09-06,60.2,0,0,0,2
2021-08-08,2021,8,8,11343,16646,2823,95.4,95.1,7.27,7.45,21186,27.8,,,,,,,,,2.67,480.0,2.78,,59.2,2,59.2,83.4,75.4,55.7,8.2,72.66666666666669,12.329368732150568,51.371428571428574,27.252138404518693,2021-08-09,49.2,2021-08-11,142.0,2021-08-15,89.8,2021-08-23,59.5,2021-09-07,60.3,0,0,0,2
2021-08-09,2021,8,9,9784,16376,2732,95.7,95.8,7.27,7.2,15386,29.7,6.74,161400.0,,,,,,,2.87,265.0,2.77,2.41,49.2,2,49.2,59.2,83.4,75.4,7.7,63.933333333333344,17.584462838919244,57.300000000000004,19.61105130617247,2021-08-10,92.5,2021-08-12,144.0,2021-08-16,100.4,2021-08-24,69.2,2021-09-08,78.8,0,0,0,2
2021-08-10,2021,8,10,9897,15854,17718,95.2,95.6,7.3,7.18,19176,19.7,7.56,140875.0,,,,,,,2.87,1220.0,2.72,3.2,92.5,2,92.5,49.2,59.2,83.4,22.3,66.96666666666668,22.670759434419743,67.32857142857144,16.419471599873248,2021-08-11,142.0,2021-08-13,126.0,2021-08-17,143.3,2021-08-25,83.3,2021-09-09,70.1,0,0,0,2
2021-08-11,2021,8,11,10747,16325,25586,95.5,95.7,7.26,7.18,17905,16.3,7.28,130350.0,,,,,,,2.91,708.0,3.4,2.49,142.0,2,142.0,92.5,49.2,59.2,55.9,94.56666666666668,46.434505847842644,79.62857142857142,31.632721154194833,2021-08-12,144.0,2021-08-14,102.2,2021-08-18,131.2,2021-08-26,103.4,2021-09-10,93.2,0,0,0,2
2021-08-12,2021,8,12,12359,16441,20016,95.2,95.5,7.21,7.12,14353,17.6,7.34,139500.0,,,,,,,2.9,490.0,2.79,2.75,144.0,2,144.0,142.0,92.5,49.2,55.7,126.16666666666667,29.1733325716027,92.24285714285715,37.55226833551944,2021-08-13,126.0,2021-08-15,89.8,2021-08-19,108.9,2021-08-27,98.6,2021-09-11,64.0,0,0,0,2
2021-08-13,2021,8,13,9903,16486,12293,96.0,95.5,7.25,7.13,0,22.2,2.85,115850.0,,,,,,,2.85,499.0,2.84,3.5,126.0,2,126.0,144.0,142.0,92.5,75.4,137.33333333333334,9.865765724632622,99.47142857142856,38.62454807872468,2021-08-14,102.2,2021-08-16,100.4,2021-08-20,108.5,2021-08-28,6.2,2021-09-12,6.0,0,0,0,2
2021-08-14,2021,8,14,8867,13723,8108,95.2,95.5,7.2,7.14,0,27.9,,114600.0,,,,,,,2.62,644.0,2.86,,102.2,2,102.2,126.0,144.0,142.0,83.4,124.06666666666668,20.966958132579343,102.15714285714286,37.968840608357496,2021-08-15,89.8,2021-08-17,143.3,2021-08-21,91.6,2021-08-29,1.4,2021-09-13,2.5,0,0,0,2
2021-08-15,2021,8,15,9533,13278,8105,95.5,95.4,7.25,7.14,30270,27.8,,,4864.374,4571.61075,1535.2,1228.1,0.32,0.27,2.75,749.0,2.93,,89.8,2,89.8,102.2,126.0,144.0,59.2,106.0,18.396738841436015,106.52857142857144,33.72292564837332,2021-08-16,100.4,2021-08-18,131.2,2021-08-22,73.1,2021-08-30,59.6,2021-09-14,44.8,0,0,0,2
2021-08-16,2021,8,16,9298,16767,13018,95.2,95.5,7.32,7.22,7297,22.0,7.31,85175.0,4741.76375,4499.0455,1128.5,962.5,0.24,0.21,2.69,502.0,2.88,2.43,100.4,2,100.4,89.8,102.2,126.0,49.2,97.46666666666668,6.700248751601177,113.84285714285714,23.093711780688814,2021-08-17,143.3,2021-08-19,108.9,2021-08-23,59.5,2021-08-31,154.0,2021-09-15,113.2,0,0,0,2
2021-08-17,2021,8,17,8704,14535,16038,95.5,95.9,7.31,7.26,30463,21.8,7.87,134550.0,4694.221,4421.47575,896.1,1020.6,0.19,0.23,2.77,351.0,2.84,3.75,143.3,2,143.3,100.4,89.8,102.2,92.5,111.16666666666669,28.32848978207865,121.1,23.25030465750221,2021-08-18,131.2,2021-08-20,108.5,2021-08-24,69.2,2021-09-01,145.6,2021-09-16,118.2,0,0,0,2
2021-08-18,2021,8,18,8579,16432,15146,95.3,95.8,7.28,7.22,7086,21.4,7.89,173720.0,4699.2255,4481.52975,1087.0,962.5,0.23,0.21,2.86,362.0,2.81,3.0,131.2,2,131.2,143.3,100.4,89.8,142.0,124.96666666666668,22.11884566005503,119.55714285714286,21.954487555156597,2021-08-19,108.9,2021-08-21,91.6,2021-08-25,83.3,2021-09-02,118.2,2021-09-17,115.9,0,0,0,2
2021-08-19,2021,8,19,8513,15872,14516,95.8,95.5,7.25,7.14,31583,22.1,5.95,116330.0,4521.56575,4398.9555,1228.1,257.0,0.27,0.6,2.85,573.0,,3.3,108.9,2,108.9,131.2,143.3,100.4,144.0,127.8,17.450214898390282,114.54285714285716,19.28780764652959,2021-08-20,108.5,2021-08-22,73.1,2021-08-26,103.4,2021-09-03,142.8,2021-09-18,84.9,0,0,0,2
2021-08-20,2021,8,20,9313,10137,16896,95.7,95.6,7.21,7.13,0,23.6,6.11,136800.0,4611.64675,4328.8925,1045.5,1186.6,0.23,0.27,2.81,485.0,2.93,3.42,108.5,2,108.5,108.9,131.2,143.3,126.0,116.2,12.991920566259667,112.04285714285713,18.67983379144985,2021-08-21,91.6,2021-08-23,59.5,2021-08-27,98.6,2021-09-04,85.0,2021-09-19,74.3,0,0,0,2
2021-08-21,2021,8,21,8792,10539,12449,96.0,95.7,7.25,7.13,0,27.0,,,4566.60625,4243.816,1111.9,746.7,0.24,0.18,2.75,558.0,2.83,,91.6,2,91.6,108.5,108.9,131.2,102.2,103.0,9.874715185766128,110.52857142857144,19.99414199923856,2021-08-22,73.1,2021-08-24,69.2,2021-08-28,6.2,2021-09-05,68.5,2021-09-20,96.7,0,0,0,2
2021-08-22,2021,8,22,9205,12864,5431,95.8,95.7,7.22,7.21,33858,15.6,,,4368.9285,4526.57025,1078.7,1145.1,0.25,0.25,2.64,609.0,2.95,,73.1,2,73.1,91.6,108.5,108.9,89.8,91.06666666666668,17.706025339791324,108.14285714285714,23.55835712600077,2021-08-23,59.5,2021-08-25,83.3,2021-08-29,1.4,2021-09-06,60.2,2021-09-21,143.1,0,0,0,2
2021-08-23,2021,8,23,9046,14437,5311,95.7,95.5,7.22,7.24,28655,14.9,7.18,131950.0,4301.36775,4586.62425,1145.1,1153.4,0.27,0.25,3.16,349.0,2.88,2.53,59.5,2,59.5,73.1,91.6,108.5,100.4,74.73333333333333,16.11221069044627,102.29999999999998,29.992165643714362,2021-08-24,69.2,2021-08-26,103.4,2021-08-30,59.6,2021-09-07,60.3,2021-09-22,128.2,0,0,0,2
2021-08-24,2021,8,24,8470,17209,6761,95.5,93.1,7.17,,25208,13.2,5.72,180050.0,4243.816,,995.7,,0.23,,3.36,603.0,3.2,4.16,69.2,2,69.2,59.5,73.1,91.6,143.3,67.26666666666667,7.0030945540761085,91.71428571428571,25.9081344093207,2021-08-25,83.3,2021-08-27,98.6,2021-08-31,154.0,2021-09-08,78.8,2021-09-23,101.6,0,0,0,2
2021-08-25,2021,8,25,9047,20247,12798,94.2,92.8,7.18,,7621,10.2,5.41,149950.0,4241.31375,,1178.3,,0.28,,3.13,579.8,3.4,3.55,83.3,2,83.3,69.2,59.5,73.1,131.2,70.66666666666667,11.967595135754328,84.87142857142855,19.19763130229992,2021-08-26,103.4,2021-08-28,6.2,2021-09-01,145.6,2021-09-09,70.1,2021-09-24,133.8,0,0,0,2
2021-08-26,2021,8,26,9145,15358,18360,95.6,92.5,7.17,,24608,10.0,,113200.0,4004.0,,1261.0,,0.31,,3.0,648.0,3.6,2.74,103.4,2,103.4,83.3,69.2,59.5,108.9,85.30000000000001,17.187495454544802,84.08571428571429,18.133342086832567,2021-08-27,98.6,2021-08-29,1.4,2021-09-02,118.2,2021-09-10,93.2,2021-09-25,103.3,0,0,0,2
2021-08-27,2021,8,27,8045,76160,13266,95.2,96.1,7.18,7.2,0,32.3,,,4244.0,4416.0,1145.0,1295.0,0.27,0.29,2.96,438.0,2.95,2.4,98.6,2,98.6,103.4,83.3,69.2,108.5,95.10000000000002,10.497142468310074,82.67142857142858,16.194208253334857,2021-08-28,6.2,2021-08-30,59.6,2021-09-03,142.8,2021-09-11,64.0,2021-09-26,73.3,0,0,0,2
2021-08-28,2021,8,28,7151,16534,3807,95.0,95.4,7.16,7.22,0,31.2,,,4537.0,4341.0,979.0,987.0,0.22,0.23,2.72,561.0,2.69,,6.2,2,6.2,98.6,103.4,83.3,91.6,69.4,54.78539951483422,70.47142857142856,32.403174447663474,2021-08-29,1.4,2021-08-31,154.0,2021-09-04,85.0,2021-09-12,6.0,2021-09-27,73.6,0,0,0,2
2021-08-29,2021,8,29,7200,16547,3803,95.4,95.9,7.18,7.24,26500,31.1,,185450.0,4459.0095,4411.46675,945.9,1128.5,0.21,0.26,2.81,620.0,2.62,,1.4,2,1.4,6.2,98.6,103.4,73.1,35.400000000000006,54.7853995148342,60.228571428571435,41.4916342686777,2021-08-30,59.6,2021-09-01,145.6,2021-09-05,68.5,2021-09-13,2.5,2021-09-28,108.7,0,0,0,2
2021-08-30,2021,8,30,6999,15593,15875,95.5,95.1,7.24,7.16,19526,22.3,5.93,117050.0,4679.2075,4341.40375,1244.7,838.0,0.27,0.19,2.75,426.0,2.64,1.99,59.6,2,59.6,1.4,6.2,98.6,59.5,22.40000000000001,32.30541750233224,60.24285714285714,41.491358824975265,2021-08-31,154.0,2021-09-02,118.2,2021-09-06,60.2,2021-09-14,44.8,2021-09-29,131.7,0,0,0,2
2021-08-31,2021,8,31,5269,15634,28216,95.3,95.2,7.25,7.13,4,17.5,5.67,185000.0,4656.68725,4328.8925,1460.5,1360.9,0.31,0.31,3.48,508.0,2.75,3.53,154.0,2,154.0,59.6,1.4,6.2,69.2,71.66666666666667,77.0122933909472,72.35714285714286,54.790627457101216,2021-09-01,145.6,2021-09-03,142.8,2021-09-07,60.3,2021-09-15,113.2,2021-09-30,161.2,0,0,0,2
2021-09-01,2021,9,1,5413,24437,14470,95.1,95.7,7.3,7.16,26948,19.4,6.76,186650.0,4694.221,4521.56575,912.7,1277.9,0.19,0.28,2.96,422.0,2.77,4.79,145.6,2,145.6,154.0,59.6,1.4,83.3,119.73333333333335,52.2460843827873,81.25714285714285,61.51202747275951,2021-09-02,118.2,2021-09-04,85.0,2021-09-08,78.8,2021-09-16,118.2,2021-10-01,123.6,0,0,0,2
2021-09-02,2021,9,2,4347,18443,13804,95.2,95.3,7.31,7.22,9779,23.4,6.47,194100.0,4916.92125,4579.1175,1070.4,970.8,0.22,0.21,2.89,421.0,2.68,,118.2,2,118.2,145.6,154.0,59.6,103.4,139.26666666666668,18.72146717897216,83.37142857142858,62.643906707827895,2021-09-03,142.8,2021-09-05,68.5,2021-09-09,70.1,2021-09-17,115.9,2021-10-02,86.1,0,0,0,2
2021-09-03,2021,9,3,7314,15297,16286,95.5,96.0,7.33,7.2,27031,22.1,7.99,172300.0,4266.33625,4641.67375,1178.3,1012.3,0.28,0.22,3.02,470.0,2.95,1.7,142.8,2,142.8,118.2,145.6,154.0,98.6,135.53333333333336,15.07625063911222,89.68571428571428,66.54110079671129,2021-09-04,85.0,2021-09-06,60.2,2021-09-10,93.2,2021-09-18,84.9,2021-10-03,72.6,0,0,0,2
2021-09-04,2021,9,4,6080,10153,3795,95.3,95.1,7.29,7.23,0,42.8,,,4441.49375,4814.329,1253.0,1020.6,0.28,0.21,2.67,389.0,3.13,,85.0,2,85.0,142.8,118.2,145.6,6.2,115.33333333333336,29.006436067420136,100.94285714285714,55.873871566319096,2021-09-05,68.5,2021-09-07,60.3,2021-09-11,64.0,2021-09-19,74.3,2021-10-04,78.3,0,0,0,2
2021-09-05,2021,9,5,6623,15952,3801,95.8,95.7,7.32,7.25,0,32.5,,,4569.1085,4874.383,1253.0,987.4,0.27,0.2,2.57,586.0,3.23,,68.5,2,68.5,85.0,142.8,118.2,1.4,98.7666666666667,39.016193219397145,110.52857142857144,39.22561723694156,2021-09-06,60.2,2021-09-08,78.8,2021-09-12,6.0,2021-09-20,96.7,2021-10-05,88.8,0,0,0,2
2021-09-06,2021,9,6,6114,16608,3824,95.4,95.5,7.3,7.22,0,32.3,,,4504.05,4819.3335,1186.6,1120.2,0.26,0.23,2.45,584.0,2.62,,60.2,2,60.2,68.5,85.0,142.8,59.6,71.23333333333335,12.623919095642636,110.61428571428571,39.0962243944957,2021-09-07,60.3,2021-09-09,70.1,2021-09-13,2.5,2021-09-21,143.1,2021-10-06,104.6,0,0,0,2
2021-09-07,2021,9,7,6566,16143,6657,95.0,95.3,7.33,7.26,31512,29.2,6.82,156150.0,5287.25425,4794.311,1170.0,1352.6,0.22,0.28,2.84,166.0,3.1,3.75,60.3,2,60.3,60.2,68.5,85.0,154.0,63.00000000000002,4.763402145525548,97.22857142857141,37.7845962567514,2021-09-08,78.8,2021-09-10,93.2,2021-09-14,44.8,2021-09-22,128.2,2021-10-07,78.7,0,0,0,2
2021-09-08,2021,9,8,5739,24281,13591,95.3,95.2,7.33,7.28,21505,19.7,5.65,138700.0,5307.27225,4979.4775,1277.9,1028.9,0.24,0.21,2.74,584.0,3.12,2.25,78.8,2,78.8,60.3,60.2,68.5,145.6,66.43333333333335,10.70996420784546,87.6857142857143,31.433550471400643,2021-09-09,70.1,2021-09-11,64.0,2021-09-15,113.2,2021-09-23,101.6,2021-10-08,66.7,0,0,0,2
2021-09-09,2021,9,9,5203,17100,11787,95.4,96.0,7.32,7.3,19777,25.2,5.12,110350.0,5369.8285,5034.527,1116.05,1170.0,0.21,0.23,2.71,671.0,3.4,2.76,70.1,2,70.1,78.8,60.3,60.2,118.2,69.73333333333335,9.255448845589875,80.81428571428572,28.798230765762177,2021-09-10,93.2,2021-09-12,6.0,2021-09-16,118.2,2021-09-24,133.8,2021-10-09,53.0,0,0,0,2
2021-09-10,2021,9,10,6608,17167,10031,95.4,95.3,7.35,7.21,25725,25.4,5.67,147650.0,5377.33525,4761.78175,1261.3,1037.2,0.23,0.22,2.66,484.0,3.16,2.92,93.2,2,93.2,70.1,78.8,60.3,142.8,80.70000000000002,11.66661904752178,73.72857142857143,12.488356481901155,2021-09-11,64.0,2021-09-13,2.5,2021-09-17,115.9,2021-09-25,103.3,2021-10-10,48.0,0,0,0,2
2021-09-11,2021,9,11,5854,16065,3819,95.5,95.2,7.27,7.19,0,33.3,,,5069.5585,4819.3335,1203.2,954.2,0.24,0.2,2.7,683.0,3.12,,64.0,2,64.0,93.2,70.1,78.8,85.0,75.7666666666667,15.402705390071286,70.72857142857143,11.834654520476818,2021-09-12,6.0,2021-09-14,44.8,2021-09-18,84.9,2021-09-26,73.3,2021-10-11,71.9,0,0,0,2
2021-09-12,2021,9,12,6473,10122,1459,95.1,95.1,7.25,7.14,0,47.5,,,5117.10125,4806.82225,1136.8,1037.2,0.22,0.22,2.91,624.0,3.14,,6.0,2,6.0,64.0,93.2,70.1,68.5,54.40000000000001,44.38558324501321,61.800000000000004,27.285954873035458,2021-09-13,2.5,2021-09-15,113.2,2021-09-19,74.3,2021-09-27,73.6,2021-10-12,118.3,0,0,0,2
2021-09-13,2021,9,13,7769,35946,5041,95.3,95.2,7.36,7.27,29465,17.6,8.25,236050.0,5189.6665,4774.293,1170.0,1120.2,0.23,0.23,2.78,790.4,3.26,1.38,2.5,2,2.5,6.0,64.0,93.2,60.2,24.166666666666686,34.5410383939645,53.55714285714286,35.36819932947559,2021-09-14,44.8,2021-09-16,118.2,2021-09-20,96.7,2021-09-28,108.7,2021-10-13,135.9,0,0,0,2
2021-09-14,2021,9,14,7815,14836,10074,95.2,95.7,7.29,7.2,9857,26.2,7.19,182000.0,4979.4775,4761.78175,1211.5,1145.1,0.24,0.24,2.74,476.0,3.24,2.58,44.8,2,44.8,2.5,6.0,64.0,60.3,17.766666666666683,23.476868047789704,51.34285714285714,35.360894461860696,2021-09-15,113.2,2021-09-17,115.9,2021-09-21,143.1,2021-09-29,131.7,2021-10-14,124.8,0,0,0,2
2021-09-15,2021,9,15,7594,15465,15346,95.4,95.3,7.32,7.21,26428,22.3,11.35,231850.0,4991.98875,4734.257,1103.6,995.7,0.22,0.21,2.78,617.0,3.15,2.51,113.2,2,113.2,44.8,2.5,6.0,78.8,53.50000000000002,55.86045112599787,56.25714285714285,41.644761861201516,2021-09-16,118.2,2021-09-18,84.9,2021-09-22,128.2,2021-09-30,161.2,2021-10-15,113.3,0,0,0,2
2021-09-16,2021,9,16,8201,18335,16029,95.9,95.3,7.33,7.23,14031,20.2,6.15,115450.0,4919.4235,4709.2345,1053.8,1170.0,0.21,0.25,2.75,586.9,3.12,3.16,118.2,2,118.2,113.2,44.8,2.5,70.1,92.06666666666668,41.0104051837254,63.12857142857143,47.819964947906875,2021-09-17,115.9,2021-09-19,74.3,2021-09-23,101.6,2021-10-01,123.6,2021-10-16,13.7,0,0,0,2
2021-09-17,2021,9,17,7358,21622,13375,95.3,96.0,7.34,7.25,19688,20.3,13.53,,5384.842,5039.5315,1784.2,1618.2,0.33,0.32,2.69,628.0,3.15,2.0,115.9,2,115.9,118.2,113.2,44.8,93.2,115.7666666666667,2.502665245959099,66.37142857142858,50.87142990866657,2021-09-18,84.9,2021-09-20,96.7,2021-09-24,133.8,2021-10-02,86.1,2021-10-17,69.9,0,0,0,2
2021-09-18,2021,9,18,7814,16938,3809,95.5,95.3,7.26,7.28,0,30.0,,,5027.02025,5377.33525,1684.6,1394.1,0.34,0.26,2.6,526.0,3.0,,84.9,2,84.9,115.9,118.2,113.2,64.0,106.33333333333336,18.59740125214626,69.35714285714286,51.32039416394668,2021-09-19,74.3,2021-09-21,143.1,2021-09-25,103.3,2021-10-03,72.6,2021-10-18,138.1,0,0,0,2
2021-09-19,2021,9,19,7955,16466,3803,96.0,95.2,7.32,7.24,0,30.4,,,5432.38475,5124.608,1477.1,1410.7,0.27,0.28,2.75,758.6,2.76,,74.3,2,74.3,84.9,115.9,118.2,6.0,91.70000000000003,21.61758543408578,79.11428571428571,43.101795344332906,2021-09-20,96.7,2021-09-22,128.2,2021-09-26,73.3,2021-10-04,78.3,2021-10-19,108.9,0,0,0,2
2021-09-20,2021,9,20,7724,17394,12676,95.4,95.3,7.38,7.3,50156,22.7,7.75,,5337.29925,5262.23175,1477.1,1609.9,0.28,0.31,2.88,458.0,3.3,2.33,96.7,2,96.7,74.3,84.9,115.9,2.5,85.30000000000001,11.205355862265032,92.57142857142857,26.8279527288059,2021-09-21,143.1,2021-09-23,101.6,2021-09-27,73.6,2021-10-05,88.8,2021-10-20,122.8,0,0,0,2
2021-09-21,2021,9,21,8663,12323,16829,95.5,95.1,7.38,7.26,39020,22.7,1.3,,5570.0085,5009.5045,1244.7,1651.4,0.22,0.33,2.77,389.1,2.98,2.83,143.1,2,143.1,96.7,74.3,84.9,44.8,104.70000000000003,35.09073951913807,106.61428571428571,23.12663893806071,2021-09-22,128.2,2021-09-24,133.8,2021-09-28,108.7,2021-10-06,104.6,2021-10-21,132.1,0,0,0,2
2021-09-22,2021,9,22,8191,15701,5269,95.6,95.4,7.38,7.28,25600,29.4,,,5354.815,4979.4775,1327.7,1385.8,0.25,0.28,2.59,350.0,3.5,3.21,128.2,2,128.2,143.1,96.7,74.3,113.2,122.66666666666669,23.689730545815266,108.75714285714285,24.49311856711706,2021-09-23,101.6,2021-09-25,103.3,2021-09-29,131.7,2021-10-07,78.7,2021-10-22,178.0,0,0,0,2
2021-09-23,2021,9,23,8308,15998,1762,95.6,95.5,7.32,7.28,26275,32.9,1.87,,5454.905,5207.18225,1643.1,1668.0,0.3,0.32,2.55,388.2,,,101.6,2,101.6,128.2,143.1,96.7,118.2,124.30000000000003,21.02308255228048,106.38571428571429,24.22866267952262,2021-09-24,133.8,2021-09-26,73.3,2021-09-30,161.2,2021-10-08,66.7,2021-10-23,149.5,0,0,0,2
2021-09-24,2021,9,24,8201,14754,5701,95.9,95.6,7.39,7.29,41756,29.9,8.43,,5479.9275,5117.10125,1336.0,1668.0,0.24,0.33,2.55,623.0,2.98,3.51,133.8,2,133.8,101.6,128.2,143.1,115.9,121.2,17.203488018422313,108.94285714285714,26.259655820469565,2021-09-25,103.3,2021-09-27,73.6,2021-10-01,123.6,2021-10-09,53.0,2021-10-24,131.0,0,0,0,2
2021-09-25,2021,9,25,8059,16751,8123,95.8,95.3,7.2,7.21,0,26.1,,,5429.8825,4866.87625,1784.2,1867.2,0.33,0.38,2.5,884.0,3.7,,103.3,2,103.3,133.8,101.6,128.2,84.9,112.90000000000002,18.119878586789703,111.57142857142857,24.299637465451585,2021-09-26,73.3,2021-09-28,108.7,2021-10-02,86.1,2021-10-10,48.0,2021-10-25,134.5,0,0,0,2
2021-09-26,2021,9,26,7635,17242,2215,94.5,95.4,7.19,7.17,0,31.7,,,,,,,,,2.56,564.0,3.11,,73.3,2,73.3,103.3,133.8,101.6,74.3,103.4666666666667,30.25034435065712,111.42857142857143,24.556853373733475,2021-09-27,73.6,2021-09-29,131.7,2021-10-03,72.6,2021-10-11,71.9,2021-10-26,146.8,0,0,0,2
2021-09-27,2021,9,27,8167,16495,7717,96.0,95.5,7.35,7.25,26568,26.5,8.97,,,,,,,,2.6,447.0,3.9,2.29,73.6,2,73.6,73.3,103.3,133.8,96.7,83.40000000000002,17.234558305915435,108.12857142857142,28.15455642731821,2021-09-28,108.7,2021-09-30,161.2,2021-10-04,78.3,2021-10-12,118.3,2021-10-27,105.3,0,0,0,2
2021-09-28,2021,9,28,8237,15098,10247,95.5,95.6,7.35,7.24,11700,25.5,1.11,,,,,,,,2.64,551.0,3.3,3.37,108.7,2,108.7,73.6,73.3,103.3,143.1,85.2,20.352149763599886,103.2142857142857,23.67962757107382,2021-09-29,131.7,2021-10-01,123.6,2021-10-05,88.8,2021-10-13,135.9,2021-10-28,87.0,0,0,0,2
2021-09-29,2021,9,29,8199,16153,12278,95.8,95.1,7.35,7.22,30040,23.4,11.87,,,,,,,,2.7,916.0,3.17,2.44,131.7,2,131.7,108.7,73.6,73.3,128.2,104.66666666666667,29.259243553676036,103.71428571428571,24.323337803532624,2021-09-30,161.2,2021-10-02,86.1,2021-10-06,104.6,2021-10-14,124.8,2021-10-29,126.8,0,0,0,2
2021-09-30,2021,9,30,8589,20384,21416,95.8,95.7,7.3,7.2,20532,17.0,7.67,,4914.419,4671.70075,1726.1,862.9,0.35,0.18,2.74,763.0,3.23,2.92,161.2,2,161.2,131.7,108.7,73.6,101.6,133.86666666666667,26.3169780433342,112.22857142857141,32.51264955294137,2021-10-01,123.6,2021-10-03,72.6,2021-10-07,78.7,2021-10-15,113.3,2021-10-30,19.4,0,0,0,2
2021-10-01,2021,10,1,8186,15226,11743,95.4,95.3,7.35,7.25,20200,24.4,6.92,100650.0,5019.5135,4869.3785,1311.1,1477.1,0.26,0.3,2.71,646.0,3.23,2.62,123.6,2,123.6,161.2,131.7,108.7,133.8,138.83333333333334,19.788969991723544,110.77142857142857,31.600512352687865,2021-10-02,86.1,2021-10-04,78.3,2021-10-08,66.7,2021-10-16,13.7,2021-10-31,85.1,0,0,0,2
2021-10-02,2021,10,2,8552,11532,2694,95.3,95.4,7.41,7.29,0,37.7,,,5124.608,5047.03825,1253.0,1170.0,0.24,0.23,2.59,786.0,3.18,,86.1,2,86.1,123.6,161.2,131.7,103.3,123.63333333333334,37.55001109631439,108.3142857142857,32.91946883792972,2021-10-03,72.6,2021-10-05,88.8,2021-10-09,53.0,2021-10-17,69.9,2021-11-01,97.6,0,0,0,2
2021-10-03,2021,10,3,8075,15251,2044,95.8,95.7,7.5,7.43,0,33.8,,,4799.3155,5232.20475,1692.9,1194.9,0.35,0.23,2.38,530.0,3.15,,72.6,2,72.6,86.1,123.6,161.2,73.3,94.10000000000002,26.42442052344762,108.21428571428571,33.04438573451512,2021-10-04,78.3,2021-10-06,104.6,2021-10-10,48.0,2021-10-18,138.1,2021-11-02,107.1,0,0,0,2
2021-10-04,2021,10,4,7516,15815,2487,95.9,95.7,7.38,7.29,9175,33.2,16.58,,5104.59,4939.4415,1228.1,1452.2,0.24,0.29,2.51,321.0,3.17,3.71,78.3,2,78.3,72.6,86.1,123.6,73.6,79.00000000000001,6.777167549942901,108.88571428571427,32.262332451918176,2021-10-05,88.8,2021-10-07,78.7,2021-10-11,71.9,2021-10-19,108.9,2021-11-03,112.9,0,0,0,2
2021-10-05,2021,10,5,6747,16223,9178,95.8,95.2,7.41,7.37,18769,26.7,7.56,,5254.725,4846.85825,1153.4,1626.5,0.22,0.34,2.49,568.0,2.77,3.75,88.8,2,88.8,78.3,72.6,86.1,108.7,79.90000000000002,8.21766390162065,106.04285714285713,33.146083586795804,2021-10-06,104.6,2021-10-08,66.7,2021-10-12,118.3,2021-10-20,122.8,2021-11-04,145.1,0,0,0,2
2021-10-06,2021,10,6,6879,12706,13382,95.5,95.3,7.38,7.34,21600,26.0,5.75,127625.0,,,,,,,2.57,374.0,2.92,3.11,104.6,2,104.6,88.8,78.3,72.6,131.7,90.56666666666668,13.238705878345245,102.17142857142856,31.173851985583124,2021-10-07,78.7,2021-10-09,53.0,2021-10-13,135.9,2021-10-21,132.1,2021-11-05,128.5,0,0,0,2
2021-10-07,2021,10,7,6581,17108,4760,95.2,96.0,7.43,7.35,3774,30.2,5.46,120100.0,,,,,,,2.61,571.0,2.72,3.16,78.7,2,78.7,104.6,88.8,78.3,161.2,90.7,13.054118124178268,90.38571428571429,17.912140070487368,2021-10-08,66.7,2021-10-10,48.0,2021-10-14,124.8,2021-10-22,178.0,2021-11-06,97.0,0,0,0,2
2021-10-08,2021,10,8,6288,17119,4699,95.5,95.8,7.4,7.33,25766,30.5,3.77,93225.0,,,,,,,2.58,447.0,2.79,1.29,66.7,2,66.7,78.7,104.6,88.8,123.6,83.33333333333336,19.37016606364882,82.25714285714285,12.385321573386289,2021-10-09,53.0,2021-10-11,71.9,2021-10-15,113.3,2021-10-23,149.5,2021-11-07,97.5,0,0,0,2
2021-10-09,2021,10,9,6688,16494,3790,95.2,95.9,7.31,7.28,0,31.8,,,,,,,,,2.49,530.0,3.1,,53.0,2,53.0,66.7,78.7,104.6,86.1,66.13333333333335,12.859367532399547,77.52857142857144,16.355805726174978,2021-10-10,48.0,2021-10-12,118.3,2021-10-16,13.7,2021-10-24,131.0,2021-11-08,100.4,0,0,0,2
2021-10-10,2021,10,10,6696,17355,3792,95.5,95.1,7.34,7.31,0,30.8,,,,,,,,,2.51,554.0,1.46,,48.0,2,48.0,53.0,66.7,78.7,72.6,55.90000000000001,9.681425514871123,74.0142857142857,19.858955038926204,2021-10-11,71.9,2021-10-13,135.9,2021-10-17,69.9,2021-10-25,134.5,2021-11-09,120.1,0,0,0,2
2021-10-11,2021,10,11,6424,17523,11656,95.7,95.4,7.38,7.29,28845,24.1,6.17,151800.0,,,,,,,2.98,410.0,3.23,2.2,71.9,2,71.9,48.0,53.0,66.7,78.3,57.633333333333354,12.60568654748051,73.10000000000001,19.775911272724294,2021-10-12,118.3,2021-10-14,124.8,2021-10-18,138.1,2021-10-26,146.8,2021-11-10,139.9,0,0,0,2
2021-10-12,2021,10,12,6448,15989,17302,95.9,95.8,7.33,7.22,11552,21.6,8.6,269850.0,5185.0,4847.0,1170.0,1162.0,0.23,0.24,2.65,380.0,3.14,3.62,118.3,2,118.3,71.9,48.0,53.0,88.8,79.40000000000002,35.74506959008472,77.31428571428572,25.880328988856114,2021-10-13,135.9,2021-10-15,113.3,2021-10-19,108.9,2021-10-27,105.3,2021-11-11,125.5,0,0,0,2
2021-10-13,2021,10,13,6344,24858,16826,95.5,95.2,7.38,7.24,34370,17.9,8.88,274350.0,5157.0,4494.0,1220.0,1228.0,0.24,0.27,3.37,536.0,3.1,1.89,135.9,2,135.9,118.3,71.9,48.0,104.6,108.70000000000003,33.06236531163494,81.78571428571429,33.08214163620749,2021-10-14,124.8,2021-10-16,13.7,2021-10-20,122.8,2021-10-28,87.0,2021-11-12,129.6,0,0,0,2
2021-10-14,2021,10,14,6793,18647,11964,95.1,95.6,7.34,7.23,9153,22.9,8.51,183725.0,5050.0,4784.0,1270.0,1444.0,0.25,0.3,2.65,565.0,3.12,1.9,124.8,2,124.8,135.9,118.3,71.9,78.7,126.33333333333336,8.899625460284057,88.37142857142858,36.75067864614719,2021-10-15,113.3,2021-10-17,69.9,2021-10-21,132.1,2021-10-29,126.8,2021-11-13,167.7,0,0,0,2
2021-10-15,2021,10,15,6376,18050,8638,95.7,95.9,7.34,7.24,30936,25.9,11.25,187250.0,5002.0,4659.0,1178.0,1104.0,0.24,0.24,2.57,560.0,3.0,3.64,113.3,2,113.3,124.8,135.9,118.3,66.7,124.66666666666669,11.300589955101286,95.02857142857144,36.38963745746464,2021-10-16,13.7,2021-10-18,138.1,2021-10-22,178.0,2021-10-30,19.4,2021-11-14,187.9,0,0,0,2
2021-10-16,2021,10,16,6564,15913,6894,95.3,95.5,7.4,7.32,0,29.2,,,4987.0,4757.0,1129.0,1012.0,0.23,0.21,2.43,443.0,2.9,,13.7,2,13.7,113.3,124.8,135.9,53.0,83.93333333333335,61.09503525928545,89.41428571428573,45.775773380374766,2021-10-17,69.9,2021-10-19,108.9,2021-10-23,149.5,2021-10-31,85.1,2021-11-15,208.0,0,0,0,2
2021-10-17,2021,10,17,6021,10995,11188,95.8,95.2,7.3,7.26,0,30.4,,,4994.0,4737.0,1286.0,1195.0,0.26,0.25,2.42,739.0,2.97,,69.9,2,69.9,13.7,113.3,124.8,48.0,65.63333333333337,49.936893509041305,92.54285714285716,43.146411868692574,2021-10-18,138.1,2021-10-20,122.8,2021-10-24,131.0,2021-11-01,97.6,2021-11-16,213.4,0,0,0,2
2021-10-18,2021,10,18,5752,10573,10937,95.6,95.3,7.31,7.22,39943,31.5,8.14,,5050.0,4724.0,1137.0,1278.0,0.23,0.27,2.49,435.0,3.8,,138.1,2,138.1,69.9,13.7,113.3,71.9,73.90000000000003,62.29638833832985,102.0,45.07944838467598,2021-10-19,108.9,2021-10-21,132.1,2021-10-25,134.5,2021-11-02,107.1,2021-11-17,187.1,0,0,0,2
2021-10-19,2021,10,19,6526,13313,14688,95.4,95.7,7.41,7.29,6868,24.9,3.62,,5370.0,4694.0,1037.0,971.0,0.19,0.21,2.53,658.0,2.97,3.16,108.9,2,108.9,138.1,69.9,13.7,118.3,105.63333333333337,34.21714969621717,100.65714285714286,44.650937173548655,2021-10-20,122.8,2021-10-22,178.0,2021-10-26,146.8,2021-11-03,112.9,2021-11-18,157.3,0,0,0,2
2021-10-20,2021,10,20,6097,17342,15003,95.4,95.8,7.38,7.28,27706,22.3,8.14,,,,,,,,2.57,798.0,3.7,2.88,122.8,2,122.8,108.9,138.1,69.9,135.9,123.2666666666667,14.605592536194354,98.7857142857143,43.177865802261394,2021-10-21,132.1,2021-10-23,149.5,2021-10-27,105.3,2021-11-04,145.1,2021-11-19,184.1,0,0,0,2
2021-10-21,2021,10,21,9106,17821,15381,95.2,95.7,7.34,7.25,6983,20.3,8.64,,5535.0,4817.0,1012.0,1178.0,0.18,0.24,2.59,534.0,,,132.1,2,132.1,122.8,108.9,138.1,124.8,121.2666666666667,11.675758362236527,99.82857142857142,43.99138985020114,2021-10-22,178.0,2021-10-24,131.0,2021-10-28,87.0,2021-11-05,128.5,2021-11-20,130.5,0,0,0,2
2021-10-22,2021,10,22,6667,17633,11535,95.2,91.8,7.34,7.22,20079,23.9,11.12,,,,,,,,2.48,528.0,3.12,3.2,178.0,2,178.0,132.1,122.8,108.9,113.3,144.30000000000004,29.553172418540857,109.07142857142857,53.139336160880354,2021-10-23,149.5,2021-10-25,134.5,2021-10-29,126.8,2021-11-06,97.0,2021-11-21,101.3,0,0,0,2
2021-10-23,2021,10,23,6730,16902,8143,95.1,95.0,7.51,7.32,0,27.0,,,5425.0,5080.0,1228.0,1054.0,0.23,0.21,2.37,671.0,3.18,,149.5,2,149.5,178.0,132.1,122.8,13.7,153.20000000000002,23.172613145694303,128.47142857142856,33.781095022991494,2021-10-24,131.0,2021-10-26,146.8,2021-10-30,19.4,2021-11-07,97.5,2021-11-22,98.6,0,0,0,2
2021-10-24,2021,10,24,7802,15155,8141,95.3,95.3,7.51,7.48,0,27.6,,,,,,,,,4.51,672.0,3.27,,131.0,2,131.0,149.5,178.0,132.1,69.9,152.83333333333337,23.67664109060527,137.20000000000002,21.944779181694525,2021-10-25,134.5,2021-10-27,105.3,2021-10-31,85.1,2021-11-08,100.4,2021-11-23,122.2,0,0,0,2
2021-10-25,2021,10,25,7442,16583,13603,95.5,95.4,7.4,7.31,11131,22.8,9.79,,,,,,,,3.59,305.0,3.41,2.76,134.5,2,134.5,131.0,149.5,178.0,138.1,138.33333333333337,9.827681991870618,136.68571428571428,21.962348733793526,2021-10-26,146.8,2021-10-28,87.0,2021-11-01,97.6,2021-11-09,120.1,2021-11-24,94.7,0,0,0,2
2021-10-26,2021,10,26,7101,13915,19509,95.7,95.2,7.4,7.27,15977,21.2,18.89,117200.0,5820.0,5470.0,1369.0,1236.0,0.24,0.23,2.88,399.0,2.72,3.57,146.8,2,146.8,134.5,131.0,149.5,108.9,137.43333333333337,8.298393418809342,142.1,18.344481459011053,2021-10-27,105.3,2021-10-29,126.8,2021-11-02,107.1,2021-11-10,139.9,2021-11-25,73.4,0,0,0,2
2021-10-27,2021,10,27,1897,2380,7324,95.8,95.4,7.43,7.3,25685,74.0,6.36,134900.0,,,,,,,2.96,603.0,1.79,,105.3,2,105.3,146.8,134.5,131.0,122.8,128.8666666666667,21.31580008663382,139.6,22.200300298269248,2021-10-28,87.0,2021-10-30,19.4,2021-11-03,112.9,2021-11-11,125.5,2021-11-26,73.6,0,0,0,2
2021-10-28,2021,10,28,5122,15066,14439,95.1,95.7,7.49,7.37,7079,24.8,4.68,104600.0,6136.0,5758.0,1361.0,1286.0,0.22,0.22,3.56,622.0,,,87.0,2,87.0,105.3,146.8,134.5,132.1,113.03333333333336,30.64087683688799,133.15714285714284,29.936202004866793,2021-10-29,126.8,2021-10-31,85.1,2021-11-04,145.1,2021-11-12,129.6,2021-11-27,58.4,0,0,0,2
2021-10-29,2021,10,29,9441,13441,19767,95.2,95.7,7.45,7.36,19124,20.1,4.63,10405.0,,,,,,,3.41,469.0,3.37,4.6,126.8,2,126.8,87.0,105.3,146.8,178.0,106.36666666666669,19.921428998275665,125.84285714285714,22.479980511769217,2021-10-30,19.4,2021-11-01,97.6,2021-11-05,128.5,2021-11-13,167.7,2021-11-28,46.5,0,0,0,2
2021-10-30,2021,10,30,7541,11226,8089,95.4,95.4,7.37,7.27,0,31.9,,,6143.0,5945.0,1253.0,1253.0,0.2,0.21,2.9,514.0,3.25,,19.4,2,19.4,126.8,87.0,105.3,149.5,77.73333333333336,54.296347329570324,107.25714285714287,43.55937928632045,2021-10-31,85.1,2021-11-02,107.1,2021-11-06,97.0,2021-11-14,187.9,2021-11-29,61.8,0,0,0,2
2021-10-31,2021,10,31,7567,9088,8077,95.9,95.9,7.46,7.34,0,34.7,,,,,,,,,2.71,610.0,3.2,,85.1,2,85.1,19.4,126.8,87.0,131.0,77.10000000000004,54.14508287924219,100.7,42.83837843180651,2021-11-01,97.6,2021-11-03,112.9,2021-11-07,97.5,2021-11-15,208.0,2021-11-30,107.5,0,0,0,2
2021-11-01,2021,11,1,7958,25777,13279,95.3,95.3,7.4,7.37,21636,18.2,5.74,,,,,,,,2.68,423.0,3.8,1.99,97.6,2,97.6,85.1,19.4,126.8,134.5,67.36666666666669,42.00789608315725,95.42857142857143,40.173403900495906,2021-11-02,107.1,2021-11-04,145.1,2021-11-08,100.4,2021-11-16,213.4,2021-12-01,121.7,0,0,0,2
2021-11-02,2021,11,2,6762,27007,19955,95.4,95.6,7.46,7.37,8555,16.0,4.14,87150.0,6168.0,6206.0,1228.0,1378.0,0.2,0.22,2.71,455.0,3.1,1.61,107.1,2,107.1,97.6,85.1,19.4,146.8,96.60000000000002,11.034038245357202,89.75714285714285,34.04765567763595,2021-11-03,112.9,2021-11-05,128.5,2021-11-09,120.1,2021-11-17,187.1,2021-12-02,134.4,0,0,0,2
2021-11-03,2021,11,3,7736,17687,25859,95.7,95.7,7.56,7.49,24186,16.7,4.39,87300.0,3171.0,6126.0,1286.0,1261.0,0.41,0.21,2.56,510.0,2.7,2.85,112.9,2,112.9,107.1,97.6,85.1,105.3,105.86666666666669,7.72420438189843,90.84285714285716,34.74002768866948,2021-11-04,145.1,2021-11-06,97.0,2021-11-10,139.9,2021-11-18,157.3,2021-12-03,145.8,0,0,0,2
2021-11-04,2021,11,4,7379,16715,32736,95.6,95.7,7.38,7.32,13672,15.1,6.59,118700.0,6063.0,6018.0,1286.0,1195.0,0.21,0.2,2.66,390.0,2.78,2.1,145.1,2,145.1,112.9,107.1,97.6,87.0,121.70000000000003,20.471443525066945,99.14285714285714,40.18303361465121,2021-11-05,128.5,2021-11-07,97.5,2021-11-11,125.5,2021-11-19,184.1,2021-12-04,97.9,0,0,0,2
2021-11-05,2021,11,5,7952,28526,14541,95.7,95.8,7.51,7.33,7214,16.8,9.82,90650.0,6231.0,5870.0,1170.0,1170.0,0.19,0.2,2.64,428.0,3.7,2.9,128.5,2,128.5,145.1,112.9,107.1,126.8,128.83333333333337,16.102587783748874,99.38571428571427,40.38268723811514,2021-11-06,97.0,2021-11-08,100.4,2021-11-12,129.6,2021-11-20,130.5,2021-12-05,76.7,0,0,0,2
2021-11-06,2021,11,6,7968,17241,2051,95.7,95.6,7.45,7.31,0,31.5,,,6105.0,5718.0,1344.0,1203.0,0.22,0.21,2.71,426.0,3.5,,97.0,2,97.0,128.5,145.1,112.9,19.4,123.53333333333336,24.43160521401201,110.47142857142856,20.54383234985738,2021-11-07,97.5,2021-11-09,120.1,2021-11-13,167.7,2021-11-21,101.3,2021-12-06,99.7,0,0,0,2
2021-11-07,2021,11,7,7959,17730,2140,95.6,95.7,7.46,7.33,0,30.8,,,5910.0,5560.0,1361.0,1079.0,0.23,0.19,2.61,365.0,3.3,,97.5,2,97.5,97.0,128.5,145.1,85.1,107.6666666666667,18.043927879853097,112.24285714285713,18.415922199992846,2021-11-08,100.4,2021-11-10,139.9,2021-11-14,187.9,2021-11-22,98.6,2021-12-07,143.9,0,0,0,2
2021-11-08,2021,11,8,7535,18611,4665,95.3,95.6,7.48,7.36,12606,27.8,15.57,456750.0,6038.0,5457.0,1187.0,1336.0,0.2,0.24,2.63,271.0,2.94,2.3,100.4,2,100.4,97.5,97.0,128.5,97.6,98.30000000000003,1.8357559750705021,112.64285714285714,18.072064735649956,2021-11-09,120.1,2021-11-11,125.5,2021-11-15,208.0,2021-11-23,122.2,2021-12-08,122.6,0,0,0,2
2021-11-09,2021,11,9,7986,18004,11150,95.7,95.7,7.45,7.33,7655,23.1,7.44,134000.0,5758.0,5377.0,1153.0,1070.0,0.2,0.2,2.61,329.0,2.84,2.42,120.1,2,120.1,100.4,97.5,97.0,107.1,106.00000000000004,12.296747537459092,114.5,18.075489850439244,2021-11-10,139.9,2021-11-12,129.6,2021-11-16,213.4,2021-11-24,94.7,2021-12-09,119.8,0,0,0,2
2021-11-10,2021,11,10,7401,17478,13956,95.6,95.3,7.43,7.27,18184,22.1,8.64,167250.0,5935.0,5437.0,1236.0,1452.0,0.21,0.27,2.67,654.0,3.1,2.74,139.9,2,139.9,120.1,100.4,97.5,112.9,120.13333333333337,19.750021097035276,118.35714285714286,20.407503288648257,2021-11-11,125.5,2021-11-13,167.7,2021-11-17,187.1,2021-11-25,73.4,2021-12-10,135.6,0,0,0,2
2021-11-11,2021,11,11,8191,14777,11452,95.3,95.6,7.43,7.32,0,24.9,,,5708.0,5452.0,1568.0,1436.0,0.27,0.26,3.08,653.0,3.8,,125.5,2,125.5,139.9,120.1,100.4,145.1,128.50000000000003,10.235233265539401,115.55714285714286,17.222839210658314,2021-11-12,129.6,2021-11-14,187.9,2021-11-18,157.3,2021-11-26,73.6,2021-12-11,92.2,0,0,0,2
2021-11-12,2021,11,12,8750,20073,12461,95.6,95.2,7.43,7.27,29694,20.8,13.4,215650.0,5868.0,5322.0,1394.0,1444.0,0.24,0.27,2.63,450.0,3.3,2.61,129.6,2,129.6,125.5,139.9,120.1,128.5,131.6666666666667,7.419119444606438,115.71428571428571,17.36504425288807,2021-11-13,167.7,2021-11-15,208.0,2021-11-19,184.1,2021-11-27,58.4,2021-12-12,86.9,0,0,0,2
2021-11-13,2021,11,13,7467,15011,8122,95.7,95.6,7.32,7.17,0,28.0,,,5613.0,5280.0,1270.0,1635.0,0.23,0.31,2.6,456.0,3.2,,167.7,2,167.7,129.6,125.5,139.9,97.0,140.93333333333337,23.271083630405712,125.81428571428572,23.970428210013836,2021-11-14,187.9,2021-11-16,213.4,2021-11-20,130.5,2021-11-28,46.5,2021-12-13,111.3,0,0,0,2
2021-11-14,2021,11,14,7490,14795,8149,95.8,94.9,7.32,7.17,0,28.2,,,5357.0,4822.0,2398.0,1593.0,0.45,0.33,2.47,592.0,3.31,,187.9,2,187.9,167.7,129.6,125.5,97.5,161.73333333333335,29.6044478640176,138.72857142857143,29.813236114502,2021-11-15,208.0,2021-11-17,187.1,2021-11-21,101.3,2021-11-29,61.8,2021-12-14,147.3,0,0,0,2
2021-11-15,2021,11,15,7467,15319,13998,95.7,95.3,7.45,7.29,16067,23.3,18.33,360800.0,5170.0,4784.0,1120.0,1145.0,0.22,0.24,2.53,363.0,2.8,2.85,208.0,2,208.0,187.9,167.7,129.6,100.4,187.86666666666667,20.150020678235926,154.1,34.177136607192026,2021-11-16,213.4,2021-11-18,157.3,2021-11-22,98.6,2021-11-30,107.5,2021-12-15,161.3,0,0,0,2
2021-11-16,2021,11,16,7951,17150,9918,95.2,95.9,7.42,7.24,4500,24.5,14.33,332900.0,4944.0,4549.0,1701.0,1120.0,0.34,0.25,2.76,468.0,2.88,2.9,213.4,2,213.4,208.0,187.9,167.7,120.1,203.10000000000005,13.437633720264937,167.42857142857142,36.799896480185645,2021-11-17,187.1,2021-11-19,184.1,2021-11-23,122.2,2021-12-01,121.7,2021-12-16,150.1,0,0,0,2
2021-11-17,2021,11,17,8525,14193,6289,95.7,95.6,7.41,7.27,11450,29.6,,,5070.0,4749.0,1402.0,1170.0,0.28,0.25,2.77,476.0,2.74,3.25,187.1,2,187.1,213.4,208.0,187.9,139.9,202.83333333333337,13.890404361764817,174.17142857142855,35.20481568790053,2021-11-18,157.3,2021-11-20,130.5,2021-11-24,94.7,2021-12-02,134.4,2021-12-17,133.5,0,0,0,2
2021-11-18,2021,11,18,10559,17538,8762,95.6,95.4,7.44,7.23,6010,23.3,14.33,281050.0,5052.0,4659.0,1203.0,1361.0,0.24,0.29,2.61,1180.0,,,157.3,2,157.3,187.1,213.4,208.0,125.5,185.93333333333337,28.06819077413677,178.71428571428572,29.46056282396454,2021-11-19,184.1,2021-11-21,101.3,2021-11-25,73.4,2021-12-03,145.8,2021-12-18,118.4,0,0,0,2
2021-11-19,2021,11,19,8770,17002,13677,94.7,94.9,7.35,7.2,20537,21.7,1.87,230275.0,4994.0,4567.0,1120.0,1295.0,0.22,0.28,2.65,665.0,4.85,2.98,184.1,2,184.1,157.3,187.1,213.4,129.6,176.1666666666667,16.407721759383207,186.5,20.00008333315972,2021-11-20,130.5,2021-11-22,98.6,2021-11-26,73.6,2021-12-04,97.9,2021-12-19,102.6,0,0,0,2
2021-11-20,2021,11,20,9325,16873,8119,95.2,95.4,7.45,7.28,0,25.0,,,5140.0,4629.0,1344.0,1319.0,0.26,0.28,2.67,924.0,2.96,,130.5,2,130.5,184.1,157.3,187.1,167.7,157.30000000000004,26.800000000000107,181.18571428571428,28.82385751256693,2021-11-21,101.3,2021-11-23,122.2,2021-11-27,58.4,2021-12-05,76.7,2021-12-20,129.1,0,0,0,2
2021-11-21,2021,11,21,9363,18500,5294,95.8,95.7,7.41,7.25,0,25.9,,,5057.0,4607.0,1286.0,1369.0,0.25,0.3,2.37,653.0,3.3,,101.3,2,101.3,130.5,184.1,157.3,187.9,138.63333333333335,41.994920327741326,168.81428571428572,41.332329096863475,2021-11-22,98.6,2021-11-24,94.7,2021-11-28,46.5,2021-12-06,99.7,2021-12-21,152.0,0,0,0,2
2021-11-22,2021,11,22,9366,18664,10327,95.2,95.0,7.38,7.25,10501,22.4,7.42,146400.0,5177.0,4792.0,1303.0,1129.0,0.25,0.24,2.53,197.0,2.85,1.97,98.6,2,98.6,101.3,130.5,184.1,208.0,110.13333333333337,17.689639152151937,153.18571428571428,44.59994127692053,2021-11-23,122.2,2021-11-25,73.4,2021-11-29,61.8,2021-12-07,143.9,2021-12-22,117.0,0,0,0,2
2021-11-23,2021,11,23,6492,16785,10352,95.2,95.9,7.34,7.25,9858,25.5,5.7,177850.0,5067.0,4779.0,1220.0,1278.0,0.24,0.27,2.57,579.0,2.77,,122.2,2,122.2,98.6,101.3,130.5,213.4,107.36666666666669,12.916784945695547,140.15714285714287,36.69940313514904,2021-11-24,94.7,2021-11-26,73.6,2021-11-30,107.5,2021-12-08,122.6,2021-12-23,86.0,0,0,0,2
2021-11-24,2021,11,24,9803,17662,6076,95.6,95.8,7.34,7.21,11854,25.6,7.8,119000.0,5055.0,4727.0,1344.0,1054.0,0.27,0.22,2.74,996.0,2.89,2.46,94.7,2,94.7,122.2,98.6,101.3,187.1,105.16666666666669,14.879628131554478,126.95714285714287,33.47665142268843,2021-11-25,73.4,2021-11-27,58.4,2021-12-01,121.7,2021-12-09,119.8,2021-12-24,67.0,0,0,0,2
2021-11-25,2021,11,25,9304,17287,3777,95.3,95.3,7.38,7.22,0,28.3,,,,,,,,,2.22,940.0,2.95,,73.4,2,73.4,94.7,122.2,98.6,157.3,96.76666666666671,24.46555401648098,114.97142857142858,35.74491638847464,2021-11-26,73.6,2021-11-28,46.5,2021-12-02,134.4,2021-12-10,135.6,2021-12-25,56.6,0,0,0,2
2021-11-26,2021,11,26,9938,18029,3782,94.4,95.5,7.38,7.26,0,27.0,,,,,,,,,2.24,372.0,2.98,,73.6,2,73.6,73.4,94.7,122.2,184.1,80.5666666666667,12.240234202553117,99.1857142857143,21.812490960565622,2021-11-27,58.4,2021-11-29,61.8,2021-12-03,145.8,2021-12-11,92.2,2021-12-26,49.5,0,0,0,2
2021-11-27,2021,11,27,9729,17735,1998,95.3,95.5,7.4,7.28,0,29.1,,,,,,,,,2.29,208.0,2.83,,58.4,2,58.4,73.6,73.4,94.7,130.5,68.4666666666667,8.718562572658014,88.88571428571429,21.58305111049153,2021-11-28,46.5,2021-11-30,107.5,2021-12-04,97.9,2021-12-12,86.9,2021-12-27,67.7,0,0,0,2
2021-11-28,2021,11,28,9367,17655,1183,95.3,95.4,7.38,7.22,0,30.4,,,,,,,,,2.26,171.0,2.74,,46.5,2,46.5,58.4,73.6,73.4,101.3,59.50000000000002,13.583445807306086,81.05714285714285,25.846976428127615,2021-11-29,61.8,2021-12-01,121.7,2021-12-05,76.7,2021-12-13,111.3,2021-12-28,90.2,0,0,0,2
2021-11-29,2021,11,29,8630,18405,7097,96.0,95.3,7.36,7.2,10638,25.1,6.79,,5042.0,4729.0,1402.0,1046.0,0.28,0.22,2.53,176.0,2.73,3.2,61.8,2,61.8,46.5,58.4,73.6,98.6,55.56666666666669,8.033886564630805,75.8,25.423152178017983,2021-11-30,107.5,2021-12-02,134.4,2021-12-06,99.7,2021-12-14,147.3,2021-12-29,84.9,0,0,0,2
2021-11-30,2021,11,30,8241,18470,21350,95.8,95.2,7.28,7.23,21572,17.9,7.11,,4934.0,4709.0,1286.0,987.0,0.26,0.21,2.6,524.0,2.7,2.79,107.5,2,107.5,61.8,46.5,58.4,122.2,71.93333333333335,31.73741220284591,73.7,21.20958902634986,2021-12-01,121.7,2021-12-03,145.8,2021-12-07,143.9,2021-12-15,161.3,2021-12-30,81.5,0,0,0,2
2021-12-01,2021,12,1,7421,15472,24573,95.2,95.7,7.31,7.2,20498,18.1,5.13,75750.0,4997.0,4659.0,1037.0,1112.0,0.21,0.24,2.84,490.0,2.7,,121.7,2,121.7,107.5,61.8,46.5,94.7,97.00000000000001,31.30000000000023,77.55714285714285,27.257834173123836,2021-12-02,134.4,2021-12-04,97.9,2021-12-08,122.6,2021-12-16,150.1,2021-12-31,65.3,0,0,0,2
2021-12-02,2021,12,2,7465,17012,32031,95.4,95.2,7.32,7.18,23584,15.2,5.33,113350.0,5030.0,4869.0,1004.0,1087.0,0.2,0.22,2.76,562.0,2.69,2.31,134.4,2,134.4,121.7,107.5,61.8,73.4,121.20000000000005,13.45696845504256,86.27142857142857,34.4968459565853,2021-12-03,145.8,2021-12-05,76.7,2021-12-09,119.8,2021-12-17,133.5,2022-01-01,68.5,0,0,0,2
2021-12-03,2021,12,3,8944,17440,12462,95.7,95.8,7.33,7.23,22848,22.1,7.39,160800.0,5105.0,4689.0,1095.0,1145.0,0.21,0.24,2.72,764.0,2.88,2.78,145.8,2,145.8,134.4,121.7,107.5,73.6,133.9666666666667,12.055842290497239,96.58571428571427,40.370345080327915,2021-12-04,97.9,2021-12-06,99.7,2021-12-10,135.6,2021-12-18,118.4,2022-01-02,58.9,0,0,0,2
2021-12-04,2021,12,4,8307,17702,3795,95.7,95.1,7.33,7.25,0,28.8,,,5030.0,4894.0,1220.0,1054.0,0.24,0.22,2.55,398.0,2.96,,97.9,2,97.9,145.8,134.4,121.7,58.4,126.03333333333337,25.0220569364979,102.22857142857143,36.74070015145387,2021-12-05,76.7,2021-12-07,143.9,2021-12-11,92.2,2021-12-19,102.6,2022-01-03,51.9,0,0,0,2
2021-12-05,2021,12,5,7552,18072,3788,95.7,95.6,7.4,7.24,0,29.2,,,5162.0,4572.0,1021.0,697.0,0.2,0.15,2.73,550.0,2.85,,76.7,2,76.7,97.9,145.8,134.4,46.5,106.80000000000003,35.39929377826643,106.54285714285713,30.317808690759936,2021-12-06,99.7,2021-12-08,122.6,2021-12-12,86.9,2021-12-20,129.1,2022-01-04,78.0,0,0,0,2
2021-12-06,2021,12,6,7563,18362,15530,95.3,95.7,7.35,7.23,23059,20.7,7.86,162650.0,5042.0,4927.0,1212.0,1095.0,0.24,0.22,2.51,446.0,2.86,1.96,99.7,2,99.7,76.7,97.9,145.8,61.8,91.43333333333335,12.791142768859531,111.95714285714287,23.64570835922491,2021-12-07,143.9,2021-12-09,119.8,2021-12-13,111.3,2021-12-21,152.0,2022-01-05,122.7,0,0,0,2
2021-12-07,2021,12,7,8096,18632,19698,95.4,95.2,7.28,7.23,6820,18.5,6.43,145125.0,5177.0,4739.0,1062.0,1012.0,0.21,0.21,2.56,1010.0,2.91,1.82,143.9,2,143.9,99.7,76.7,97.9,107.5,106.7666666666667,34.15279393158553,117.15714285714286,26.349943525736805,2021-12-08,122.6,2021-12-10,135.6,2021-12-14,147.3,2021-12-22,117.0,2022-01-06,107.5,0,0,0,2
2021-12-08,2021,12,8,7573,18128,18491,95.1,95.3,7.3,7.24,29059,19.4,5.66,,5147.0,4999.0,1112.0,1228.0,0.22,0.25,2.62,779.0,3.1,2.8,122.6,2,122.6,143.9,99.7,76.7,121.7,122.0666666666667,22.104826019069744,117.28571428571429,26.377985048863955,2021-12-09,119.8,2021-12-11,92.2,2021-12-15,161.3,2021-12-23,86.0,2022-01-07,83.6,0,0,0,2
2021-12-09,2021,12,9,10787,16759,19549,95.3,95.6,7.3,7.18,14255,18.2,6.24,116725.0,5377.0,4984.0,1104.0,1162.0,0.21,0.23,2.52,653.0,3.5,2.6,119.8,2,119.8,122.6,143.9,99.7,134.4,128.7666666666667,13.18041476332751,115.2,25.356655930938427,2021-12-10,135.6,2021-12-12,86.9,2021-12-16,150.1,2021-12-24,67.0,2022-01-08,76.2,0,0,0,2
2021-12-10,2021,12,10,9646,14917,18296,95.5,95.5,7.3,7.25,24027,20.0,6.21,,5598.0,5355.0,1187.0,1054.0,0.21,0.2,3.01,628.0,2.91,3.26,135.6,2,135.6,119.8,122.6,143.9,145.8,126.00000000000001,8.430895563343705,113.74285714285713,23.53259138180179,2021-12-11,92.2,2021-12-13,111.3,2021-12-17,133.5,2021-12-25,56.6,2022-01-09,68.0,0,0,0,2
2021-12-11,2021,12,11,10814,8206,5543,95.5,95.8,7.26,7.19,0,34.9,,127725.0,5470.0,4974.0,797.0,1054.0,0.15,0.21,2.51,759.0,3.85,,92.2,2,92.2,135.6,119.8,122.6,97.9,115.86666666666669,21.965730885480305,112.92857142857143,24.259548929972066,2021-12-12,86.9,2021-12-14,147.3,2021-12-18,118.4,2021-12-26,49.5,2022-01-10,103.5,0,0,0,2
2021-12-12,2021,12,12,10471,7543,5551,95.7,95.8,7.26,7.3,0,36.4,,,5305.0,5242.0,1129.0,987.0,0.21,0.19,2.46,908.0,2.92,,86.9,2,86.9,92.2,135.6,119.8,76.7,104.90000000000002,26.718720029223174,114.38571428571429,21.913726943891202,2021-12-13,111.3,2021-12-15,161.3,2021-12-19,102.6,2021-12-27,67.7,2022-01-11,150.8,0,0,0,2
2021-12-13,2021,12,13,11098,18114,11773,95.7,95.4,7.36,7.33,19522,20.9,5.82,193550.0,5370.0,5032.0,971.0,1245.0,0.18,0.25,2.41,471.0,2.86,2.9,111.3,2,111.3,86.9,92.2,135.6,99.7,96.80000000000003,12.833939379629816,116.04285714285713,21.039237719307195,2021-12-14,147.3,2021-12-16,150.1,2021-12-20,129.1,2021-12-28,90.2,2022-01-12,162.4,0,0,0,2
2021-12-14,2021,12,14,10764,16817,21632,95.2,95.4,7.29,7.17,15590,17.4,7.59,181425.0,5167.0,5145.0,1220.0,1162.0,0.24,0.23,2.57,276.0,2.79,2.65,147.3,2,147.3,111.3,86.9,92.2,143.9,115.1666666666667,30.385084060001297,116.52857142857144,21.814499328482786,2021-12-15,161.3,2021-12-17,133.5,2021-12-21,152.0,2021-12-29,84.9,2022-01-13,166.2,0,0,0,2
2021-12-15,2021,12,15,11054,14954,23777,95.6,95.9,7.29,7.15,22087,17.2,7.53,158950.0,5342.0,4982.0,1353.0,1037.0,0.25,0.21,2.84,834.0,2.96,2.84,161.3,2,161.3,147.3,111.3,86.9,122.6,139.9666666666667,25.794056162870998,122.05714285714285,27.715510527672397,2021-12-16,150.1,2021-12-18,118.4,2021-12-22,117.0,2021-12-30,81.5,2022-01-14,189.4,0,0,0,2
2021-12-16,2021,12,16,11861,13768,20606,95.3,95.7,7.29,7.21,12328,18.6,7.36,129650.0,5530.0,5355.0,1270.0,1286.0,0.23,0.24,3.17,582.0,2.89,3.76,150.1,2,150.1,161.3,147.3,111.3,119.8,152.90000000000006,7.408103670981447,126.38571428571429,29.605879403221437,2021-12-17,133.5,2021-12-19,102.6,2021-12-23,86.0,2021-12-31,65.3,2022-01-15,154.0,0,0,0,2
2021-12-17,2021,12,17,5753,13911,8902,95.2,95.6,7.34,7.21,14165,30.0,9.31,189525.0,5527.0,5232.0,1203.0,1228.0,0.22,0.23,3.66,352.0,,,133.5,2,133.5,150.1,161.3,147.3,135.6,148.30000000000004,13.987136947925025,126.08571428571429,29.50742440874993,2021-12-18,118.4,2021-12-20,129.1,2021-12-24,67.0,2022-01-01,68.5,2022-01-16,130.6,0,0,0,2
2021-12-18,2021,12,18,11460,17345,8106,94.6,95.6,7.4,7.36,0,23.2,,,5713.0,5500.0,1295.0,1668.0,0.23,0.3,3.5,952.0,2.8,,118.4,2,118.4,133.5,150.1,161.3,92.2,134.00000000000003,15.855913723277228,129.82857142857142,25.938691452841457,2021-12-19,102.6,2021-12-21,152.0,2021-12-25,56.6,2022-01-02,58.9,2022-01-17,133.9,0,0,0,2
2021-12-19,2021,12,19,11546,17386,4704,98.2,95.7,7.39,7.28,0,25.5,,,5688.0,5275.0,1195.0,1145.0,0.21,0.22,3.24,546.8,2.98,,102.6,2,102.6,118.4,133.5,150.1,86.9,118.1666666666667,15.451321410589694,132.07142857142858,21.985655496687926,2021-12-20,129.1,2021-12-22,117.0,2021-12-26,49.5,2022-01-03,51.9,2022-01-18,152.1,0,0,0,2
2021-12-20,2021,12,20,13025,18439,23550,93.6,95.6,7.35,7.25,28932,15.6,7.7,184450.0,5638.0,5505.0,1369.0,1485.0,0.24,0.27,3.27,171.0,2.84,2.47,129.1,2,129.1,102.6,118.4,133.5,111.3,116.70000000000003,13.33154154627342,134.61428571428573,20.134251792358516,2021-12-21,152.0,2021-12-23,86.0,2021-12-27,67.7,2022-01-04,78.0,2022-01-19,186.7,0,0,0,2
2021-12-21,2021,12,21,13971,15605,17709,94.4,95.1,7.34,7.2,7607,18.1,6.42,143750.0,5165.0,4762.0,1369.0,1203.0,0.27,0.25,3.15,199.6,2.84,3.25,152.0,2,152.0,129.1,102.6,118.4,147.3,127.90000000000002,24.721852681383176,135.28571428571428,20.698263097131896,2021-12-22,117.0,2021-12-24,67.0,2021-12-28,90.2,2022-01-05,122.7,2022-01-20,201.7,0,0,0,2
2021-12-22,2021,12,22,11596,14651,11569,93.5,95.9,7.32,7.2,29383,22.7,6.33,160825.0,5080.0,4992.0,1029.0,1129.0,0.2,0.23,2.78,178.0,2.7,3.28,117.0,2,117.0,152.0,129.1,102.6,161.3,132.70000000000002,17.77554499867758,128.95714285714286,18.017478286639335,2021-12-23,86.0,2021-12-25,56.6,2021-12-29,84.9,2022-01-06,107.5,2022-01-21,148.2,0,0,0,2
2021-12-23,2021,12,23,10353,15286,8130,95.5,95.1,7.36,7.23,0,25.4,,,5332.0,5192.0,1062.0,879.0,0.2,0.17,2.29,212.0,2.73,,86.0,2,86.0,117.0,152.0,129.1,150.1,118.33333333333337,33.02019584032394,119.8,21.444113411376918,2021-12-24,67.0,2021-12-26,49.5,2021-12-30,81.5,2022-01-07,83.6,2022-01-22,121.7,0,0,0,2
2021-12-24,2021,12,24,8648,14071,8123,95.8,95.6,7.4,7.27,5055,27.8,,,,,,,,,2.18,128.0,2.77,,67.0,2,67.0,86.0,117.0,152.0,133.5,90.00000000000004,25.238858928248256,110.3,28.069853342450177,2021-12-25,56.6,2021-12-27,67.7,2021-12-31,65.3,2022-01-08,76.2,2022-01-23,99.7,0,0,0,2
2021-12-25,2021,12,25,7800,14234,4983,96.0,95.8,7.38,7.26,0,31.8,,,,,,,,,1.93,184.0,2.76,,56.6,2,56.6,67.0,86.0,117.0,118.4,69.86666666666669,14.908163311868844,101.47142857142858,34.156439816707696,2021-12-26,49.5,2021-12-28,90.2,2022-01-01,68.5,2022-01-09,68.0,2022-01-24,100.5,0,0,0,2
2021-12-26,2021,12,26,6312,15007,3825,95.7,95.8,7.39,7.36,0,34.1,,,,,,,,,2.11,135.0,2.69,,49.5,2,49.5,56.6,67.0,86.0,102.6,57.700000000000024,8.801704380403844,93.88571428571429,39.36353763621974,2021-12-27,67.7,2021-12-29,84.9,2022-01-02,58.9,2022-01-10,103.5,2022-01-25,132.9,0,0,0,2
2021-12-27,2021,12,27,6042,14620,18557,95.1,95.6,7.4,7.3,24605,21.9,4.87,81525.0,,,,,,,2.33,144.0,2.65,3.13,67.7,2,67.7,49.5,56.6,67.0,129.1,57.933333333333366,9.172967531467314,85.11428571428571,36.97748993515857,2021-12-28,90.2,2021-12-30,81.5,2022-01-03,51.9,2022-01-11,150.8,2022-01-26,127.5,0,0,0,2
2021-12-28,2021,12,28,6192,15045,28596,95.1,95.5,7.33,7.23,17639,17.2,2.32,57700.0,5142.0,5005.0,1153.0,1062.0,0.22,0.21,2.82,362.0,2.68,3.3,90.2,2,90.2,67.7,49.5,56.6,152.0,69.13333333333337,20.387823163186216,76.28571428571429,23.13211537894347,2021-12-29,84.9,2021-12-31,65.3,2022-01-04,78.0,2022-01-12,162.4,2022-01-27,134.0,0,0,0,2
2021-12-29,2021,12,29,6343,15831,19407,95.5,95.1,7.35,7.26,17186,20.6,3.73,71500.0,5115.0,4919.0,1170.0,1037.0,0.23,0.21,2.52,603.0,2.83,2.88,84.9,2,84.9,90.2,67.7,49.5,117.0,80.93333333333338,11.762794452567435,71.7,15.705200837089729,2021-12-30,81.5,2022-01-01,68.5,2022-01-05,122.7,2022-01-13,166.2,2022-01-28,140.4,0,0,0,2
2021-12-30,2021,12,30,7622,16220,17822,95.5,95.6,7.31,7.22,26614,20.6,4.59,71425.0,5122.0,4872.0,1112.0,1228.0,0.22,0.25,3.25,628.0,2.78,3.4,81.5,2,81.5,84.9,90.2,67.7,86.0,85.53333333333336,4.3844421918131005,71.05714285714285,15.102853719618057,2021-12-31,65.3,2022-01-02,58.9,2022-01-06,107.5,2022-01-14,189.4,2022-01-29,166.5,0,0,0,2
2021-12-31,2021,12,31,8270,15525,8374,95.9,95.2,7.39,7.25,2578,26.7,,,,,,,,,3.37,608.0,3.0,,65.3,2,65.3,81.5,84.9,90.2,67.0,77.23333333333336,10.47345851824275,70.81428571428572,15.192369638673412,2022-01-01,68.5,2022-01-03,51.9,2022-01-07,83.6,2022-01-15,154.0,2022-01-30,150.9,0,0,0,2
2022-01-01,2022,1,1,8180,15787,12441,95.0,95.6,7.34,7.22,0,23.6,,,,,,,,,2.95,337.0,3.2,,68.5,2,68.5,65.3,81.5,84.9,56.6,71.7666666666667,8.57982128796119,72.51428571428572,13.951873060802718,2022-01-02,58.9,2022-01-04,78.0,2022-01-08,76.2,2022-01-16,130.6,2022-01-31,116.6,0,0,0,2
2022-01-02,2022,1,2,8769,15584,3481,95.4,95.4,7.29,7.21,0,30.8,,,,,,,,,3.12,127.0,3.1,,58.9,2,58.9,68.5,65.3,81.5,49.5,64.23333333333336,4.888080741288192,73.85714285714286,11.626099538374053,2022-01-03,51.9,2022-01-05,122.7,2022-01-09,68.0,2022-01-17,133.9,2022-02-01,115.5,0,0,0,2
2022-01-03,2022,1,3,9129,16154,4100,95.6,95.7,7.34,7.29,11976,29.2,5.49,95200.0,,,,,,,3.41,151.0,2.98,3.63,51.9,2,51.9,58.9,68.5,65.3,67.7,59.76666666666669,8.333866649602257,71.6,14.256811237673634,2022-01-04,78.0,2022-01-06,107.5,2022-01-10,103.5,2022-01-18,152.1,2022-02-02,105.4,0,0,0,2
2022-01-04,2022,1,4,8887,16800,14912,95.3,95.4,7.39,7.24,14772,21.1,4.86,116450.0,5095.0,4879.0,996.0,996.0,0.2,0.2,3.15,436.0,3.0,2.98,78.0,2,78.0,51.9,58.9,68.5,90.2,62.93333333333336,13.509379457745373,69.85714285714286,12.201619720738476,2022-01-05,122.7,2022-01-07,83.6,2022-01-11,150.8,2022-01-19,186.7,2022-02-03,168.3,0,0,0,2
2022-01-05,2022,1,5,9630,14738,22165,94.7,95.7,7.3,7.17,10341,18.4,7.14,100550.0,4929.0,4769.0,1145.0,1120.0,0.23,0.23,3.01,314.0,2.97,3.1,122.7,2,122.7,78.0,51.9,58.9,84.9,84.20000000000003,35.804887934470884,75.25714285714285,23.292477837480384,2022-01-06,107.5,2022-01-08,76.2,2022-01-12,162.4,2022-01-20,201.7,2022-02-04,178.1,0,0,0,2
2022-01-06,2022,1,6,9450,15935,8140,95.7,95.6,7.34,7.23,0,25.6,13.38,99650.0,4937.0,4792.0,896.0,896.0,0.18,0.19,3.41,246.0,2.99,3.29,107.5,2,107.5,122.7,78.0,51.9,81.5,102.73333333333336,22.728029684364436,78.97142857142856,26.328989997447792,2022-01-07,83.6,2022-01-09,68.0,2022-01-13,166.2,2022-01-21,148.2,2022-02-05,130.8,0,0,0,2
2022-01-07,2022,1,7,9329,13761,3226,94.8,95.3,7.28,7.27,12170,32.6,1.39,356600.0,5310.0,5092.0,1195.0,1461.0,0.23,0.29,3.84,569.0,2.94,2.22,83.6,2,83.6,107.5,122.7,78.0,65.3,104.60000000000002,19.71065701593982,81.58571428571429,25.64491038337667,2022-01-08,76.2,2022-01-10,103.5,2022-01-14,189.4,2022-01-22,121.7,2022-02-06,107.6,0,0,0,2
2022-01-08,2022,1,8,8884,10616,3795,94.9,96.3,7.4,7.33,0,36.8,,,5292.0,5232.0,1402.0,987.0,0.26,0.19,3.8,448.0,3.0,,76.2,2,76.2,83.6,107.5,122.7,68.5,89.10000000000002,16.358789686282353,82.68571428571428,25.150442578705327,2022-01-09,68.0,2022-01-11,150.8,2022-01-15,154.0,2022-01-23,99.7,2022-02-07,90.9,0,0,0,2
2022-01-09,2022,1,9,9043,12475,3774,96.9,96.7,7.42,7.33,0,33.9,,,5540.0,5252.0,1311.0,1319.0,0.24,0.25,3.43,480.0,2.95,,68.0,2,68.0,76.2,83.6,107.5,58.9,75.93333333333335,7.803418054503515,83.98571428571428,23.921219908373278,2022-01-10,103.5,2022-01-12,162.4,2022-01-16,130.6,2022-01-24,100.5,2022-02-08,110.7,0,0,0,2
2022-01-10,2022,1,10,9654,16880,17671,96.1,96.5,7.3,7.26,19650,19.4,8.54,121650.0,5502.0,5467.0,1112.0,1178.0,0.2,0.22,3.45,573.0,3.2,2.79,103.5,2,103.5,68.0,76.2,83.6,51.9,82.5666666666667,18.586643950249634,91.35714285714286,20.017896754558993,2022-01-11,150.8,2022-01-13,166.2,2022-01-17,133.9,2022-01-25,132.9,2022-02-09,103.6,0,0,0,2
2022-01-11,2022,1,11,10369,15128,23440,96.1,96.7,7.21,7.2,15581,17.5,7.36,122050.0,5445.0,5285.0,1212.0,1120.0,0.22,0.21,3.08,368.0,3.13,2.79,150.8,2,150.8,103.5,68.0,76.2,78.0,107.43333333333338,41.539900497393475,101.75714285714287,28.873913090242056,2022-01-12,162.4,2022-01-14,189.4,2022-01-18,152.1,2022-01-26,127.5,2022-02-10,137.1,0,0,0,2
2022-01-12,2022,1,12,9420,11969,26043,95.5,96.1,7.21,7.22,22703,18.1,8.81,195625.0,5467.0,5580.0,1303.0,971.0,0.24,0.17,2.71,829.0,2.67,2.98,162.4,2,162.4,150.8,103.5,68.0,122.7,138.90000000000006,31.201121774705715,107.42857142857143,36.55136633495903,2022-01-13,166.2,2022-01-15,154.0,2022-01-19,186.7,2022-01-27,134.0,2022-02-11,183.1,0,0,0,2
2022-01-13,2022,1,13,10434,9874,20413,95.7,95.9,7.34,7.28,7856,21.1,8.15,110450.0,5598.0,5442.0,1295.0,1178.0,0.23,0.22,2.68,759.0,3.43,2.92,166.2,2,166.2,162.4,150.8,103.5,107.5,159.80000000000004,8.02246844805344,115.81428571428572,42.7743080431633,2022-01-14,189.4,2022-01-16,130.6,2022-01-20,201.7,2022-01-28,140.4,2022-02-12,177.1,0,0,0,2
2022-01-14,2022,1,14,10548,16304,21301,95.3,95.9,7.23,7.3,19996,17.8,1.36,112000.0,5422.0,5482.0,1494.0,1253.0,0.28,0.23,2.54,958.0,3.11,3.22,189.4,2,189.4,166.2,162.4,150.8,83.6,172.6666666666667,14.615516868497837,130.92857142857142,47.88154530664585,2022-01-15,154.0,2022-01-17,133.9,2022-01-21,148.2,2022-01-29,166.5,2022-02-13,152.8,0,0,0,2
2022-01-15,2022,1,15,10078,14561,8174,93.6,95.0,7.35,7.27,0,26.1,,,5817.73125,5740.1615,1427.3,1385.8,0.25,0.24,2.47,430.0,3.42,,154.0,2,154.0,189.4,166.2,162.4,76.2,169.8666666666667,17.982584167280994,142.04285714285714,41.68980119656993,2022-01-16,130.6,2022-01-18,152.1,2022-01-22,121.7,2022-01-30,150.9,2022-02-14,124.8,0,0,0,2
2022-01-16,2022,1,16,9240,11260,9876,93.3,96.2,7.38,7.33,0,28.2,,,5987.88425,6077.96525,1369.2,1419.0,0.23,0.23,2.64,385.0,3.36,,130.6,2,130.6,154.0,189.4,166.2,68.0,158.00000000000003,29.603378185605997,150.9857142857143,27.437834497364456,2022-01-17,133.9,2022-01-19,186.7,2022-01-23,99.7,2022-01-31,116.6,2022-02-15,152.2,0,0,0,2
2022-01-17,2022,1,17,9632,10211,16529,94.5,96.2,7.41,7.36,21688,23.6,8.48,232825.0,6228.10025,6205.58,1551.8,1294.5,0.25,0.21,2.61,608.0,3.11,3.57,133.9,2,133.9,130.6,154.0,189.4,103.5,139.50000000000003,12.665306944563731,155.32857142857145,20.091516807325654,2022-01-18,152.1,2022-01-20,201.7,2022-01-24,100.5,2022-02-01,115.5,2022-02-16,138.3,0,0,0,2
2022-01-18,2022,1,18,9918,9819,25504,95.7,96.5,7.4,7.33,18128,19.0,6.29,165275.0,6178.05525,6230.6025,1419.0,1253.0,0.23,0.2,2.74,448.0,2.94,3.2,152.1,2,152.1,133.9,130.6,154.0,150.8,138.8666666666667,11.578572162980524,155.5142857142857,20.048643226864424,2022-01-19,186.7,2022-01-21,148.2,2022-01-25,132.9,2022-02-02,105.4,2022-02-17,126.3,0,0,0,2
2022-01-19,2022,1,19,9406,12144,37248,96.3,96.3,7.42,7.35,28064,14.6,8.74,121600.0,6256.0,6131.0,1187.0,1087.0,0.19,0.18,2.74,706.0,2.97,3.64,186.7,2,186.7,152.1,133.9,130.6,162.4,157.5666666666667,26.82113594412707,158.9857142857143,23.282570632086507,2022-01-20,201.7,2022-01-22,121.7,2022-01-26,127.5,2022-02-03,168.3,2022-02-18,154.6,0,0,0,2
2022-01-20,2022,1,20,10363,9688,26407,95.2,96.3,7.35,7.33,15426,18.5,6.69,139150.0,5688.0,5765.0,1734.0,1743.0,0.3,0.3,2.7,920.0,3.25,3.43,201.7,2,201.7,186.7,152.1,133.9,166.2,180.1666666666667,25.437243037195355,164.05714285714285,28.416242840017745,2022-01-21,148.2,2022-01-23,99.7,2022-01-27,134.0,2022-02-04,178.1,2022-02-19,131.4,0,0,0,2
2022-01-21,2022,1,21,10560,13333,2122,94.0,95.3,7.48,7.37,13431,33.0,9.49,238450.0,6196.0,5745.0,1676.0,1253.0,0.27,0.22,2.76,1260.0,3.67,3.57,148.2,2,148.2,201.7,186.7,152.1,189.4,178.86666666666667,27.59679933132363,158.17142857142858,26.494006510008685,2022-01-22,121.7,2022-01-24,100.5,2022-01-28,140.4,2022-02-05,130.8,2022-02-20,124.8,0,0,0,2
2022-01-22,2022,1,22,11297,11383,3801,96.0,96.0,7.44,7.34,0,32.4,,,6408.0,5835.0,1768.0,1793.0,0.28,0.31,2.71,1410.0,3.94,,121.7,2,121.7,148.2,201.7,186.7,154.0,157.20000000000005,40.75230054855816,153.55714285714285,29.931357979152754,2022-01-23,99.7,2022-01-25,132.9,2022-01-29,166.5,2022-02-06,107.6,2022-02-21,124.6,0,0,0,2
2022-01-23,2022,1,23,11400,9052,3806,96.4,96.4,7.43,7.32,0,35.4,,,6426.0,5868.0,2274.0,1826.0,0.35,0.31,2.76,767.0,4.14,,99.7,2,99.7,121.7,148.2,201.7,130.6,123.20000000000003,24.284768889162176,149.14285714285714,35.61946364666641,2022-01-24,100.5,2022-01-26,127.5,2022-01-30,150.9,2022-02-07,90.9,2022-02-22,158.2,0,0,0,2
2022-01-24,2022,1,24,11537,9884,8835,96.8,96.4,7.54,7.38,15270,28.4,9.22,217600.0,6633.0,5835.0,1992.0,2772.0,0.3,0.48,2.73,483.0,3.97,2.55,100.5,2,100.5,99.7,121.7,148.2,133.9,107.30000000000003,12.477179168386648,144.37142857142857,39.97268710364257,2022-01-25,132.9,2022-01-27,134.0,2022-01-31,116.6,2022-02-08,110.7,2022-02-23,209.1,0,0,0,2
2022-01-25,2022,1,25,10583,11769,11465,95.8,96.6,7.41,7.38,3200,25.4,7.83,150000.0,6318.0,5775.0,2540.0,2764.0,0.4,0.48,2.69,328.0,3.54,2.77,132.9,2,132.9,100.5,99.7,121.7,152.1,111.03333333333337,18.941312872484698,141.62857142857143,40.012694414219496,2022-01-26,127.5,2022-01-28,140.4,2022-02-01,115.5,2022-02-09,103.6,2022-02-24,211.5,0,0,0,2
2022-01-26,2022,1,26,11335,9822,27498,96.0,96.6,7.54,7.35,25201,17.6,7.34,,6491.0,5718.0,2257.0,2971.0,0.35,0.52,2.73,671.0,3.37,2.87,127.5,2,127.5,132.9,100.5,99.7,186.7,120.30000000000003,17.35857136978789,133.17142857142858,34.81765425210383,2022-01-27,134.0,2022-01-29,166.5,2022-02-02,105.4,2022-02-10,137.1,2022-02-25,179.8,0,0,0,2
2022-01-27,2022,1,27,12930,9328,22204,95.9,96.8,7.52,7.34,14370,19.3,4.55,76350.0,6203.0,6110.0,2548.0,2448.0,0.41,0.4,2.69,675.0,3.37,3.18,134.0,2,134.0,127.5,132.9,100.5,201.7,131.4666666666667,3.478984526173032,123.5,17.90428254170851,2022-01-28,140.4,2022-01-30,150.9,2022-02-03,168.3,2022-02-11,183.1,2022-02-26,121.9,0,0,0,2
2022-01-28,2022,1,28,12154,9966,13206,96.1,96.8,7.62,7.45,21108,24.3,8.78,188300.0,6458.0,5985.0,1959.0,1826.0,0.3,0.31,2.66,891.0,3.34,3.38,140.4,2,140.4,134.0,127.5,132.9,148.2,133.96666666666673,6.450064599161081,122.38571428571429,16.279888264504663,2022-01-29,166.5,2022-01-31,116.6,2022-02-04,178.1,2022-02-12,177.1,2022-02-27,91.2,0,0,0,2
2022-01-29,2022,1,29,13281,10065,8123,96.0,96.6,7.46,7.39,0,27.3,,,6221.0,6128.0,2332.0,1817.0,0.37,0.3,2.63,1160.0,3.39,,166.5,2,166.5,140.4,134.0,127.5,121.7,146.9666666666667,17.21636818069794,128.78571428571428,23.270469739667003,2022-01-30,150.9,2022-02-01,115.5,2022-02-05,130.8,2022-02-13,152.8,2022-02-28,94.1,0,0,0,2
2022-01-30,2022,1,30,12769,8589,6412,96.8,96.5,7.47,7.38,0,30.9,,,6151.0,6168.0,2100.0,1768.0,0.34,0.29,2.38,522.0,3.35,,150.9,2,150.9,166.5,140.4,134.0,99.7,152.60000000000002,13.132783406422805,136.1,20.48438429633649,2022-01-31,116.6,2022-02-02,105.4,2022-02-06,107.6,2022-02-14,124.8,2022-03-01,132.7,0,0,0,2
2022-01-31,2022,1,31,14147,9975,11273,96.3,96.8,7.47,7.41,11738,24.2,,,6196.0,6451.0,1743.0,1734.0,0.28,0.27,2.61,178.0,2.96,3.7,116.6,2,116.6,150.9,166.5,140.4,100.5,144.6666666666667,25.52730564186807,138.4,16.29682995759187,2022-02-01,115.5,2022-02-03,168.3,2022-02-07,90.9,2022-02-15,152.2,2022-03-02,176.9,0,0,0,2
2022-02-01,2022,2,1,15000,11105,4262,96.3,96.9,7.41,7.35,0,28.3,4.49,,6456.0,6068.0,1975.0,1817.0,0.31,0.3,2.61,730.0,2.71,3.71,115.5,2,115.5,116.6,150.9,166.5,132.9,127.6666666666667,20.12817262777109,135.9142857142857,18.459092481432887,2022-02-02,105.4,2022-02-04,178.1,2022-02-08,110.7,2022-02-16,138.3,2022-03-03,179.7,0,0,0,2
2022-02-02,2022,2,2,15430,9195,7856,96.4,96.3,7.43,7.38,11332,26.4,8.28,150850.0,6568.0,6138.0,2149.0,2589.0,0.33,0.42,2.59,810.0,2.86,4.1,105.4,2,105.4,115.5,116.6,150.9,127.5,112.50000000000004,6.173329733622139,132.75714285714284,21.736977491734827,2022-02-03,168.3,2022-02-05,130.8,2022-02-09,103.6,2022-02-17,126.3,2022-03-04,139.5,0,0,0,2
2022-02-03,2022,2,3,16742,9378,20536,95.8,96.1,7.33,7.34,20834,18.4,8.59,179400.0,6321.0,6148.0,2249.0,1983.0,0.36,0.32,2.7,687.0,2.83,3.89,168.3,2,168.3,105.4,115.5,116.6,134.0,129.73333333333338,33.77933293203632,137.65714285714287,25.588594929698424,2022-02-04,178.1,2022-02-06,107.6,2022-02-10,137.1,2022-02-18,154.6,2022-03-05,111.5,0,0,0,2
2022-02-04,2022,2,4,16066,10301,16932,96.2,95.2,7.41,7.25,15251,19.8,7.7,172100.0,6416.0,5880.0,2125.0,1992.0,0.33,0.34,2.57,869.0,2.81,3.54,178.1,2,178.1,168.3,105.4,115.5,140.4,150.60000000000005,39.44984157129171,143.04285714285714,29.871159844843472,2022-02-05,130.8,2022-02-07,90.9,2022-02-11,183.1,2022-02-19,131.4,2022-03-06,97.9,0,0,0,2
2022-02-05,2022,2,5,16060,9597,8161,95.5,96.5,7.3,7.23,0,25.4,,,6231.0,6095.0,2249.0,1967.0,0.36,0.32,2.56,726.0,2.77,,130.8,2,130.8,178.1,168.3,105.4,166.5,159.0666666666667,24.965242504997757,137.94285714285715,28.199577842162597,2022-02-06,107.6,2022-02-08,110.7,2022-02-12,177.1,2022-02-20,124.8,2022-03-07,101.3,0,0,0,2
2022-02-06,2022,2,6,17570,10231,6704,97.0,95.8,7.45,7.22,0,24.9,,,6433.0,5840.0,1743.0,2017.0,0.27,0.35,2.66,745.0,2.62,,107.6,2,107.6,130.8,178.1,168.3,150.9,138.83333333333337,35.92997819834227,131.75714285714287,29.598021169376388,2022-02-07,90.9,2022-02-09,103.6,2022-02-13,152.8,2022-02-21,124.6,2022-03-08,142.7,0,0,0,2
2022-02-07,2022,2,7,17586,10781,8472,96.1,96.3,7.36,7.41,15564,23.3,5.16,120800.0,6268.0,6108.0,2058.0,2266.0,0.33,0.37,2.59,632.0,2.51,,90.9,2,90.9,107.6,130.8,178.1,116.6,109.76666666666671,20.03804714370532,128.0857142857143,33.16993762286502,2022-02-08,110.7,2022-02-10,137.1,2022-02-14,124.8,2022-02-22,158.2,2022-03-09,185.3,0,0,0,2
2022-02-08,2022,2,8,18081,10595,13426,96.8,95.5,7.44,7.34,5000,20.4,6.47,112400.0,6328.0,5775.0,1502.0,1685.0,0.24,0.29,2.72,356.0,2.33,3.35,110.7,2,110.7,90.9,107.6,130.8,115.5,103.0666666666667,10.65003912355997,127.4,33.52123704956796,2022-02-09,103.6,2022-02-11,183.1,2022-02-15,152.2,2022-02-23,209.1,2022-03-10,190.6,0,0,0,2
2022-02-09,2022,2,9,17692,9473,12759,96.3,96.5,7.49,7.42,16583,21.5,8.25,90400.0,5925.0,6005.0,2008.0,1759.0,0.34,0.29,2.7,767.0,2.35,3.98,103.6,2,103.6,110.7,90.9,107.6,105.4,101.73333333333336,10.031118249395643,127.14285714285714,33.72441534669185,2022-02-10,137.1,2022-02-12,177.1,2022-02-16,138.3,2022-02-24,211.5,2022-03-11,204.4,0,0,0,2
2022-02-10,2022,2,10,17939,10503,22884,96.2,95.2,7.44,7.34,21891,16.7,7.86,114200.0,5768.0,5372.0,1718.0,1817.0,0.3,0.34,2.65,874.0,2.47,4.37,137.1,2,137.1,103.6,110.7,90.9,168.3,117.13333333333337,17.65228974760372,122.68571428571428,29.126701871388644,2022-02-11,183.1,2022-02-13,152.8,2022-02-17,126.3,2022-02-25,179.8,2022-03-12,169.8,0,0,0,2
2022-02-11,2022,2,11,18019,10390,22400,95.1,95.7,7.28,7.31,16751,16.9,19.35,,5185.0,5107.0,1876.0,1751.0,0.36,0.34,2.67,683.0,2.65,4.4,183.1,2,183.1,137.1,103.6,110.7,178.1,141.2666666666667,39.91344802611459,123.4,30.729356214104556,2022-02-12,177.1,2022-02-14,124.8,2022-02-18,154.6,2022-02-26,121.9,2022-03-13,118.4,0,0,0,2
2022-02-12,2022,2,12,17622,9451,8129,95.5,94.7,7.35,7.31,0,24.4,,,5117.0,4854.0,2125.0,2050.0,0.42,0.42,2.52,614.0,2.64,,177.1,2,177.1,183.1,137.1,103.6,130.8,165.76666666666668,25.006665778014963,130.0142857142857,36.94240691361926,2022-02-13,152.8,2022-02-15,152.2,2022-02-19,131.4,2022-02-27,91.2,2022-03-14,78.9,0,0,0,2
2022-02-13,2022,2,13,18182,8754,5508,94.1,96.0,7.47,7.39,0,26.4,,,5307.0,5120.0,1826.0,1959.0,0.34,0.38,2.57,570.0,2.55,,152.8,2,152.8,177.1,183.1,137.1,107.6,171.00000000000003,16.04462526829499,136.47142857142856,36.31660383744207,2022-02-14,124.8,2022-02-16,138.3,2022-02-20,124.8,2022-02-28,94.1,2022-03-15,101.0,0,0,0,2
2022-02-14,2022,2,14,18255,9688,11419,95.3,95.5,7.44,7.35,13360,21.8,1.94,,5663.0,5035.0,1676.0,1859.0,0.3,0.37,2.51,474.0,2.53,4.1,124.8,2,124.8,152.8,177.1,183.1,90.9,151.5666666666667,26.171804166571103,141.31428571428572,31.114489045642834,2022-02-15,152.2,2022-02-17,126.3,2022-02-21,124.6,2022-03-01,132.7,2022-03-16,166.9,0,0,0,2
2022-02-15,2022,2,15,16870,11328,11108,94.7,96.4,7.23,7.36,7600,21.8,12.41,,5210.0,5305.0,2324.0,1585.0,0.45,0.3,2.55,973.0,2.56,3.2,152.2,2,152.2,124.8,152.8,177.1,110.7,143.2666666666667,15.99541601001208,147.2428571428571,28.118490781148356,2022-02-16,138.3,2022-02-18,154.6,2022-02-22,158.2,2022-03-02,176.9,2022-03-17,127.1,0,0,0,2
2022-02-16,2022,2,16,15207,11092,8139,96.4,96.0,7.4,7.29,13567,24.9,11.31,244550.0,,,,,,,2.83,416.0,2.69,3.6,138.3,2,138.3,152.2,124.8,152.8,103.6,138.43333333333337,13.700486609363615,152.20000000000002,21.397663423841458,2022-02-17,126.3,2022-02-19,131.4,2022-02-23,209.1,2022-03-03,179.7,2022-03-18,141.4,0,0,0,2
2022-02-17,2022,2,17,17028,10259,11550,96.6,96.3,7.44,7.33,7542,22.1,8.72,186000.0,,,,,,,2.71,531.0,2.47,3.18,126.3,2,126.3,138.3,152.2,124.8,137.1,138.93333333333337,12.961609982303571,150.65714285714284,22.9974532751533,2022-02-18,154.6,2022-02-20,124.8,2022-02-24,211.5,2022-03-04,139.5,2022-03-19,132.7,0,0,0,2
2022-02-18,2022,2,18,16035,8803,15403,96.8,95.9,7.4,7.26,25082,21.3,9.79,181350.0,,,,,,,2.65,538.0,2.42,4.7,154.6,2,154.6,126.3,138.3,152.2,183.1,139.73333333333338,14.204342059150493,146.58571428571426,18.3496983237172,2022-02-19,131.4,2022-02-21,124.6,2022-02-25,179.8,2022-03-05,111.5,2022-03-20,117.2,0,0,0,2
2022-02-19,2022,2,19,19590,9833,8148,95.9,96.4,7.24,7.2,0,22.8,,,,,,,,,2.56,361.0,2.78,,131.4,2,131.4,154.6,126.3,138.3,177.1,137.43333333333337,15.083876601635009,140.05714285714288,13.0473314184494,2022-02-20,124.8,2022-02-22,158.2,2022-02-26,121.9,2022-03-06,97.9,2022-03-21,120.9,0,0,0,2
2022-02-20,2022,2,20,18742,8694,8171,96.7,95.2,7.29,7.2,0,24.1,,,,,,,,,2.65,569.0,2.8,,124.8,2,124.8,131.4,154.6,126.3,152.8,136.93333333333337,15.651623983898673,136.05714285714285,12.778870208650003,2022-02-21,124.6,2022-02-23,209.1,2022-02-27,91.2,2022-03-07,101.3,2022-03-22,163.7,0,0,0,2
2022-02-21,2022,2,21,16924,9530,10564,96.1,96.3,7.36,7.33,11260,23.2,,,5540.0,5222.0,1394.0,1494.0,0.25,0.29,2.59,397.0,2.75,,124.6,2,124.6,124.8,131.4,154.6,124.8,126.93333333333338,3.8695391629177243,136.02857142857144,12.808423567547766,2022-02-22,158.2,2022-02-24,211.5,2022-02-28,94.1,2022-03-08,142.7,2022-03-23,173.2,0,0,0,2
2022-02-22,2022,2,22,14870,15911,17333,96.1,96.2,7.47,7.38,24241,17.8,8.39,206150.0,5593.0,5085.0,1295.0,1170.0,0.23,0.23,2.76,237.7,2.84,3.28,158.2,2,158.2,124.6,124.8,131.4,152.2,135.8666666666667,19.341492531171234,136.8857142857143,14.196528750769593,2022-02-23,209.1,2022-02-25,179.8,2022-03-01,132.7,2022-03-09,185.3,2022-03-24,185.8,0,0,0,2
2022-02-23,2022,2,23,14827,11164,33200,94.6,96.3,7.44,7.35,18676,14.5,8.85,210650.0,5462.0,5145.0,1494.0,1303.0,0.27,0.25,2.73,752.5,2.82,3.95,209.1,2,209.1,158.2,124.6,124.8,138.3,163.9666666666667,42.54413394738867,147.0,30.838450025901135,2022-02-24,211.5,2022-02-26,121.9,2022-03-02,176.9,2022-03-10,190.6,2022-03-25,177.4,0,0,0,2
2022-02-24,2022,2,24,15474,9753,25473,94.8,94.7,7.42,7.25,20600,16.9,8.94,180600.0,5260.0,4832.0,1336.0,1286.0,0.25,0.27,2.72,756.0,2.9,3.53,211.5,2,211.5,209.1,158.2,124.6,126.3,192.9333333333334,30.103875719470846,159.17142857142858,37.41838738221784,2022-02-25,179.8,2022-02-27,91.2,2022-03-03,179.7,2022-03-11,204.4,2022-03-26,120.9,0,0,0,2
2022-02-25,2022,2,25,13545,9523,14802,93.8,95.5,7.42,7.36,24565,22.7,8.17,192350.0,4804.0,5017.0,2166.0,1187.0,0.45,0.24,2.64,812.0,3.7,3.88,179.8,2,179.8,211.5,209.1,158.2,154.6,200.13333333333335,17.65002360716112,162.77142857142857,38.11109699661924,2022-02-26,121.9,2022-02-28,94.1,2022-03-04,139.5,2022-03-12,169.8,2022-03-27,97.7,0,0,0,2
2022-02-26,2022,2,26,14349,9557,8016,95.0,95.3,7.39,7.29,0,26.9,,,5575.0,5087.0,1153.0,1195.0,0.21,0.23,2.67,684.0,3.4,,121.9,2,121.9,179.8,211.5,209.1,131.4,171.06666666666672,45.433944725649226,161.41428571428574,39.556180662084074,2022-02-27,91.2,2022-03-01,132.7,2022-03-05,111.5,2022-03-13,118.4,2022-03-28,111.2,0,0,0,2
2022-02-27,2022,2,27,15236,10078,8108,95.6,96.2,7.39,7.41,0,25.7,,,5205.0,5397.0,1220.0,1369.0,0.23,0.25,2.57,1190.0,3.2,,91.2,2,91.2,121.9,179.8,211.5,124.8,130.96666666666673,44.99048047457768,156.6142857142857,46.2174364128024,2022-02-28,94.1,2022-03-02,176.9,2022-03-06,97.9,2022-03-14,78.9,2022-03-29,152.5,0,0,0,2
2022-02-28,2022,2,28,15156,12430,13761,96.5,96.2,7.42,7.35,17419,20.8,6.79,,5605.0,5180.0,1270.0,1187.0,0.23,0.23,2.59,444.0,3.15,3.33,94.1,2,94.1,91.2,121.9,179.8,124.6,102.40000000000005,16.94963126442656,152.25714285714284,50.935477391920664,2022-03-01,132.7,2022-03-03,179.7,2022-03-07,101.3,2022-03-15,101.0,2022-03-30,143.4,0,0,0,2
2022-03-01,2022,3,1,14298,17853,24838,96.3,96.2,7.32,7.33,15472,15.1,6.54,193150.0,5350.0,5205.0,1187.0,1295.0,0.22,0.25,2.63,446.0,2.97,2.92,132.7,2,132.7,94.1,91.2,121.9,158.2,106.00000000000004,23.168297304722792,148.6142857142857,51.349794825017874,2022-03-02,176.9,2022-03-04,139.5,2022-03-08,142.7,2022-03-16,166.9,2022-03-31,136.2,0,0,0,2
2022-03-02,2022,3,2,14368,19150,31167,96.8,94.8,7.25,7.21,25150,13.3,7.79,106300.0,5160.0,4832.0,1544.0,871.0,0.3,0.18,2.68,545.0,3.15,3.19,176.9,2,176.9,132.7,94.1,91.2,209.1,134.56666666666672,41.431549975029355,144.0142857142857,46.21372193665101,2022-03-03,179.7,2022-03-05,111.5,2022-03-09,185.3,2022-03-17,127.1,2022-04-01,127.6,0,0,0,2
2022-03-03,2022,3,3,15522,13288,24545,96.0,95.5,7.31,7.17,19994,16.1,7.49,97350.0,5280.0,4527.0,1212.0,1178.0,0.23,0.26,2.55,395.0,3.9,3.5,179.7,2,179.7,176.9,132.7,94.1,211.5,163.10000000000005,26.364369895751672,139.4714285714286,39.55783589824377,2022-03-04,139.5,2022-03-06,97.9,2022-03-10,190.6,2022-03-18,141.4,2022-04-02,106.5,0,0,0,2
2022-03-04,2022,3,4,13243,11692,14884,95.1,94.0,7.28,7.18,17460,21.5,8.75,119620.0,4994.0,4331.0,1095.0,963.0,0.22,0.22,2.68,651.0,3.21,3.78,139.5,2,139.5,179.7,176.9,132.7,179.8,165.3666666666667,22.444895485017287,133.71428571428572,35.42722251656341,2022-03-05,111.5,2022-03-07,101.3,2022-03-11,204.4,2022-03-19,132.7,2022-04-03,94.4,0,0,0,2
2022-03-05,2022,3,5,13378,9347,8150,94.5,96.0,7.25,7.22,0,27.8,,,4999.0,4732.0,1328.0,979.0,0.27,0.21,2.78,1070.0,3.27,,111.5,2,111.5,139.5,179.7,176.9,121.9,143.56666666666672,34.28138464725938,132.22857142857143,36.21457875339318,2022-03-06,97.9,2022-03-08,142.7,2022-03-12,169.8,2022-03-20,117.2,2022-04-04,110.1,0,0,0,2
2022-03-06,2022,3,6,13476,9508,8153,95.6,96.1,7.4,7.38,0,27.6,,,4894.0,4592.0,1162.0,1187.0,0.24,0.26,2.64,804.0,3.5,,97.9,2,97.9,111.5,139.5,179.7,91.2,116.30000000000005,21.211317733701048,133.18571428571428,35.01825374341355,2022-03-07,101.3,2022-03-09,185.3,2022-03-13,118.4,2022-03-21,120.9,2022-04-05,120.3,0,0,0,2
2022-03-07,2022,3,7,13946,10037,13450,95.1,96.4,7.32,7.33,15809,22.9,17.84,109650.0,4692.0,4887.0,1104.0,963.0,0.24,0.2,2.82,526.0,3.7,3.44,101.3,2,101.3,97.9,111.5,139.5,94.1,103.56666666666672,7.077664398186378,134.21428571428572,33.76208073028228,2022-03-08,142.7,2022-03-10,190.6,2022-03-14,78.9,2022-03-22,163.7,2022-04-06,116.3,0,0,0,2
2022-03-08,2022,3,8,12512,10155,22280,94.7,95.7,7.2,7.18,17047,19.1,9.76,167750.0,4457.0,4569.0,913.0,921.0,0.2,0.2,2.71,355.0,2.96,3.2,142.7,2,142.7,101.3,97.9,111.5,132.7,113.96666666666671,24.941798919351307,135.64285714285714,33.898616350467655,2022-03-09,185.3,2022-03-11,204.4,2022-03-15,101.0,2022-03-23,173.2,2022-04-07,112.5,0,0,0,2
2022-03-09,2022,3,9,12212,9442,22202,93.9,96.6,7.13,7.17,19784,19.6,14.43,166450.0,4126.0,4404.0,987.0,1145.0,0.24,0.26,2.7,578.0,2.98,3.43,185.3,2,185.3,142.7,101.3,97.9,176.9,143.10000000000005,42.001428547134196,136.84285714285716,35.70316779329523,2022-03-10,190.6,2022-03-12,169.8,2022-03-16,166.9,2022-03-24,185.8,2022-04-08,114.4,0,0,0,2
2022-03-10,2022,3,10,13668,15936,21266,94.2,95.3,7.21,7.12,16633,16.9,8.65,244200.0,4051.0,4204.0,813.0,954.0,0.2,0.23,2.64,537.0,3.1,3.69,190.6,2,190.6,185.3,142.7,101.3,179.7,172.8666666666667,26.259157132957462,138.4,38.04475434712828,2022-03-11,204.4,2022-03-13,118.4,2022-03-17,127.1,2022-03-25,177.4,2022-04-09,113.0,0,0,0,2
2022-03-11,2022,3,11,12028,17638,15248,92.2,94.7,7.13,7.13,13456,19.1,1.82,358500.0,3733.0,4069.0,996.0,879.0,0.27,0.22,2.73,576.0,2.96,3.7,204.4,2,204.4,190.6,185.3,142.7,139.5,193.4333333333334,9.860189315289537,147.67142857142858,45.52928413983377,2022-03-12,169.8,2022-03-14,78.9,2022-03-18,141.4,2022-03-26,120.9,2022-04-10,96.5,0,0,0,2
2022-03-12,2022,3,12,11395,13456,8146,92.0,94.1,7.1,7.09,0,26.0,,,3906.0,4079.0,913.0,1012.0,0.23,0.25,2.64,552.0,3.3,,169.8,2,169.8,204.4,190.6,185.3,111.5,188.26666666666674,17.41761560413336,156.0,43.07597938526767,2022-03-13,118.4,2022-03-15,101.0,2022-03-19,132.7,2022-03-27,97.7,2022-04-11,111.5,0,0,0,2
2022-03-13,2022,3,13,11684,9501,2855,92.6,95.7,7.11,7.17,0,35.7,,,3826.0,4224.0,813.0,987.0,0.21,0.23,2.53,881.0,3.19,,118.4,2,118.4,169.8,204.4,190.6,97.9,164.20000000000005,43.272624140442616,158.92857142857142,38.96869317309799,2022-03-14,78.9,2022-03-16,166.9,2022-03-20,117.2,2022-03-28,111.2,2022-04-12,151.6,0,0,0,2
2022-03-14,2022,3,14,13146,10811,1873,93.9,96.5,7.23,7.26,8300,33.2,5.17,88900.0,3984.0,4344.0,738.0,971.0,0.19,0.22,2.65,456.0,3.26,3.43,78.9,2,78.9,118.4,169.8,204.4,101.3,122.36666666666672,45.57963726636438,155.72857142857146,44.950332378664186,2022-03-15,101.0,2022-03-17,127.1,2022-03-21,120.9,2022-03-29,152.5,2022-04-13,141.6,0,0,0,2
2022-03-15,2022,3,15,12354,11207,15486,94.7,96.6,7.28,7.33,17914,22.0,6.67,164700.0,3836.0,4542.0,813.0,1079.0,0.21,0.24,2.58,452.0,3.11,3.15,101.0,2,101.0,78.9,118.4,169.8,142.7,99.4333333333334,19.79654852072333,149.77142857142857,49.49790279347586,2022-03-16,166.9,2022-03-18,141.4,2022-03-22,163.7,2022-03-30,143.4,2022-04-14,73.2,0,0,0,2
2022-03-16,2022,3,16,13481,9886,23714,95.6,96.2,7.12,7.19,14959,18.2,7.46,124300.0,3883.0,4366.0,846.0,1012.0,0.22,0.23,2.66,765.0,3.19,3.82,166.9,2,166.9,101.0,78.9,118.4,185.3,115.60000000000007,45.7806727779313,147.14285714285714,47.75457594628527,2022-03-17,127.1,2022-03-19,132.7,2022-03-23,173.2,2022-03-31,136.2,2022-04-15,49.4,0,0,0,2
2022-03-17,2022,3,17,14738,11693,18272,96.0,96.8,7.17,7.22,23024,19.2,5.19,89200.0,3823.0,4574.0,655.0,1087.0,0.17,0.24,2.65,440.0,3.1,3.76,127.1,2,127.1,166.9,101.0,78.9,190.6,131.6666666666667,33.1864932364562,138.07142857142858,44.00786726202922,2022-03-18,141.4,2022-03-20,117.2,2022-03-24,185.8,2022-04-01,127.6,2022-04-16,91.9,0,0,0,2
2022-03-18,2022,3,18,13665,11053,18175,96.3,96.4,7.13,7.2,20316,20.0,7.38,135200.0,3523.0,4384.0,763.0,954.0,0.22,0.22,3.52,619.0,3.25,4.48,141.4,2,141.4,127.1,166.9,101.0,204.4,145.13333333333335,20.160935824840877,129.07142857142858,33.32855203804062,2022-03-19,132.7,2022-03-21,120.9,2022-03-25,177.4,2022-04-02,106.5,2022-04-17,70.3,0,0,0,2
2022-03-19,2022,3,19,12861,10801,8121,95.3,96.2,7.18,7.24,0,27.0,,,3706.0,4647.0,747.0,1220.0,0.2,0.26,3.24,410.0,3.5,,132.7,2,132.7,141.4,127.1,166.9,169.8,133.73333333333338,7.2057847132253965,123.77142857142857,28.35040942007212,2022-03-20,117.2,2022-03-22,163.7,2022-03-26,120.9,2022-04-03,94.4,2022-04-18,73.9,0,0,0,2
2022-03-20,2022,3,20,12651,10985,8123,96.4,96.6,7.34,7.34,0,27.0,,,3698.0,4674.0,863.0,1104.0,0.23,0.24,2.88,523.0,2.95,,117.2,2,117.2,132.7,141.4,127.1,118.4,130.43333333333337,12.258194538077486,123.60000000000001,28.391900253417344,2022-03-21,120.9,2022-03-23,173.2,2022-03-27,97.7,2022-04-04,110.1,2022-04-19,110.7,0,0,0,2
2022-03-21,2022,3,21,12895,9502,23134,96.3,96.9,7.22,7.26,29012,18.8,8.98,217850.0,3691.0,4812.0,813.0,904.0,0.22,0.19,2.87,381.0,2.92,3.43,120.9,2,120.9,117.2,132.7,141.4,78.9,123.60000000000004,8.095060222136667,129.6,20.791825316696,2022-03-22,163.7,2022-03-24,185.8,2022-03-28,111.2,2022-04-05,120.3,2022-04-20,92.2,0,0,0,2
2022-03-22,2022,3,22,13770,10097,28907,96.1,96.1,7.2,7.3,18645,16.3,6.97,153250.0,3566.0,4517.0,921.0,1021.0,0.26,0.23,3.4,382.0,2.89,2.86,163.7,2,163.7,120.9,117.2,132.7,101.0,133.93333333333337,25.844986618943185,138.55714285714288,19.90409146740587,2022-03-23,173.2,2022-03-25,177.4,2022-03-29,152.5,2022-04-06,116.3,2022-04-21,94.1,0,0,0,2
2022-03-23,2022,3,23,14025,11047,26132,95.7,96.2,7.14,7.22,20759,16.8,7.57,128100.0,3416.0,4484.0,946.0,1402.0,0.28,0.31,3.59,647.0,2.91,2.83,173.2,2,173.2,163.7,120.9,117.2,166.9,152.60000000000005,27.860904507930435,139.45714285714286,21.479358862472107,2022-03-24,185.8,2022-03-26,120.9,2022-03-30,143.4,2022-04-07,112.5,2022-04-22,63.4,0,0,0,2
2022-03-24,2022,3,24,15143,11602,22837,96.3,95.9,7.07,7.16,18072,17.3,9.2,184900.0,3396.0,4216.0,954.0,1012.0,0.28,0.24,3.32,610.0,3.44,3.69,185.8,2,185.8,173.2,163.7,120.9,127.1,174.23333333333335,11.086177579912414,147.84285714285713,26.679883629360038,2022-03-25,177.4,2022-03-27,97.7,2022-03-31,136.2,2022-04-08,114.4,2022-04-23,81.7,0,0,0,2
2022-03-25,2022,3,25,13880,10465,15199,95.4,96.3,7.04,7.14,18281,21.7,8.26,125950.0,3228.0,4314.0,1054.0,1120.0,0.33,0.26,3.11,478.0,2.85,3.78,177.4,2,177.4,185.8,173.2,163.7,141.4,178.80000000000004,6.415605972939678,152.98571428571427,28.629438728427186,2022-03-26,120.9,2022-03-28,111.2,2022-04-01,127.6,2022-04-09,113.0,2022-04-24,74.8,0,0,0,2
2022-03-26,2022,3,26,13449,10311,8120,95.7,95.1,7.15,7.19,0,26.9,,,3436.0,4434.0,730.0,788.0,0.21,0.18,2.86,503.0,2.81,,120.9,2,120.9,177.4,185.8,173.2,132.7,161.3666666666667,35.29593933207265,151.29999999999998,30.320400173260754,2022-03-27,97.7,2022-03-29,152.5,2022-04-02,106.5,2022-04-10,96.5,2022-04-25,94.1,0,0,0,2
2022-03-27,2022,3,27,15518,10193,8120,95.1,96.4,7.15,7.19,0,25.4,,,3518.0,4216.0,680.0,1004.0,0.19,0.24,2.84,1560.0,2.82,,97.7,2,97.7,120.9,177.4,185.8,117.2,132.00000000000003,40.9930481911265,148.5142857142857,34.57308339211443,2022-03-28,111.2,2022-03-30,143.4,2022-04-03,94.4,2022-04-11,111.5,2022-04-26,136.9,0,0,0,2
2022-03-28,2022,3,28,18775,8341,17772,96.0,95.6,7.25,7.21,22790,19.1,7.43,194950.0,3606.0,4024.0,788.0,855.0,0.22,0.21,2.79,808.0,2.84,3.21,111.2,2,111.2,97.7,120.9,177.4,120.9,109.93333333333338,11.65175237178307,147.12857142857143,36.028123935138744,2022-03-29,152.5,2022-03-31,136.2,2022-04-04,110.1,2022-04-12,151.6,2022-04-27,180.0,0,0,0,2
2022-03-29,2022,3,29,17348,10067,25475,94.6,95.9,7.08,7.05,15006,16.2,7.76,90550.0,3498.0,4009.0,689.0,938.0,0.2,0.23,2.92,415.0,3.17,3.27,152.5,2,152.5,111.2,97.7,120.9,163.7,120.4666666666667,28.551065362493084,145.5285714285714,35.412978519450334,2022-03-30,143.4,2022-04-01,127.6,2022-04-05,120.3,2022-04-13,141.6,2022-04-28,179.0,0,0,0,2
2022-03-30,2022,3,30,17747,10945,17698,95.1,95.5,7.11,7.12,20724,18.5,7.76,76200.0,3551.0,3924.0,622.0,772.0,0.18,0.2,3.39,523.0,3.15,3.92,143.4,2,143.4,152.5,111.2,97.7,173.2,135.70000000000005,21.700000000000443,141.27142857142857,33.257666498904925,2022-03-31,136.2,2022-04-02,106.5,2022-04-06,116.3,2022-04-14,73.2,2022-04-29,105.7,0,0,0,2
2022-03-31,2022,3,31,21841,13314,14471,94.8,96.4,7.06,7.17,11531,17.3,7.39,137400.0,3421.0,4056.0,705.0,971.0,0.21,0.24,3.62,870.0,2.98,3.7,136.2,2,136.2,143.4,152.5,111.2,185.8,144.03333333333336,8.168435182662163,134.18571428571428,26.857365753887613,2022-04-01,127.6,2022-04-03,94.4,2022-04-07,112.5,2022-04-15,49.4,2022-04-30,33.3,0,0,0,2
2022-04-01,2022,4,1,19598,12536,8230,95.4,95.6,7.14,7.16,10077,21.3,7.28,230350.0,3433.0,4016.0,788.0,938.0,0.23,0.23,3.05,539.0,2.94,4.17,127.6,2,127.6,136.2,143.4,152.5,177.4,135.73333333333338,7.9103307979725646,127.07142857142857,18.927556127307582,2022-04-02,106.5,2022-04-04,110.1,2022-04-08,114.4,2022-04-16,91.9,2022-05-01,34.1,0,0,0,2
2022-04-02,2022,4,2,18769,12149,3785,94.4,96.5,7.06,7.1,0,24.7,,,,,,,,,3.26,492.0,2.83,,106.5,2,106.5,127.6,136.2,143.4,120.9,123.43333333333335,15.282124634138865,125.01428571428572,20.432770131288915,2022-04-03,94.4,2022-04-05,120.3,2022-04-09,113.0,2022-04-17,70.3,2022-05-02,40.1,0,0,0,2
2022-04-03,2022,4,3,19148,9692,3790,96.2,96.3,6.96,7.06,0,26.3,,,,,,,,,3.24,641.0,2.96,,94.4,2,94.4,106.5,127.6,136.2,97.7,109.50000000000004,16.802083204175062,124.54285714285713,21.191968379778242,2022-04-04,110.1,2022-04-06,116.3,2022-04-10,96.5,2022-04-18,73.9,2022-05-03,40.5,0,0,0,2
2022-04-04,2022,4,4,18444,10470,17316,96.2,96.9,7.23,7.2,19254,18.6,5.93,118800.0,3668.0,4587.0,389.0,627.0,0.11,0.14,3.24,423.0,2.81,3.47,110.1,2,110.1,94.4,106.5,127.6,111.2,103.6666666666667,8.224556725645195,124.38571428571429,21.31114173160976,2022-04-05,120.3,2022-04-07,112.5,2022-04-11,111.5,2022-04-19,110.7,2022-05-04,49.5,0,0,0,2
2022-04-05,2022,4,5,16161,10919,17182,96.7,95.7,7.1,7.07,8797,19.4,4.88,86100.0,3783.0,4639.0,466.0,711.0,0.12,0.15,3.6,342.0,2.73,4.3,120.3,2,120.3,110.1,94.4,106.5,152.5,108.26666666666671,13.046966441796155,119.78571428571429,17.33565002833057,2022-04-06,116.3,2022-04-08,114.4,2022-04-12,151.6,2022-04-20,92.2,2022-05-05,96.7,0,0,0,2
2022-04-06,2022,4,6,16881,16215,13633,95.6,96.1,7.33,7.32,16940,18.4,18.35,129650.0,,,,,,,4.01,520.0,2.64,5.46,116.3,2,116.3,120.3,110.1,94.4,143.4,115.5666666666667,5.139390365924175,115.9142857142857,13.860907686899742,2022-04-07,112.5,2022-04-09,113.0,2022-04-13,141.6,2022-04-21,94.1,2022-05-06,90.8,0,0,0,2
2022-04-07,2022,4,7,16052,16836,8479,96.5,95.3,7.17,7.1,6834,20.7,5.52,88550.0,,,,,,,3.34,408.0,2.66,4.92,112.5,2,112.5,116.3,120.3,110.1,136.2,116.36666666666672,3.900427327018684,112.52857142857144,10.588156006550006,2022-04-08,114.4,2022-04-10,96.5,2022-04-14,73.2,2022-04-22,63.4,2022-05-07,61.7,0,0,0,2
2022-04-08,2022,4,8,14086,16880,12069,94.4,96.2,7.17,7.14,25176,19.9,7.66,255200.0,3968.0,4899.0,429.0,623.0,0.11,0.13,3.21,395.0,2.85,4.42,114.4,2,114.4,112.5,116.3,120.3,127.6,114.40000000000003,1.9000000000055515,110.64285714285714,8.40750798252272,2022-04-09,113.0,2022-04-11,111.5,2022-04-15,49.4,2022-04-23,81.7,2022-05-08,58.1,0,0,0,2
2022-04-09,2022,4,9,13672,16830,8120,95.4,95.0,7.19,7.15,0,22.2,,,,,,,,,3.05,537.0,2.94,,113.0,2,113.0,114.4,112.5,116.3,106.5,113.30000000000003,0.9848857801904057,111.57142857142857,8.230778473856976,2022-04-10,96.5,2022-04-12,151.6,2022-04-16,91.9,2022-04-24,74.8,2022-05-09,72.2,0,0,0,2
2022-04-10,2022,4,10,13884,16721,8114,95.7,121.5,7.19,7.1,0,22.2,,,4272.0,5120.0,520.0,718.0,0.12,0.14,3.06,520.0,2.95,,96.5,2,96.5,113.0,114.4,112.5,94.4,107.9666666666667,9.955065712156568,111.87142857142858,7.50704431089277,2022-04-11,111.5,2022-04-13,141.6,2022-04-17,70.3,2022-04-25,94.1,2022-05-10,86.5,0,0,0,2
2022-04-11,2022,4,11,14157,16941,19683,96.2,,7.11,7.07,22015,16.9,8.25,213500.0,4224.0,3980.0,487.0,440.0,0.12,0.11,3.01,311.0,2.95,2.37,111.5,2,111.5,96.5,113.0,114.4,110.1,107.00000000000004,9.12414379544854,112.07142857142857,7.470545336121112,2022-04-12,151.6,2022-04-14,73.2,2022-04-18,73.9,2022-04-26,136.9,2022-05-11,113.7,0,1,0,2
2022-04-12,2022,4,12,14261,16222,23019,95.6,92.1,7.0,6.96,20437,16.0,12.96,169450.0,,,,,,,3.05,589.0,2.97,2.51,151.6,2,151.6,111.5,96.5,113.0,120.3,119.86666666666672,28.486897572978243,116.54285714285713,16.781423970455702,2022-04-13,141.6,2022-04-15,49.4,2022-04-19,110.7,2022-04-27,180.0,2022-05-12,127.9,0,0,0,2
2022-04-13,2022,4,13,18587,16464,25531,96.6,92.5,7.0,6.94,16412,14.2,5.65,131500.0,,,,,,,3.37,892.0,2.81,3.55,141.6,2,141.6,151.6,111.5,96.5,116.3,134.90000000000003,20.872709455171808,120.15714285714286,19.2616075084485,2022-04-14,73.2,2022-04-16,91.9,2022-04-20,92.2,2022-04-28,179.0,2022-05-13,112.4,0,0,0,2
2022-04-14,2022,4,14,18276,16856,24460,95.0,95.8,6.98,7.03,16502,14.4,5.27,39900.0,,,,,,,3.21,604.0,2.74,2.58,73.2,2,73.2,141.6,151.6,111.5,112.5,122.13333333333337,42.67145806430046,114.54285714285713,26.305123527737287,2022-04-15,49.4,2022-04-17,70.3,2022-04-21,94.1,2022-04-29,105.7,2022-05-14,91.0,0,0,0,2
2022-04-15,2022,4,15,19749,17270,16180,95.2,95.1,7.14,7.02,9581,16.1,7.64,218600.0,4189.0,4191.0,567.0,728.0,0.14,0.17,3.19,829.0,2.67,2.66,49.4,2,49.4,73.2,141.6,151.6,114.4,88.0666666666667,47.86411320951593,105.25714285714285,36.03645640842315,2022-04-16,91.9,2022-04-18,73.9,2022-04-22,63.4,2022-04-30,33.3,2022-05-15,83.5,0,0,0,2
2022-04-16,2022,4,16,19785,16937,4672,94.0,95.5,7.16,7.11,0,20.7,,,3957.0,4236.0,546.0,582.0,0.14,0.14,2.7,480.0,2.47,,91.9,2,91.9,49.4,73.2,141.6,113.0,71.50000000000004,21.300938946441462,102.24285714285713,36.1630961590613,2022-04-17,70.3,2022-04-19,110.7,2022-04-23,81.7,2022-05-01,34.1,2022-05-16,130.6,0,0,0,2
2022-04-17,2022,4,17,17469,16102,4672,95.1,94.5,7.13,7.08,0,22.4,,,4001.0,4009.0,506.0,545.0,0.13,0.14,2.7,212.0,2.52,,70.3,2,70.3,91.9,49.4,73.2,96.5,70.53333333333337,21.250960762595188,98.5,38.15739334213824,2022-04-18,73.9,2022-04-20,92.2,2022-04-24,74.8,2022-05-02,40.1,2022-05-17,172.7,0,0,0,2
2022-04-18,2022,4,18,16592,16726,17211,95.6,93.9,7.1,7.02,15234,17.0,6.65,92600.0,4093.0,3923.0,552.0,477.0,0.13,0.12,2.97,138.0,2.54,0.56,73.9,2,73.9,70.3,91.9,49.4,111.5,78.70000000000005,11.572380913192658,93.12857142857142,38.66547617214917,2022-04-19,110.7,2022-04-21,94.1,2022-04-25,94.1,2022-05-03,40.5,2022-05-18,176.0,0,0,0,2
2022-04-19,2022,4,19,16677,16835,14867,94.5,94.8,7.06,6.97,7545,17.7,5.74,216000.0,3838.0,3870.0,563.0,581.0,0.15,0.15,2.96,451.0,2.44,4.87,110.7,2,110.7,73.9,70.3,91.9,151.6,84.96666666666671,22.35829450860146,87.28571428571429,30.607702111909912,2022-04-20,92.2,2022-04-22,63.4,2022-04-26,136.9,2022-05-04,49.5,2022-05-19,170.7,0,0,0,2
2022-04-20,2022,4,20,15640,14642,10792,95.2,94.7,7.14,6.97,10440,20.9,5.55,101500.0,3832.0,3821.0,534.0,565.0,0.14,0.15,4.13,696.0,2.56,2.39,92.2,2,92.2,110.7,73.9,70.3,141.6,92.26666666666671,18.40009057948784,80.22857142857143,19.775718637233684,2022-04-21,94.1,2022-04-23,81.7,2022-04-27,180.0,2022-05-05,96.7,2022-05-20,139.9,0,0,0,2
2022-04-21,2022,4,21,6194,6991,5860,93.0,96.5,7.02,7.12,2700,45.1,13.84,93400.0,3528.0,3948.0,610.0,497.0,0.17,0.13,3.83,529.0,,,94.1,2,94.1,92.2,110.7,73.9,73.2,99.00000000000004,10.176934705500628,83.21428571428571,20.11255234684914,2022-04-22,63.4,2022-04-24,74.8,2022-04-28,179.0,2022-05-06,90.8,2022-05-21,110.6,0,0,0,2
2022-04-22,2022,4,22,10385,13641,1821,95.5,96.5,7.02,7.05,4800,33.2,4.8,117800.0,3995.0,4174.0,480.0,538.0,0.12,0.13,3.8,700.0,,,63.4,2,63.4,94.1,92.2,110.7,49.4,83.23333333333336,17.202422310051524,85.21428571428571,16.57452146834856,2022-04-23,81.7,2022-04-25,94.1,2022-04-29,105.7,2022-05-07,61.7,2022-05-22,111.5,0,0,0,2
2022-04-23,2022,4,23,20506,17201,3779,96.4,96.5,7.09,7.08,0,20.7,,,3882.0,4261.0,612.0,684.0,0.16,0.16,3.54,351.0,2.45,,81.7,2,81.7,63.4,94.1,92.2,91.9,79.73333333333338,15.444200637564862,83.75714285714287,16.335427465364212,2022-04-24,74.8,2022-04-26,136.9,2022-04-30,33.3,2022-05-08,58.1,2022-05-23,126.4,0,0,0,2
2022-04-24,2022,4,24,20588,14981,3782,96.5,96.4,7.02,7.06,0,21.8,,,4297.0,4200.0,661.0,657.0,0.15,0.16,4.2,525.0,2.49,,74.8,2,74.8,81.7,63.4,94.1,70.3,73.30000000000005,9.241753080451051,84.39999999999999,15.797257145888286,2022-04-25,94.1,2022-04-27,180.0,2022-05-01,34.1,2022-05-09,72.2,2022-05-24,116.5,0,0,0,2
2022-04-25,2022,4,25,19625,17052,12100,96.3,95.6,7.06,7.12,23594,17.6,11.42,,4092.0,4293.0,540.0,694.0,0.13,0.16,3.46,416.0,2.43,2.31,94.1,2,94.1,74.8,81.7,63.4,73.9,83.53333333333337,9.779740964532678,87.28571428571429,15.399505248700299,2022-04-26,136.9,2022-04-28,179.0,2022-05-02,40.1,2022-05-10,86.5,2022-05-25,109.6,0,0,0,2
2022-04-26,2022,4,26,17574,15973,26366,96.0,95.5,7.1,7.07,17688,14.3,5.75,132000.0,4304.0,4169.0,572.0,756.0,0.13,0.18,3.36,516.0,2.5,2.18,136.9,2,136.9,94.1,74.8,81.7,110.7,101.93333333333335,31.782437498300165,91.02857142857144,23.231280226289048,2022-04-27,180.0,2022-04-29,105.7,2022-05-03,40.5,2022-05-11,113.7,2022-05-26,123.7,0,0,0,2
2022-04-27,2022,4,27,17802,17583,26942,95.9,96.2,7.09,7.01,22111,13.8,17.46,162550.0,4273.0,4244.0,810.0,1050.0,0.19,0.25,3.42,422.2,2.56,2.91,180.0,2,180.0,136.9,94.1,74.8,92.2,137.00000000000003,42.950087310738006,103.57142857142857,40.92968418665161,2022-04-28,179.0,2022-04-30,33.3,2022-05-04,49.5,2022-05-12,127.9,2022-05-27,102.3,0,0,0,2
2022-04-28,2022,4,28,18719,16600,20848,96.4,95.3,7.1,7.0,17117,15.3,22.16,164856.0,4303.0,3829.0,684.0,1177.0,0.16,0.31,3.26,446.0,2.62,3.84,179.0,2,179.0,180.0,136.9,94.1,94.1,165.30000000000004,24.600203251193108,115.70000000000002,49.3651023834989,2022-04-29,105.7,2022-05-01,34.1,2022-05-05,96.7,2022-05-13,112.4,2022-05-28,69.6,0,0,0,2
2022-04-29,2022,4,29,16613,16339,13137,96.2,96.8,7.15,7.11,17708,18.6,,,,,,,,,3.42,358.0,2.76,3.98,105.7,2,105.7,179.0,180.0,136.9,63.4,154.90000000000003,42.611383455598045,121.74285714285713,44.21646967450237,2022-04-30,33.3,2022-05-02,40.1,2022-05-06,90.8,2022-05-14,91.0,2022-05-29,64.9,0,0,0,2
2022-04-30,2022,4,30,17559,14397,8116,96.4,95.9,7.1,7.05,0,21.4,,,,,,,,,3.47,492.0,2.76,,33.3,2,33.3,105.7,179.0,180.0,81.7,106.00000000000004,72.85046327924091,114.82857142857142,54.18276830277664,2022-05-01,34.1,2022-05-03,40.5,2022-05-07,61.7,2022-05-15,83.5,2022-05-30,65.1,0,0,0,2
2022-05-01,2022,5,1,17439,16649,8104,96.4,96.8,7.12,7.04,0,20.3,,,,,,,,,3.2,900.0,2.86,,34.1,2,34.1,33.3,105.7,179.0,74.8,57.700000000000024,41.57114383800427,109.0142857142857,60.9546396530903,2022-05-02,40.1,2022-05-04,49.5,2022-05-08,58.1,2022-05-16,130.6,2022-05-31,99.1,0,0,0,2
2022-05-02,2022,5,2,15912,16333,12623,96.2,94.1,7.23,7.09,21421,19.1,11.31,125358.0,,,,,,,3.28,393.0,2.82,2.14,40.1,2,40.1,34.1,33.3,105.7,94.1,35.833333333333364,3.716629297277205,101.3,66.3362394673278,2022-05-03,40.5,2022-05-05,96.7,2022-05-09,72.2,2022-05-17,172.7,2022-06-01,124.4,0,0,0,2
2022-05-03,2022,5,3,15553,21025,20274,96.1,96.4,7.25,7.12,13320,15.1,7.63,102700.0,,,,,,,4.91,237.0,2.76,3.2,40.5,2,40.5,40.1,34.1,33.3,136.9,38.23333333333336,3.5851545759393115,87.52857142857144,67.7060980583411,2022-05-04,49.5,2022-05-06,90.8,2022-05-10,86.5,2022-05-18,176.0,2022-06-02,134.3,0,0,0,2
2022-05-04,2022,5,4,14007,16649,20947,96.5,96.2,6.99,6.74,16499,16.6,4.97,103750.0,,,,,,,3.79,334.0,2.85,2.5,49.5,2,49.5,40.5,40.1,34.1,180.0,43.366666666666696,5.315386470744828,68.88571428571429,54.72203786932107,2022-05-05,96.7,2022-05-07,61.7,2022-05-11,113.7,2022-05-19,170.7,2022-06-03,140.8,0,0,0,2
2022-05-05,2022,5,5,15608,14750,21242,96.1,94.8,7.24,7.14,16258,16.6,3.81,84950.0,,,,,,,3.62,591.0,2.91,2.52,96.7,2,96.7,49.5,40.5,40.1,179.0,62.23333333333337,30.186310363033304,57.128571428571426,30.680814541865715,2022-05-06,90.8,2022-05-08,58.1,2022-05-12,127.9,2022-05-20,139.9,2022-06-04,92.9,0,0,0,2
2022-05-06,2022,5,6,10196,16333,9983,95.9,95.5,7.34,7.2,8093,23.5,4.89,91700.0,,,,,,,3.52,420.0,2.89,3.3,90.8,2,90.8,96.7,49.5,40.5,105.7,79.00000000000003,25.717503766890623,55.0,27.05161732688042,2022-05-07,61.7,2022-05-09,72.2,2022-05-13,112.4,2022-05-21,110.6,2022-06-05,74.6,0,0,0,2
2022-05-07,2022,5,7,5929,16012,3775,96.2,96.9,7.26,7.18,0,33.4,,,,,,,,,3.39,436.0,1.58,,61.7,2,61.7,90.8,96.7,49.5,33.3,83.0666666666667,18.73775155490555,59.05714285714286,25.329551722763842,2022-05-08,58.1,2022-05-10,86.5,2022-05-14,91.0,2022-05-22,111.5,2022-06-06,89.8,0,0,0,2
2022-05-08,2022,5,8,6071,16675,3774,96.6,96.5,7.33,7.24,0,32.4,,,,,,,,,3.26,510.0,1.8,,58.1,2,58.1,61.7,90.8,96.7,34.1,70.20000000000003,17.930699930567005,62.48571428571428,22.895736762653897,2022-05-09,72.2,2022-05-11,113.7,2022-05-15,83.5,2022-05-23,126.4,2022-06-07,144.8,0,0,0,2
2022-05-09,2022,5,9,3791,17626,6105,96.5,96.5,7.84,7.24,5900,31.2,19.97,,6060.0,4836.0,902.0,640.0,0.15,0.13,3.43,314.6,1.93,2.48,72.2,2,72.2,58.1,61.7,90.8,40.1,64.00000000000003,7.325981162959517,67.07142857142857,20.781940419966276,2022-05-10,86.5,2022-05-12,127.9,2022-05-16,130.6,2022-05-24,116.5,2022-06-08,125.1,0,0,0,2
2022-05-10,2022,5,10,5904,14325,5573,97.1,96.8,7.29,7.13,7412,33.3,14.8,126950.0,6006.0,4671.0,761.0,733.0,0.13,0.16,3.55,369.0,2.99,3.44,86.5,2,86.5,72.2,58.1,61.7,40.5,72.2666666666667,14.200117370408195,73.64285714285714,18.076122108355342,2022-05-11,113.7,2022-05-13,112.4,2022-05-17,172.7,2022-05-25,109.6,2022-06-09,71.4,0,0,0,2
2022-05-11,2022,5,11,5765,16963,21038,96.8,96.8,7.34,7.19,21775,19.6,8.39,444700.0,6177.0,4699.0,846.0,899.0,0.14,0.19,3.36,500.0,1.75,2.11,113.7,2,113.7,86.5,72.2,58.1,49.5,90.80000000000003,21.081508484926545,82.81428571428572,19.972349934465566,2022-05-12,127.9,2022-05-14,91.0,2022-05-18,176.0,2022-05-26,123.7,2022-06-10,81.1,0,0,0,2
2022-05-12,2022,5,12,5865,17262,20883,96.4,96.5,7.23,7.06,14392,19.5,7.89,500000.0,,,,,,,3.58,1020.0,1.97,2.37,127.9,2,127.9,113.7,86.5,72.2,96.7,109.36666666666669,21.03742696560961,87.27142857142857,26.122194540639835,2022-05-13,112.4,2022-05-15,83.5,2022-05-19,170.7,2022-05-27,102.3,2022-06-11,64.3,0,0,0,2
2022-05-13,2022,5,13,5759,19136,8087,95.8,96.5,7.3,7.13,11911,26.0,6.74,267700.0,6031.0,4795.0,877.0,928.0,0.15,0.19,3.45,754.0,2.47,2.39,112.4,2,112.4,127.9,113.7,86.5,90.8,118.00000000000004,8.598255637047695,90.35714285714286,27.828513982535565,2022-05-14,91.0,2022-05-16,130.6,2022-05-20,139.9,2022-05-28,69.6,2022-06-12,55.5,0,0,0,2
2022-05-14,2022,5,14,12457,15478,3778,95.8,95.4,7.35,7.23,12052,27.1,,,6129.0,4896.0,791.0,722.0,0.13,0.15,3.25,847.0,2.88,,91.0,2,91.0,112.4,127.9,113.7,61.7,110.43333333333338,18.528446597957373,94.54285714285713,24.843165199765615,2022-05-15,83.5,2022-05-17,172.7,2022-05-21,110.6,2022-05-29,64.9,2022-06-13,68.4,0,0,0,2
2022-05-15,2022,5,15,11709,14427,3776,96.4,96.6,7.34,7.21,0,28.7,,,,,,,,,3.27,1120.0,2.3,2.3,83.5,2,83.5,91.0,112.4,127.9,58.1,95.63333333333337,14.996777431613856,98.17142857142856,20.019966224223182,2022-05-16,130.6,2022-05-18,176.0,2022-05-22,111.5,2022-05-30,65.1,2022-06-14,58.9,0,0,0,2
2022-05-16,2022,5,16,12240,11192,22436,95.7,96.1,7.31,7.21,23181,18.7,9.8,277700.0,5935.0,5207.0,686.0,775.0,0.12,0.15,3.12,475.0,2.19,3.68,130.6,2,130.6,83.5,91.0,112.4,72.2,101.70000000000003,25.307508767162904,106.51428571428572,19.556194975116036,2022-05-17,172.7,2022-05-19,170.7,2022-05-23,126.4,2022-05-31,99.1,2022-06-15,50.0,0,0,0,2
2022-05-17,2022,5,17,11202,12512,20514,95.7,95.7,7.26,7.08,14217,19.4,16.71,232650.0,5796.0,4606.0,1007.0,1518.0,0.17,0.33,3.07,366.7,1.99,3.84,172.7,2,172.7,130.6,83.5,91.0,86.5,128.93333333333337,44.62334964268541,118.82857142857142,29.47641510799851,2022-05-18,176.0,2022-05-20,139.9,2022-05-24,116.5,2022-06-01,124.4,2022-06-16,89.5,0,0,0,2
2022-05-18,2022,5,18,10028,17968,22759,95.9,96.3,7.33,7.03,21153,16.9,8.24,,5865.0,4495.0,833.0,1383.0,0.14,0.31,3.13,411.0,2.4,2.8,176.0,2,176.0,172.7,130.6,83.5,113.7,159.76666666666668,25.312908432919027,127.72857142857141,36.2880932853424,2022-05-19,170.7,2022-05-21,110.6,2022-05-25,109.6,2022-06-02,134.3,2022-06-17,140.5,0,0,0,2
2022-05-19,2022,5,19,10933,16079,16037,96.3,96.3,7.19,7.03,15843,19.9,8.93,,6086.0,4266.0,1038.0,1912.0,0.17,0.45,3.25,467.0,,,170.7,2,170.7,176.0,172.7,130.6,127.9,173.13333333333335,2.676440422153854,133.84285714285713,39.76132363419076,2022-05-20,139.9,2022-05-22,111.5,2022-05-26,123.7,2022-06-03,140.8,2022-06-18,102.2,0,0,0,2
2022-05-20,2022,5,20,11150,14770,13703,96.3,96.8,7.28,7.12,19467,21.7,7.69,,6379.0,4948.0,919.0,1265.0,0.14,0.26,3.1,717.0,,,139.9,2,139.9,170.7,176.0,172.7,112.4,162.20000000000002,19.493332193342646,137.77142857142857,38.63209866961732,2022-05-21,110.6,2022-05-23,126.4,2022-05-27,102.3,2022-06-04,92.9,2022-06-19,85.1,0,0,0,2
2022-05-21,2022,5,21,10946,12878,7014,96.3,96.4,7.28,7.06,0,27.8,,,6459.0,4866.0,830.0,775.0,0.13,0.16,2.93,1020.0,2.16,,110.6,2,110.6,139.9,170.7,176.0,91.0,140.4,30.053119638400528,140.57142857142858,35.23841248248445,2022-05-22,111.5,2022-05-24,116.5,2022-05-28,69.6,2022-06-05,74.6,2022-06-20,106.1,0,0,0,2
2022-05-22,2022,5,22,11275,15258,8131,95.5,96.0,7.26,7.08,0,24.8,,,6389.0,5161.0,804.0,806.0,0.13,0.16,2.84,823.0,2.5,,111.5,2,111.5,110.6,139.9,170.7,83.5,120.66666666666669,16.662632845182504,144.57142857142858,28.654476921051113,2022-05-23,126.4,2022-05-25,109.6,2022-05-29,64.9,2022-06-06,89.8,2022-06-21,135.8,0,0,0,2
2022-05-23,2022,5,23,11657,16095,11934,96.0,96.2,7.36,7.37,10033,21.6,9.39,,6369.0,4945.0,786.0,729.0,0.12,0.15,2.94,394.0,1.99,2.98,126.4,2,126.4,111.5,110.6,139.9,130.6,116.16666666666669,8.873744042587433,143.97142857142856,29.037201098230017,2022-05-24,116.5,2022-05-26,123.7,2022-05-30,65.1,2022-06-07,144.8,2022-06-22,164.9,0,0,0,2
2022-05-24,2022,5,24,11758,15588,4748,95.8,96.8,7.4,7.21,0,26.7,1.53,314450.0,6160.0,5038.0,860.0,738.0,0.14,0.15,3.09,1080.0,2.18,3.39,116.5,2,116.5,126.4,111.5,110.6,172.7,118.13333333333337,7.583095234358815,135.94285714285712,27.498779193681624,2022-05-25,109.6,2022-05-27,102.3,2022-05-31,99.1,2022-06-08,125.1,2022-06-23,152.0,0,0,0,2
2022-05-25,2022,5,25,12890,21372,10767,96.3,96.3,7.44,7.27,17360,19.1,6.86,124500.0,2935.0,2222.0,668.0,552.0,0.23,0.25,4.5,893.0,2.31,2.97,109.6,2,109.6,116.5,126.4,111.5,176.0,117.50000000000001,8.444524853419654,126.45714285714284,22.34806905475701,2022-05-26,123.7,2022-05-28,69.6,2022-06-01,124.4,2022-06-09,71.4,2022-06-24,143.7,0,0,0,2
2022-05-26,2022,5,26,14626,19140,17330,96.0,96.5,7.43,7.24,11884,16.8,5.13,100400.0,3167.0,2597.0,865.0,854.0,0.27,0.33,3.73,623.0,2.35,5.7,123.7,2,123.7,109.6,116.5,126.4,170.7,116.60000000000002,7.05053189483052,119.74285714285715,11.039453057535022,2022-05-27,102.3,2022-05-29,64.9,2022-06-02,134.3,2022-06-10,81.1,2022-06-25,119.8,0,0,0,2
2022-05-27,2022,5,27,16814,13991,12151,96.2,96.5,7.35,7.17,12016,20.0,5.36,134300.0,3014.0,2276.0,748.0,785.0,0.25,0.34,3.4,978.0,2.29,4.1,102.3,2,102.3,123.7,109.6,116.5,139.9,111.86666666666667,10.878572210237744,114.37142857142858,8.437952809718809,2022-05-28,69.6,2022-05-30,65.1,2022-06-03,140.8,2022-06-11,64.3,2022-06-26,116.2,0,0,0,2
2022-05-28,2022,5,28,16603,13755,3784,96.1,96.4,7.39,7.24,0,25.1,,,6561.0,5650.0,943.0,879.0,0.14,0.16,3.34,634.0,2.31,,69.6,2,69.6,102.3,123.7,109.6,110.6,98.53333333333335,27.2459782965002,108.51428571428572,19.049534427506465,2022-05-29,64.9,2022-05-31,99.1,2022-06-04,92.9,2022-06-12,55.5,2022-06-27,78.2,0,0,0,2
2022-05-29,2022,5,29,15846,13902,3791,96.6,96.1,7.43,7.26,0,25.6,,,6994.0,5331.0,932.0,815.0,0.13,0.15,3.21,845.0,2.35,,64.9,2,64.9,69.6,102.3,123.7,111.5,78.93333333333335,20.37212147355704,101.85714285714286,25.034566579222293,2022-05-30,65.1,2022-06-01,124.4,2022-06-05,74.6,2022-06-13,68.4,2022-06-28,59.8,0,0,0,2
2022-05-30,2022,5,30,15622,16083,3785,96.2,96.2,7.33,7.19,0,24.2,,,6842.0,5544.0,865.0,889.0,0.13,0.16,2.89,316.0,2.39,,65.1,2,65.1,64.9,69.6,102.3,126.4,66.53333333333335,2.657693235376647,93.10000000000001,25.730332294783665,2022-05-31,99.1,2022-06-02,134.3,2022-06-06,89.8,2022-06-14,58.9,2022-06-29,46.2,0,0,0,2
2022-05-31,2022,5,31,13892,17330,14619,96.6,96.7,7.29,7.16,14296,18.7,1.53,,6659.0,5334.0,869.0,757.0,0.13,0.14,3.09,165.0,2.45,2.36,99.1,2,99.1,65.1,64.9,69.6,116.5,76.36666666666669,19.68789814412306,90.61428571428571,23.865905148797832,2022-06-01,124.4,2022-06-03,140.8,2022-06-07,144.8,2022-06-15,50.0,2022-06-30,36.1,0,0,0,2
2022-06-01,2022,6,1,11840,16137,13471,96.0,96.8,7.35,7.2,13300,20.7,,,5573.0,4561.0,2202.0,2211.0,0.4,0.48,3.13,278.0,2.46,3.41,124.4,2,124.4,99.1,65.1,64.9,109.6,96.2,29.75617582956565,92.72857142857143,26.35404550132107,2022-06-02,134.3,2022-06-04,92.9,2022-06-08,125.1,2022-06-16,89.5,2022-07-01,61.2,0,0,0,2
2022-06-02,2022,6,2,12524,16822,25480,95.9,96.2,7.41,7.17,21030,15.6,6.98,195200.0,6573.0,5347.0,968.0,960.0,0.15,0.18,3.22,627.0,2.48,3.5,134.3,2,134.3,124.4,99.1,65.1,123.7,119.2666666666667,18.152777565247554,94.24285714285713,28.635983025024853,2022-06-03,140.8,2022-06-05,74.6,2022-06-09,71.4,2022-06-17,140.5,2022-07-02,41.5,0,0,0,2
2022-06-03,2022,6,3,10731,15781,12602,96.3,96.2,7.29,7.11,10461,21.9,8.35,150600.0,6643.0,5254.0,927.0,1193.0,0.14,0.23,3.16,606.0,2.51,3.2,140.8,2,140.8,134.3,124.4,99.1,102.3,133.16666666666669,8.258530942810058,99.74285714285715,33.69227691637229,2022-06-04,92.9,2022-06-06,89.8,2022-06-10,81.1,2022-06-18,102.2,2022-07-03,36.1,0,0,0,2
2022-06-04,2022,6,4,10860,16231,3798,95.3,96.8,7.33,7.2,0,27.8,,,6089.0,5015.0,2116.0,2036.0,0.35,0.41,3.07,672.0,2.53,,92.9,2,92.9,140.8,134.3,124.4,69.6,122.6666666666667,25.982750688357736,103.07142857142857,31.282834179238048,2022-06-05,74.6,2022-06-07,144.8,2022-06-11,64.3,2022-06-19,85.1,2022-07-04,29.1,0,0,0,2
2022-06-05,2022,6,5,11159,15141,3798,96.1,96.2,7.35,7.22,0,28.5,,,6216.0,5161.0,1881.0,1935.0,0.3,0.37,3.05,715.0,2.43,,74.6,2,74.6,92.9,140.8,134.3,64.9,102.7666666666667,34.18513322093919,104.45714285714287,29.472634603580676,2022-06-06,89.8,2022-06-08,125.1,2022-06-12,55.5,2022-06-20,106.1,2022-07-05,55.0,0,0,0,2
2022-06-06,2022,6,6,11739,16260,11537,96.7,96.8,7.33,7.17,14270,21.7,9.15,193550.0,7478.0,5589.0,897.0,815.0,0.12,0.15,3.5,380.0,2.54,1.64,89.8,2,89.8,74.6,92.9,140.8,65.1,85.7666666666667,9.794045810254547,107.98571428571428,25.134665873478802,2022-06-07,144.8,2022-06-09,71.4,2022-06-13,68.4,2022-06-21,135.8,2022-07-06,122.9,0,0,0,2
2022-06-07,2022,6,7,11720,17550,26786,95.1,94.8,7.35,7.25,17653,15.3,5.88,240400.0,6858.0,5106.0,968.0,748.0,0.14,0.15,3.29,512.0,2.62,4.43,144.8,2,144.8,89.8,74.6,92.9,99.1,103.06666666666668,36.93255113491837,114.5142857142857,28.19127693521683,2022-06-08,125.1,2022-06-10,81.1,2022-06-14,58.9,2022-06-22,164.9,2022-07-07,151.0,0,0,0,2
2022-06-08,2022,6,8,3834,4420,6608,95.7,96.4,7.53,7.35,7209,57.7,8.99,204100.0,5938.0,4798.0,2073.0,1528.0,0.35,0.32,3.43,935.0,,2.25,125.1,2,125.1,144.8,89.8,74.6,124.4,119.90000000000002,27.866287876213825,114.61428571428571,28.23339798721994,2022-06-09,71.4,2022-06-11,64.3,2022-06-15,50.0,2022-06-23,152.0,2022-07-08,133.3,0,0,0,2
2022-06-09,2022,6,9,7461,15474,4871,96.4,96.3,7.39,7.26,3300,30.9,5.16,139500.0,6857.0,5724.0,1126.0,834.0,0.16,0.15,3.18,654.0,,,71.4,2,71.4,125.1,144.8,89.8,134.3,113.7666666666667,37.9897793272527,105.62857142857145,30.81529459460629,2022-06-10,81.1,2022-06-12,55.5,2022-06-16,89.5,2022-06-24,143.7,2022-07-09,111.8,0,0,0,2
2022-06-10,2022,6,10,15778,11825,3803,96.4,96.6,7.42,7.31,7017,27.3,6.77,,,,,,,,3.25,727.0,2.63,3.9,81.1,2,81.1,71.4,125.1,144.8,140.8,92.53333333333335,28.617535416827273,97.1,27.546808647584843,2022-06-11,64.3,2022-06-13,68.4,2022-06-17,140.5,2022-06-25,119.8,2022-07-10,72.4,0,0,0,2
2022-06-11,2022,6,11,14038,1763,3800,96.3,96.2,7.28,7.18,0,43.8,,,6971.0,5639.0,1004.0,870.0,0.14,0.15,3.0,734.0,2.58,,64.3,2,64.3,81.1,71.4,125.1,92.9,72.2666666666667,8.433465084612045,93.01428571428572,30.26083434471169,2022-06-12,55.5,2022-06-14,58.9,2022-06-18,102.2,2022-06-26,116.2,2022-07-11,84.4,0,0,0,2
2022-06-12,2022,6,12,14805,2503,3796,96.7,96.6,7.25,7.17,0,40.7,,,6702.0,5831.0,2103.0,1979.0,0.31,0.34,3.43,607.0,2.5,,55.5,2,55.5,64.3,81.1,71.4,74.6,66.96666666666668,13.006664958142503,90.28571428571429,32.940422410336744,2022-06-13,68.4,2022-06-15,50.0,2022-06-19,85.1,2022-06-27,78.2,2022-07-12,98.8,0,0,0,2
2022-06-13,2022,6,13,14130,19165,3161,97.1,96.7,7.43,7.28,5077,23.5,6.9,,6883.0,5565.0,2243.0,2057.0,0.33,0.37,3.23,423.0,2.41,3.81,68.4,2,68.4,55.5,64.3,81.1,89.8,62.73333333333335,6.591155690269615,87.22857142857143,33.96997273503518,2022-06-14,58.9,2022-06-16,89.5,2022-06-20,106.1,2022-06-28,59.8,2022-07-13,105.3,0,0,0,2
2022-06-14,2022,6,14,17458,12152,1576,97.0,97.1,7.39,7.28,0,27.5,7.53,,6721.0,5744.0,950.0,794.0,0.14,0.14,3.18,350.0,2.32,3.68,58.9,2,58.9,68.4,55.5,64.3,144.8,60.93333333333336,6.686055139869406,74.95714285714287,23.65613783234364,2022-06-15,50.0,2022-06-17,140.5,2022-06-21,135.8,2022-06-29,46.2,2022-07-14,118.6,0,0,0,2
2022-06-15,2022,6,15,13509,10081,1444,97.0,95.8,7.37,7.28,5201,34.3,7.41,,6732.0,5761.0,976.0,780.0,0.14,0.14,3.7,632.0,2.37,4.24,50.0,2,50.0,58.9,68.4,55.5,125.1,59.10000000000002,9.201630290336672,64.22857142857143,10.492173954223917,2022-06-16,89.5,2022-06-18,102.2,2022-06-22,164.9,2022-06-30,36.1,2022-07-15,130.5,0,0,0,2
2022-06-16,2022,6,16,11507,28269,11286,95.5,96.4,7.39,7.33,12580,16.8,7.25,,6405.0,5679.0,894.0,936.0,0.14,0.16,3.61,714.0,2.41,4.56,89.5,2,89.5,50.0,58.9,68.4,71.4,66.13333333333335,20.71963641894743,66.81428571428572,14.147606225250366,2022-06-17,140.5,2022-06-19,85.1,2022-06-23,152.0,2022-07-01,61.2,2022-07-16,101.2,0,0,0,2
2022-06-17,2022,6,17,8332,16258,15644,96.0,95.9,7.31,7.22,19078,21.3,8.32,,5925.0,5388.0,997.0,1057.0,0.17,0.2,3.08,764.0,2.17,3.48,140.5,2,140.5,89.5,50.0,58.9,81.1,93.33333333333336,45.371613739576915,75.3,31.4175640897463,2022-06-18,102.2,2022-06-20,106.1,2022-06-24,143.7,2022-07-02,41.5,2022-07-17,79.6,0,0,0,2
2022-06-18,2022,6,18,10295,17256,8100,95.4,96.3,7.32,7.24,4555,24.1,,,6377.0,6003.0,967.0,877.0,0.15,0.15,2.86,710.0,2.71,,102.2,2,102.2,140.5,89.5,50.0,64.3,110.73333333333335,26.54926238774554,80.71428571428571,32.45455430656966,2022-06-19,85.1,2022-06-21,135.8,2022-06-25,119.8,2022-07-03,36.1,2022-07-18,81.8,0,0,0,2
2022-06-19,2022,6,19,9967,15812,8108,95.4,95.8,7.38,7.25,0,25.3,,,6748.0,5910.0,944.0,958.0,0.14,0.16,2.77,621.0,2.95,,85.1,2,85.1,102.2,140.5,89.5,55.5,109.2666666666667,28.367998401955692,84.94285714285715,30.49070115859657,2022-06-20,106.1,2022-06-22,164.9,2022-06-26,116.2,2022-07-04,29.1,2022-07-19,119.9,0,0,0,2
2022-06-20,2022,6,20,14167,17217,15479,95.8,95.8,7.26,7.26,17119,18.3,6.13,,6571.0,5932.0,925.0,831.0,0.14,0.14,2.83,360.0,2.71,2.61,106.1,2,106.1,85.1,102.2,140.5,68.4,97.80000000000001,11.17004923892597,90.32857142857144,30.411111691053,2022-06-21,135.8,2022-06-23,152.0,2022-06-27,78.2,2022-07-05,55.0,2022-07-20,131.5,0,0,0,2
2022-06-21,2022,6,21,13857,17139,24574,96.3,96.5,7.29,7.21,24355,15.4,7.66,171050.0,5516.0,5236.0,761.0,786.0,0.14,0.15,3.0,489.0,2.68,2.98,135.8,2,135.8,106.1,85.1,102.2,58.9,109.00000000000001,25.47410449849077,101.3142857142857,31.048640795340525,2022-06-22,164.9,2022-06-24,143.7,2022-06-28,59.8,2022-07-06,122.9,2022-07-21,135.2,0,0,0,2
2022-06-22,2022,6,22,13898,15747,31246,95.8,95.7,7.17,7.19,23561,14.1,7.41,224050.0,5421.0,4941.0,899.0,782.0,0.17,0.16,2.98,838.0,2.79,2.46,164.9,2,164.9,135.8,106.1,85.1,50.0,135.60000000000002,29.40051019965503,117.72857142857141,29.743610758486817,2022-06-23,152.0,2022-06-25,119.8,2022-06-29,46.2,2022-07-07,151.0,2022-07-22,111.9,0,0,0,2
2022-06-23,2022,6,23,13971,16514,19452,95.5,96.1,7.28,7.14,21765,17.2,8.15,,5782.0,5309.0,869.0,940.0,0.15,0.18,2.96,384.0,2.72,4.8,152.0,2,152.0,164.9,135.8,106.1,89.5,150.9,14.581152217846649,126.65714285714284,29.23393331631668,2022-06-24,143.7,2022-06-26,116.2,2022-06-30,36.1,2022-07-08,133.3,2022-07-23,72.9,0,0,0,2
2022-06-24,2022,6,24,11354,16335,21854,95.7,96.0,7.21,7.21,19688,17.3,8.41,,5522.0,5313.0,804.0,891.0,0.15,0.17,2.97,394.0,2.84,4.1,143.7,2,143.7,152.0,164.9,135.8,140.5,153.53333333333333,10.682852303263719,127.11428571428571,29.510191943994904,2022-06-25,119.8,2022-06-27,78.2,2022-07-01,61.2,2022-07-09,111.8,2022-07-24,46.5,0,0,0,2
2022-06-25,2022,6,25,12337,11810,13854,95.5,95.7,7.25,7.12,0,22.6,,,6116.0,5373.0,1015.0,981.0,0.17,0.18,6.26,448.0,2.87,,119.8,2,119.8,143.7,152.0,164.9,102.2,138.50000000000003,16.717954420323636,129.62857142857143,27.729750226409205,2022-06-26,116.2,2022-06-28,59.8,2022-07-02,41.5,2022-07-10,72.4,2022-07-25,63.2,0,0,0,2
2022-06-26,2022,6,26,9043,249,14446,95.6,96.0,7.26,7.13,0,36.1,,,6316.0,5665.0,1071.0,972.0,0.17,0.17,3.54,320.0,2.79,3.96,116.2,2,116.2,119.8,143.7,152.0,85.1,126.56666666666668,14.946683021103913,134.07142857142858,21.10684835827087,2022-06-27,78.2,2022-06-29,46.2,2022-07-03,36.1,2022-07-11,84.4,2022-07-26,88.1,0,0,0,2
2022-06-27,2022,6,27,8732,23997,611,95.2,96.2,7.35,7.28,12614,25.7,7.32,,6243.0,6184.0,1101.0,1179.0,0.18,0.19,3.16,201.0,2.62,,78.2,2,78.2,116.2,119.8,143.7,106.1,104.73333333333335,23.048933453272053,130.08571428571426,28.580321235156816,2022-06-28,59.8,2022-06-30,36.1,2022-07-04,29.1,2022-07-12,98.8,2022-07-27,102.4,0,0,0,2
2022-06-28,2022,6,28,8253,17699,0,95.6,96.1,7.25,7.24,0,33.1,6.17,,6593.0,5754.0,944.0,960.0,0.14,0.17,3.11,267.0,2.67,3.41,59.8,2,59.8,78.2,116.2,119.8,135.8,84.73333333333335,28.76201198340218,119.22857142857143,38.69387179238733,2022-06-29,46.2,2022-07-01,61.2,2022-07-05,55.0,2022-07-13,105.3,2022-07-28,124.0,0,0,0,2
2022-06-29,2022,6,29,7615,18032,0,95.6,96.2,7.26,7.21,6020,33.5,5.62,,6664.0,5917.0,1090.0,1108.0,0.16,0.19,3.09,1060.0,3.43,2.83,46.2,2,46.2,59.8,78.2,116.2,164.9,61.40000000000001,16.05988791990919,102.27142857142857,41.26696476544371,2022-06-30,36.1,2022-07-02,41.5,2022-07-06,122.9,2022-07-14,118.6,2022-07-29,132.2,0,0,0,2
2022-06-30,2022,6,30,6552,16570,0,95.8,95.6,7.31,7.27,3670,37.1,,,6589.0,5821.0,959.0,1076.0,0.15,0.18,3.13,519.0,3.31,4.22,36.1,2,36.1,46.2,59.8,78.2,152.0,47.36666666666668,11.892995137196651,85.71428571428571,41.24020807300507,2022-07-01,61.2,2022-07-03,36.1,2022-07-07,151.0,2022-07-15,130.5,2022-07-30,124.0,0,0,0,2
2022-07-01,2022,7,1,5589,16595,0,95.6,95.9,7.94,7.28,0,38.7,,,6382.0,5918.0,902.0,1013.0,0.14,0.17,3.03,755.0,3.23,4.18,61.2,2,61.2,36.1,46.2,59.8,143.7,47.83333333333335,12.629462907557988,73.92857142857143,32.840052491112715,2022-07-02,41.5,2022-07-04,29.1,2022-07-08,133.3,2022-07-16,101.2,2022-07-31,97.9,0,0,0,2
2022-07-02,2022,7,2,5480,16080,0,95.7,95.7,7.21,7.12,0,39.8,,,6316.0,5760.0,886.0,832.0,0.14,0.14,2.93,539.0,3.4,,41.5,2,41.5,61.2,36.1,46.2,119.8,46.26666666666669,13.211484902666454,62.74285714285715,27.514835824990502,2022-07-03,36.1,2022-07-05,55.0,2022-07-09,111.8,2022-07-17,79.6,2022-08-01,107.0,0,0,0,2
2022-07-03,2022,7,3,5558,16096,0,95.8,96.3,7.21,7.1,0,39.6,,,6355.0,5897.0,1058.0,1012.0,0.17,0.17,2.68,820.0,2.3,,36.1,2,36.1,41.5,61.2,36.1,116.2,46.26666666666669,13.211484902666454,51.3,15.695009822657747,2022-07-04,29.1,2022-07-06,122.9,2022-07-10,72.4,2022-07-18,81.8,2022-08-02,117.9,0,0,0,2
2022-07-04,2022,7,4,6021,16527,0,96.1,95.7,7.3,7.21,0,38.1,,,6782.0,5713.0,1011.0,948.0,0.15,0.17,2.94,322.0,0.3,,29.1,2,29.1,36.1,41.5,61.2,78.2,35.566666666666684,6.217180497089291,44.285714285714285,12.266679606618007,2022-07-05,55.0,2022-07-07,151.0,2022-07-11,84.4,2022-07-19,119.9,2022-08-03,96.0,0,0,0,2
2022-07-05,2022,7,5,5754,16356,9757,96.0,96.2,7.21,7.11,5160,26.9,4.92,122150.0,6076.0,5595.0,871.0,951.0,0.14,0.17,2.89,190.0,1.75,4.92,55.0,2,55.0,29.1,36.1,41.5,59.8,40.066666666666684,13.397885405293843,43.6,11.355175031675625,2022-07-06,122.9,2022-07-08,133.3,2022-07-12,98.8,2022-07-20,131.5,2022-08-04,108.1,0,0,0,2
2022-07-06,2022,7,6,5744,17092,24038,95.7,96.2,7.26,7.15,12635,18.3,5.48,153550.0,5845.0,5199.0,1192.0,1276.0,0.2,0.25,2.93,287.0,3.18,4.23,122.9,2,122.9,55.0,29.1,36.1,46.2,69.00000000000001,48.44182077502911,54.557142857142864,32.18425376602944,2022-07-07,151.0,2022-07-09,111.8,2022-07-13,105.3,2022-07-21,135.2,2022-08-05,112.5,0,0,0,2
2022-07-07,2022,7,7,6536,18311,21205,95.9,96.1,7.27,7.15,16501,9.3,6.68,146950.0,5577.0,5007.0,1201.0,1199.0,0.22,0.24,2.86,284.0,3.57,3.55,151.0,2,151.0,122.9,55.0,29.1,36.1,109.63333333333337,49.35588448537175,70.97142857142858,47.0629264667959,2022-07-08,133.3,2022-07-10,72.4,2022-07-14,118.6,2022-07-22,111.9,2022-08-06,131.2,0,0,0,2
2022-07-08,2022,7,8,6488,19414,18084,96.0,96.1,7.15,7.34,13423,19.5,,,4849.0,5397.0,1581.0,806.0,0.33,0.15,5.68,260.0,3.6,3.5,133.3,2,133.3,151.0,122.9,55.0,61.2,135.73333333333335,14.207157820385847,81.27142857142859,52.179584586493576,2022-07-09,111.8,2022-07-11,84.4,2022-07-15,130.5,2022-07-23,72.9,2022-08-07,105.0,0,0,0,2
2022-07-09,2022,7,9,5155,10243,8099,95.5,95.6,7.23,7.26,0,36.5,,,5296.0,5581.0,1290.0,860.0,0.24,0.15,3.83,160.0,3.42,,111.8,2,111.8,133.3,151.0,122.9,41.5,132.03333333333336,19.630673277637538,91.31428571428572,49.96743701556797,2022-07-10,72.4,2022-07-12,98.8,2022-07-16,101.2,2022-07-24,46.5,2022-08-08,97.0,0,0,0,2
2022-07-10,2022,7,10,5012,7326,8109,95.8,95.9,7.22,7.22,0,42.0,,,5532.0,5699.0,1120.0,861.0,0.2,0.15,3.3,100.0,3.22,,72.4,2,72.4,111.8,133.3,151.0,36.1,105.83333333333336,30.885325533873903,96.5,44.909835596819136,2022-07-11,84.4,2022-07-13,105.3,2022-07-17,79.6,2022-07-25,63.2,2022-08-09,102.6,0,0,0,2
2022-07-11,2022,7,11,5122,19253,15336,95.7,96.5,7.24,7.26,16045,21.6,5.36,114425.0,5387.0,5646.0,1036.0,804.0,0.19,0.14,3.85,187.0,3.25,4.84,84.4,2,84.4,72.4,111.8,133.3,29.1,89.53333333333336,20.195379009401364,104.39999999999999,34.80454951104319,2022-07-12,98.8,2022-07-14,118.6,2022-07-18,81.8,2022-07-26,88.1,2022-08-10,106.1,0,0,0,2
2022-07-12,2022,7,12,4686,18189,16852,95.3,95.9,7.22,7.25,10484,21.6,5.18,121850.0,5160.0,5567.0,1065.0,951.0,0.21,0.17,3.37,164.0,3.35,3.28,98.8,2,98.8,84.4,72.4,111.8,55.0,85.20000000000002,13.218169313488064,110.65714285714286,27.643797203161398,2022-07-13,105.3,2022-07-15,130.5,2022-07-19,119.9,2022-07-27,102.4,2022-08-11,89.9,0,0,0,2
2022-07-13,2022,7,13,4446,18168,16869,95.2,96.3,7.15,7.22,18427,21.7,5.97,164200.0,5134.0,5624.0,1160.0,949.0,0.23,0.17,3.25,285.0,2.9,2.33,105.3,2,105.3,98.8,84.4,72.4,122.9,96.16666666666669,10.695949389061573,108.14285714285714,27.140489871706084,2022-07-14,118.6,2022-07-16,101.2,2022-07-20,131.5,2022-07-28,124.0,2022-08-12,93.7,0,0,0,2
2022-07-14,2022,7,14,4637,17634,24475,95.6,95.9,7.17,7.2,17616,18.4,6.38,128000.0,5102.0,5531.0,1083.0,866.0,0.21,0.16,3.15,345.0,2.97,3.53,118.6,2,118.6,105.3,98.8,84.4,151.0,107.56666666666668,10.09273666224192,103.51428571428572,20.584332923482172,2022-07-15,130.5,2022-07-17,79.6,2022-07-21,135.2,2022-07-29,132.2,2022-08-13,81.4,0,0,0,2
2022-07-15,2022,7,15,4613,17766,19029,95.8,96.2,7.09,7.22,16527,20.7,7.74,174500.0,4537.0,5528.0,1400.0,870.0,0.31,0.16,3.9,330.0,2.94,5.0,130.5,2,130.5,118.6,105.3,98.8,133.3,118.13333333333334,12.606479815291747,103.11428571428571,19.925731151070767,2022-07-16,101.2,2022-07-18,81.8,2022-07-22,111.9,2022-07-30,124.0,2022-08-14,83.9,0,0,0,2
2022-07-16,2022,7,16,4347,14404,8091,95.6,96.1,7.29,7.31,0,32.0,,,4882.0,5551.0,1157.0,997.0,0.24,0.18,3.32,162.0,3.27,,101.2,2,101.2,130.5,118.6,105.3,111.8,116.76666666666667,14.735784109892446,101.60000000000001,19.55496526886859,2022-07-17,79.6,2022-07-19,119.9,2022-07-23,72.9,2022-07-31,97.9,2022-08-15,95.7,0,0,0,2
2022-07-17,2022,7,17,4298,17179,4978,96.1,96.3,7.25,7.32,0,32.4,,,4903.0,5520.0,1011.0,1104.0,0.21,0.2,3.09,268.0,3.11,,79.6,2,79.6,101.2,130.5,118.6,72.4,103.7666666666667,25.54688500254706,102.62857142857142,17.88078244799067,2022-07-18,81.8,2022-07-20,131.5,2022-07-24,46.5,2022-08-01,107.0,2022-08-16,117.8,0,0,0,2
2022-07-18,2022,7,18,4048,17400,12269,95.6,96.3,7.16,7.25,23756,25.4,7.54,204300.0,4721.0,5471.0,974.0,908.0,0.21,0.17,3.11,154.0,3.0,3.1,81.8,2,81.8,79.6,101.2,130.5,84.4,87.53333333333335,11.886687231241938,102.25714285714287,18.343559918297778,2022-07-19,119.9,2022-07-21,135.2,2022-07-25,63.2,2022-08-02,117.9,2022-08-17,121.3,0,0,0,2
2022-07-19,2022,7,19,3498,177718,27868,95.8,96.4,7.14,7.27,21047,17.5,7.12,143450.0,4713.0,5482.0,1019.0,929.0,0.22,0.17,3.12,412.0,3.9,3.9,119.9,2,119.9,81.8,79.6,101.2,98.8,93.7666666666667,22.658846690274594,105.27142857142857,19.384849263080977,2022-07-20,131.5,2022-07-22,111.9,2022-07-26,88.1,2022-08-03,96.0,2022-08-18,125.6,0,0,0,2
2022-07-20,2022,7,20,5176,16781,34064,95.6,96.7,7.03,7.27,14805,15.3,6.67,60450.0,4413.0,5357.0,1336.0,1023.0,0.3,0.19,3.04,375.0,3.9,4.77,131.5,2,131.5,119.9,81.8,79.6,105.3,111.06666666666668,26.0008333199796,109.01428571428572,21.77348759167332,2022-07-21,135.2,2022-07-23,72.9,2022-07-27,102.4,2022-08-04,108.1,2022-08-19,122.8,0,0,0,2
2022-07-21,2022,7,21,4938,16712,25744,95.5,96.3,7.07,7.31,20572,18.1,7.79,142150.0,4167.0,5294.0,1397.0,967.0,0.34,0.18,3.09,658.0,2.97,5.65,135.2,2,135.2,131.5,119.9,81.8,118.6,128.86666666666667,7.982689605224198,111.38571428571429,23.801080407649955,2022-07-22,111.9,2022-07-24,46.5,2022-07-28,124.0,2022-08-05,112.5,2022-08-20,105.0,0,0,0,2
2022-07-22,2022,7,22,4490,16302,10627,95.2,96.5,7.11,7.3,18563,27.3,4.63,81900.0,4486.0,5330.0,1252.0,1055.0,0.28,0.2,2.99,636.0,2.88,4.21,111.9,2,111.9,135.2,131.5,119.9,130.5,126.20000000000003,12.521581369780025,108.72857142857143,22.302594339800567,2022-07-23,72.9,2022-07-25,63.2,2022-07-29,132.2,2022-08-06,131.2,2022-08-21,71.1,0,0,0,2
2022-07-23,2022,7,23,3731,14481,13040,95.9,96.6,7.19,7.21,0,27.5,,,4600.0,5354.0,889.0,1146.0,0.19,0.21,2.97,537.0,2.49,,72.9,2,72.9,111.9,135.2,131.5,101.2,106.66666666666669,31.477981722679793,104.68571428571428,26.131170950381943,2022-07-24,46.5,2022-07-26,88.1,2022-07-30,124.0,2022-08-07,105.0,2022-08-22,85.0,0,0,0,2
2022-07-24,2022,7,24,4244,16819,2769,95.5,96.8,7.1,7.23,0,36.0,,,4194.0,4768.0,702.0,797.0,0.17,0.17,2.85,566.0,2.49,,46.5,2,46.5,72.9,111.9,135.2,79.6,77.10000000000002,32.90167169005311,99.95714285714287,33.40857460507477,2022-07-25,63.2,2022-07-27,102.4,2022-07-31,97.9,2022-08-08,97.0,2022-08-23,107.7,0,0,0,2
2022-07-25,2022,7,25,3950,16389,20467,95.3,96.2,7.14,7.2,16667,21.0,,,4086.0,4781.0,811.0,911.0,0.2,0.19,2.99,263.0,2.78,3.2,63.2,2,63.2,46.5,72.9,111.9,81.8,60.866666666666696,13.35377599532738,97.3,35.75094404347933,2022-07-26,88.1,2022-07-28,124.0,2022-08-01,107.0,2022-08-09,102.6,2022-08-24,114.8,0,0,0,2
2022-07-26,2022,7,26,3558,16896,13139,95.6,96.3,7.0,7.19,10746,25.5,9.43,,3879.0,4732.0,672.0,840.0,0.17,0.18,3.05,724.0,2.89,2.65,88.1,2,88.1,63.2,46.5,72.9,119.9,65.93333333333335,20.93426218746148,92.75714285714285,34.395244687933925,2022-07-27,102.4,2022-07-29,132.2,2022-08-02,117.9,2022-08-10,106.1,2022-08-25,123.3,0,0,0,2
2022-07-27,2022,7,27,3641,14029,24102,95.9,96.4,7.07,7.17,17504,20.5,6.39,,4049.0,4734.0,700.0,756.0,0.17,0.16,2.98,732.0,2.99,3.24,102.4,2,102.4,88.1,63.2,46.5,131.5,84.56666666666668,19.837422547633853,88.60000000000001,30.466374907428513,2022-07-28,124.0,2022-07-30,124.0,2022-08-03,96.0,2022-08-11,89.9,2022-08-26,115.2,0,0,0,2
2022-07-28,2022,7,28,4455,14110,26103,98.5,96.5,7.13,7.18,19646,19.2,7.7,73550.0,4459.0,5144.0,854.0,888.0,0.19,0.17,3.0,598.0,2.86,2.41,124.0,2,124.0,102.4,88.1,63.2,135.2,104.83333333333336,18.07327677355061,87.0,27.78752717797423,2022-07-29,132.2,2022-07-31,97.9,2022-08-04,108.1,2022-08-12,93.7,2022-08-27,124.1,0,0,0,2
2022-07-29,2022,7,29,4323,11086,21533,95.6,96.0,6.95,7.2,20421,23.2,9.29,166400.0,4074.0,5013.0,1214.0,944.0,0.3,0.19,2.97,676.0,2.81,3.61,132.2,2,132.2,124.0,102.4,88.1,111.9,119.53333333333335,15.393938200907439,89.89999999999999,31.614975354516037,2022-07-30,124.0,2022-08-01,107.0,2022-08-05,112.5,2022-08-13,81.4,2022-08-28,120.9,0,0,0,2
2022-07-30,2022,7,30,3838,5718,11739,95.3,96.0,7.08,7.21,0,40.3,,,4131.0,4922.0,1044.0,868.0,0.25,0.18,2.91,766.0,2.7,,124.0,2,124.0,132.2,124.0,102.4,72.9,126.73333333333335,4.7342722073571695,97.19999999999997,32.908509537807845,2022-07-31,97.9,2022-08-02,117.9,2022-08-06,131.2,2022-08-14,83.9,2022-08-29,123.9,0,0,0,2
2022-07-31,2022,7,31,4033,13049,9488,95.6,96.3,7.2,7.24,14781,32.3,,,4522.0,4996.0,861.0,909.0,0.19,0.18,3.05,869.0,,,97.9,2,97.9,124.0,132.2,124.0,46.5,118.03333333333335,17.91154190273293,104.54285714285713,24.325559749836124,2022-08-01,107.0,2022-08-03,96.0,2022-08-07,105.0,2022-08-15,95.7,2022-08-30,123.2,0,0,0,2
2022-08-01,2022,8,1,4222,10599,16894,95.5,97.0,7.09,7.19,16604,27.1,,164575.0,4560.0,4985.0,825.0,787.0,0.18,0.16,3.35,321.0,3.12,3.5,107.0,2,107.0,97.9,124.0,132.2,63.2,109.63333333333337,13.24776710745479,110.8,16.1922821121666,2022-08-02,117.9,2022-08-04,108.1,2022-08-08,97.0,2022-08-16,117.8,2022-08-31,124.6,0,0,0,2
2022-08-02,2022,8,2,5102,8677,5979,95.5,96.3,7.1,7.22,16195,43.4,8.75,330000.0,4555.0,4996.0,836.0,783.0,0.18,0.16,3.25,298.0,3.3,4.55,117.9,2,117.9,107.0,97.9,124.0,88.1,107.60000000000002,10.013490899782578,115.05714285714285,12.789299843079016,2022-08-03,96.0,2022-08-05,112.5,2022-08-09,102.6,2022-08-17,121.3,2022-09-01,133.7,0,0,0,2
2022-08-03,2022,8,3,5002,12142,25030,96.6,95.8,7.25,7.08,19892,20.3,7.4,191200.0,4823.0,4617.0,799.0,1032.0,0.17,0.22,3.43,356.0,,4.81,96.0,2,96.0,117.9,107.0,97.9,102.4,106.9666666666667,10.950038051685583,114.14285714285714,14.01497498426288,2022-08-04,108.1,2022-08-06,131.2,2022-08-10,106.1,2022-08-18,125.6,2022-09-02,136.8,0,0,0,2
2022-08-04,2022,8,4,5958,162487,20125,88.0,95.9,,6.99,14263,4.6,6.73,178600.0,,4064.0,,1440.0,,0.35,3.08,644.0,2.97,3.46,108.1,2,108.1,96.0,117.9,107.0,124.0,107.33333333333336,10.970110907979102,111.87142857142858,13.427299838477259,2022-08-05,112.5,2022-08-07,105.0,2022-08-11,89.9,2022-08-19,122.8,2022-09-03,119.4,0,0,0,2
2022-08-05,2022,8,5,4436,149987,22927,95.8,95.8,,7.25,19944,4.8,5.12,,,4697.0,,1223.0,,0.26,2.96,510.0,2.8,2.65,112.5,2,112.5,108.1,96.0,117.9,132.2,105.53333333333335,8.544198811671146,109.05714285714286,10.111521010354855,2022-08-06,131.2,2022-08-08,97.0,2022-08-12,93.7,2022-08-20,105.0,2022-09-04,74.3,0,0,0,2
2022-08-06,2022,8,6,5148,9977,15150,95.8,95.7,7.13,7.34,14791,28.3,,,4440.0,4405.0,1350.0,840.0,0.3,0.19,3.06,683.0,2.96,,131.2,2,131.2,112.5,108.1,96.0,124.0,117.2666666666667,12.26553436803135,110.08571428571429,12.062811802039315,2022-08-07,105.0,2022-08-09,102.6,2022-08-13,81.4,2022-08-21,71.1,2022-09-05,57.1,0,0,0,2
2022-08-07,2022,8,7,5176,10058,11438,96.0,96.2,7.2,7.32,0,32.2,,,4102.0,4453.0,709.0,739.0,0.17,0.17,3.28,754.0,2.83,,105.0,2,105.0,131.2,112.5,108.1,97.9,116.23333333333335,13.493084648565668,111.1,11.129839771233177,2022-08-08,97.0,2022-08-10,106.1,2022-08-14,83.9,2022-08-22,85.0,2022-09-06,83.9,0,0,0,2
2022-08-08,2022,8,8,5959,33755,18924,96.1,95.9,7.18,7.3,19954,14.6,4.41,98050.0,4252.0,4541.0,662.0,746.0,0.16,0.16,3.42,282.0,2.95,3.72,97.0,2,97.0,105.0,131.2,112.5,107.0,111.06666666666668,17.888916494113335,109.67142857142856,12.321757759577354,2022-08-09,102.6,2022-08-11,89.9,2022-08-15,95.7,2022-08-23,107.7,2022-09-07,121.0,0,0,0,2
2022-08-09,2022,8,9,7143,11501,28748,95.7,95.8,7.12,7.27,22846,18.1,3.72,138950.0,4260.0,5123.0,706.0,919.0,0.17,0.18,2.8,228.0,3.16,3.52,102.6,2,102.6,97.0,105.0,131.2,117.9,101.53333333333335,4.105281151561195,107.48571428571428,11.970857470182288,2022-08-10,106.1,2022-08-12,93.7,2022-08-16,117.8,2022-08-24,114.8,2022-09-08,107.9,0,0,0,2
2022-08-10,2022,8,10,8508,16130,36133,95.8,96.0,7.17,7.29,28959,14.1,3.54,65300.0,4801.0,5160.0,893.0,857.0,0.19,0.17,2.91,289.0,3.1,3.65,106.1,2,106.1,102.6,97.0,105.0,96.0,101.90000000000002,4.590206967014685,108.92857142857143,10.91813694206593,2022-08-11,89.9,2022-08-13,81.4,2022-08-17,121.3,2022-08-25,123.3,2022-09-09,88.1,0,0,0,2
2022-08-11,2022,8,11,8137,12327,17370,96.3,96.1,7.13,,13963,22.7,3.53,,4810.0,,849.0,,0.18,,2.96,496.1,2.78,3.68,89.9,2,89.9,106.1,102.6,97.0,108.1,99.53333333333335,8.524279050650806,106.32857142857142,13.09780061507929,2022-08-12,93.7,2022-08-14,83.9,2022-08-18,125.6,2022-08-26,115.2,2022-09-10,76.5,0,0,0,2
2022-08-12,2022,8,12,7838,9918,23666,96.3,97.2,7.18,7.3,24871,20.7,4.95,,4869.0,5357.0,711.0,763.0,0.15,0.14,2.83,492.0,2.75,3.97,93.7,2,93.7,89.9,106.1,102.6,112.5,96.56666666666668,8.471914384208874,103.64285714285714,13.541400363681529,2022-08-13,81.4,2022-08-15,95.7,2022-08-19,122.8,2022-08-27,124.1,2022-09-11,66.9,0,0,0,2
2022-08-13,2022,8,13,7632,8842,8120,95.9,96.9,7.08,7.2,0,34.9,,,5115.0,5390.0,833.0,734.0,0.16,0.14,2.75,477.0,2.77,4.95,81.4,2,81.4,93.7,89.9,106.1,131.2,88.33333333333336,6.297883242278154,96.52857142857144,8.956136496970744,2022-08-14,83.9,2022-08-16,117.8,2022-08-20,105.0,2022-08-28,120.9,2022-09-12,91.9,0,0,0,2
2022-08-14,2022,8,14,7570,8944,8126,96.3,96.8,7.14,7.26,0,34.8,,,5072.0,5411.0,779.0,771.0,0.15,0.14,2.45,147.0,2.71,,83.9,2,83.9,81.4,93.7,89.9,105.0,86.33333333333336,6.501025560122695,93.51428571428572,9.177768169409104,2022-08-15,95.7,2022-08-17,121.3,2022-08-21,71.1,2022-08-29,123.9,2022-09-13,97.8,0,0,0,2
2022-08-15,2022,8,15,7429,13820,17362,96.2,96.5,7.22,7.28,27002,22.2,6.99,,4837.0,5530.0,861.0,772.0,0.18,0.14,2.62,131.0,2.69,3.64,95.7,2,95.7,83.9,81.4,93.7,97.0,87.00000000000004,7.637407937254302,93.32857142857144,9.108368731686882,2022-08-16,117.8,2022-08-18,125.6,2022-08-22,85.0,2022-08-30,123.2,2022-09-14,109.5,0,0,0,2
2022-08-16,2022,8,16,7146,15624,29023,96.1,96.3,7.11,7.3,23544,16.6,5.79,246950.0,4754.0,5367.0,1217.0,878.0,0.26,0.16,2.73,637.0,2.6,3.17,117.8,2,117.8,95.7,83.9,81.4,102.6,99.13333333333334,17.208815570322216,95.5,12.764925903949607,2022-08-17,121.3,2022-08-19,122.8,2022-08-23,107.7,2022-08-31,124.6,2022-09-15,116.5,0,0,0,2
2022-08-17,2022,8,17,7548,17151,28876,95.6,96.1,7.14,7.29,26218,16.0,3.93,87800.0,4567.0,5469.0,1395.0,844.0,0.31,0.15,2.77,1020.0,2.7,3.51,121.3,2,121.3,117.8,95.7,83.9,106.1,111.60000000000002,13.880561948279585,97.67142857142858,15.800497279696758,2022-08-18,125.6,2022-08-20,105.0,2022-08-24,114.8,2022-09-01,133.7,2022-09-16,120.1,0,0,0,2
2022-08-18,2022,8,18,9886,19084,32601,95.9,96.0,7.1,7.31,27348,13.9,5.38,116100.0,4663.0,5440.0,1089.0,721.0,0.23,0.13,2.78,1290.0,3.4,0.71,125.6,2,125.6,121.3,117.8,95.7,89.9,121.56666666666668,3.906831623369169,102.77142857142857,18.418624114892637,2022-08-19,122.8,2022-08-21,71.1,2022-08-25,123.3,2022-09-02,136.8,2022-09-17,131.6,0,0,0,2
2022-08-19,2022,8,19,10549,16600,24169,96.1,96.1,7.11,7.37,18721,16.7,4.52,127300.0,4178.0,4819.0,1039.0,645.0,0.25,0.13,3.22,999.0,2.6,2.8,122.8,2,122.8,125.6,121.3,117.8,93.7,123.23333333333335,2.182506204654843,106.92857142857143,19.29315200493959,2022-08-20,105.0,2022-08-22,85.0,2022-08-26,115.2,2022-09-03,119.4,2022-09-18,123.1,0,0,0,2
2022-08-20,2022,8,20,11387,6261,19750,96.2,96.3,7.1,7.23,15115,22.9,,,4677.0,4915.0,1106.0,679.0,0.24,0.14,2.91,429.0,2.64,,105.0,2,105.0,122.8,125.6,121.3,81.4,117.80000000000001,11.17318217877187,110.3,15.841927492153756,2022-08-21,71.1,2022-08-23,107.7,2022-08-27,124.1,2022-09-04,74.3,2022-09-19,124.7,0,0,0,2
2022-08-21,2022,8,21,9666,2036,12478,95.6,96.1,7.22,7.23,0,35.5,,,5089.0,,723.0,,0.14,,2.59,834.0,2.76,,71.1,2,71.1,105.0,122.8,125.6,83.9,99.63333333333334,26.264488065320545,108.47142857142856,19.672630249978557,2022-08-22,85.0,2022-08-24,114.8,2022-08-28,120.9,2022-09-05,57.1,2022-09-20,138.2,0,0,0,2
2022-08-22,2022,8,22,9838,17877,20876,96.1,95.9,7.23,7.29,22137,17.7,7.5,172150.0,,,,,,,2.75,216.0,2.56,2.54,85.0,2,85.0,71.1,105.0,122.8,95.7,87.03333333333335,17.041224525642807,106.94285714285714,21.18772106219813,2022-08-23,107.7,2022-08-25,123.3,2022-08-29,123.9,2022-09-06,83.9,2022-09-21,142.6,0,0,0,2
2022-08-23,2022,8,23,10948,25420,26506,95.8,95.8,7.13,7.32,21295,13.6,5.27,157850.0,5492.0,6166.0,1781.0,831.0,0.32,0.13,2.79,247.0,2.31,3.51,107.7,2,107.7,85.0,71.1,105.0,117.8,87.93333333333335,18.47547924502555,105.5,20.662526467012462,2022-08-24,114.8,2022-08-26,115.2,2022-08-30,123.2,2022-09-07,121.0,2022-09-22,149.5,0,0,0,2
2022-08-24,2022,8,24,10320,19839,26350,96.1,95.8,7.02,7.36,22837,15.2,3.99,105300.0,5028.0,6299.0,1941.0,699.0,0.39,0.11,2.85,530.0,2.43,2.86,114.8,2,114.8,107.7,85.0,71.1,121.3,102.50000000000001,15.565667348367407,104.57142857142857,19.96853477229542,2022-08-25,123.3,2022-08-27,124.1,2022-08-31,124.6,2022-09-08,107.9,2022-09-23,153.8,0,0,0,2
2022-08-25,2022,8,25,10767,17868,28636,95.9,96.2,6.95,7.38,20083,15.0,6.25,120100.0,4502.0,6124.0,2232.0,865.0,0.5,0.14,2.87,722.0,2.42,2.3,123.3,2,123.3,114.8,107.7,85.0,125.6,115.2666666666667,7.810463067793111,104.24285714285715,19.579994649544236,2022-08-26,115.2,2022-08-28,120.9,2022-09-01,133.7,2022-09-09,88.1,2022-09-24,148.2,0,0,0,2
2022-08-26,2022,8,26,9183,16100,19166,95.9,96.0,7.06,7.42,24103,19.3,4.25,93700.0,3985.0,5515.0,1690.0,596.0,0.42,0.11,2.73,608.0,2.62,2.76,115.2,2,115.2,123.3,114.8,107.7,122.8,117.7666666666667,4.796179034748323,103.15714285714284,18.563840940823134,2022-08-27,124.1,2022-08-29,123.9,2022-09-02,136.8,2022-09-10,76.5,2022-09-25,137.1,0,0,0,2
2022-08-27,2022,8,27,9284,13485,17033,96.2,96.1,7.17,7.48,14999,21.6,,,4550.0,5529.0,1889.0,630.0,0.42,0.11,2.58,618.0,2.36,,124.1,2,124.1,115.2,123.3,114.8,105.0,120.86666666666667,4.923751956928607,105.88571428571427,20.210511173761848,2022-08-28,120.9,2022-08-30,123.2,2022-09-03,119.4,2022-09-11,66.9,2022-09-26,141.1,0,0,0,2
2022-08-28,2022,8,28,9193,9579,12457,95.6,95.6,7.21,7.36,0,27.5,,,4922.0,5331.0,1399.0,597.0,0.28,0.11,2.92,441.0,2.64,,120.9,2,120.9,124.1,115.2,123.3,71.1,120.06666666666668,4.508140784553934,113.0,13.612983998129279,2022-08-29,123.9,2022-08-31,124.6,2022-09-04,74.3,2022-09-12,91.9,2022-09-27,141.6,0,0,0,2
2022-08-29,2022,8,29,8993,11269,22952,96.0,95.9,7.29,7.41,28731,19.9,4.88,98600.0,5278.0,6002.0,1509.0,748.0,0.29,0.12,2.97,231.0,2.59,4.3,123.9,2,123.9,120.9,124.1,115.2,85.0,122.9666666666667,1.7925772879732709,118.55714285714286,6.198348474353009,2022-08-30,123.2,2022-09-01,133.7,2022-09-05,57.1,2022-09-13,97.8,2022-09-28,141.7,0,0,0,2
2022-08-30,2022,8,30,8626,20622,11377,95.8,,7.25,,16974,21.1,,90050.0,5503.0,,1392.0,,0.25,,3.11,325.0,2.43,4.46,123.2,2,123.2,123.9,120.9,124.1,107.7,122.66666666666669,1.5695009822735762,120.77142857142857,4.079915965519967,2022-08-31,124.6,2022-09-02,136.8,2022-09-06,83.9,2022-09-14,109.5,2022-09-29,143.5,0,0,0,2
2022-08-31,2022,8,31,7873,17129,28130,88.3,96.0,,7.29,26311,16.1,5.37,196050.0,,5640.0,,715.0,,0.13,2.89,550.0,2.39,2.3,124.6,2,124.6,123.2,123.9,120.9,114.8,123.90000000000002,0.7000000000171077,122.17142857142858,3.2953069081707778,2022-09-01,133.7,2022-09-03,119.4,2022-09-07,121.0,2022-09-15,116.5,2022-09-30,157.4,0,0,0,2
2022-09-01,2022,9,1,8801,16282,27260,96.4,96.2,7.18,7.14,12423,16.4,7.43,248400.0,5075.0,5714.0,1106.0,678.0,0.22,0.12,2.94,633.0,2.39,2.62,133.7,2,133.7,124.6,123.2,123.9,123.3,127.16666666666667,5.701169470674945,123.65714285714284,5.497531913763446,2022-09-02,136.8,2022-09-04,74.3,2022-09-08,107.9,2022-09-16,120.1,2022-10-01,189.2,0,0,0,2
2022-09-02,2022,9,2,8082,16426,24865,95.7,95.9,7.16,7.3,23130,17.4,,217650.0,4124.0,5061.0,1425.0,636.0,0.35,0.13,2.75,629.0,2.48,2.58,136.8,2,136.8,133.7,124.6,123.2,115.2,131.70000000000002,6.341135544996743,126.74285714285715,5.998571258462111,2022-09-03,119.4,2022-09-05,57.1,2022-09-09,88.1,2022-09-17,131.6,2022-10-02,166.4,0,0,0,2
2022-09-03,2022,9,3,7805,15893,12450,95.9,96.1,6.67,6.82,15128,23.7,,,4393.0,5150.0,1212.0,637.0,0.28,0.12,2.8,572.0,2.37,,119.4,2,119.4,136.8,133.7,124.6,124.1,129.96666666666667,9.281343293583916,126.07142857142857,6.578681297877119,2022-09-04,74.3,2022-09-06,83.9,2022-09-10,76.5,2022-09-18,123.1,2022-10-03,149.6,0,0,0,2
2022-09-04,2022,9,4,8280,17054,8057,96.0,95.8,7.27,7.32,0,25.7,,,4650.0,5085.0,771.0,626.0,0.17,0.12,2.4,934.0,2.37,,74.3,2,74.3,119.4,136.8,133.7,120.9,110.16666666666669,32.256833901258254,119.41428571428573,20.828620419303316,2022-09-05,57.1,2022-09-07,121.0,2022-09-11,66.9,2022-09-19,124.7,2022-10-04,154.7,0,0,0,2
2022-09-05,2022,9,5,8216,17007,5809,96.2,96.0,7.23,7.29,0,27.6,,,4539.0,5071.0,644.0,613.0,0.14,0.12,2.44,232.0,2.32,,57.1,2,57.1,74.3,119.4,136.8,123.9,83.60000000000002,32.17436868067565,109.87142857142855,31.16748916663598,2022-09-06,83.9,2022-09-08,107.9,2022-09-12,91.9,2022-09-20,138.2,2022-10-05,146.0,0,0,0,2
2022-09-06,2022,9,6,7724,17769,19863,96.5,95.7,7.2,7.26,23570,18.9,6.72,131350.0,5097.0,5743.0,585.0,651.0,0.11,0.11,2.69,120.4,2.36,3.31,83.9,2,83.9,57.1,74.3,119.4,123.2,71.7666666666667,13.578414242222125,104.25714285714287,31.897484600035693,2022-09-07,121.0,2022-09-09,88.1,2022-09-13,97.8,2022-09-21,142.6,2022-10-06,148.8,0,0,0,2
2022-09-07,2022,9,7,7258,21141,24595,96.2,95.9,7.72,7.11,19081,16.2,5.89,126550.0,4525.0,5306.0,1118.0,567.0,0.25,0.11,2.77,333.0,2.56,2.6,121.0,2,121.0,83.9,57.1,74.3,124.6,87.33333333333336,32.088055929479026,103.74285714285715,31.5418693772185,2022-09-08,107.9,2022-09-10,76.5,2022-09-14,109.5,2022-09-22,149.5,2022-10-07,140.8,0,0,0,2
2022-09-08,2022,9,8,6687,16539,18604,95.9,96.1,7.68,7.17,12633,20.5,3.92,100550.0,4511.0,5635.0,929.0,686.0,0.21,0.12,2.64,614.0,2.1,2.53,107.9,2,107.9,121.0,83.9,57.1,133.7,104.2666666666667,18.814976304353063,100.05714285714285,28.850468346450015,2022-09-09,88.1,2022-09-11,66.9,2022-09-15,116.5,2022-09-23,153.8,2022-10-08,125.3,0,0,0,2
2022-09-09,2022,9,9,5613,15669,14845,96.2,96.0,7.15,7.27,23531,23.7,4.14,72300.0,4174.0,4932.0,533.0,551.0,0.13,0.11,2.63,460.0,2.62,3.34,88.1,2,88.1,107.9,121.0,83.9,136.8,105.66666666666669,16.563312873135224,93.10000000000001,23.97297089084545,2022-09-10,76.5,2022-09-12,91.9,2022-09-16,120.1,2022-09-24,148.2,2022-10-09,67.4,0,0,0,2
2022-09-10,2022,9,10,5223,14614,8072,96.2,95.8,7.0,7.14,0,30.7,,,4292.0,4876.0,468.0,514.0,0.11,0.11,2.77,668.0,2.71,,76.5,2,76.5,88.1,107.9,121.0,119.4,90.83333333333336,15.877447317921533,86.97142857142858,21.483227123014768,2022-09-11,66.9,2022-09-13,97.8,2022-09-17,131.6,2022-09-25,137.1,2022-10-10,104.8,0,0,0,2
2022-09-11,2022,9,11,6620,15633,8120,95.8,95.9,6.92,7.07,0,28.2,,,4671.0,5417.0,590.0,799.0,0.13,0.15,4.06,622.0,2.94,,66.9,2,66.9,76.5,88.1,107.9,74.3,77.16666666666669,10.615711626329139,85.91428571428571,22.374273066137476,2022-09-12,91.9,2022-09-14,109.5,2022-09-18,123.1,2022-09-26,141.1,2022-10-11,109.3,0,0,0,2
2022-09-12,2022,9,12,5166,13144,25638,96.1,96.3,7.08,7.23,25731,19.5,5.31,95000.0,4508.0,5407.0,495.0,621.0,0.11,0.11,2.8,201.0,2.95,3.11,91.9,2,91.9,66.9,76.5,88.1,57.1,78.43333333333335,12.611634839836558,90.88571428571429,18.421946022016378,2022-09-13,97.8,2022-09-15,116.5,2022-09-19,124.7,2022-09-27,141.6,2022-10-12,110.4,0,0,0,2
2022-09-13,2022,9,13,6212,11401,24302,96.0,95.7,7.08,7.24,21172,20.5,4.6,64450.0,4394.0,5284.0,538.0,580.0,0.12,0.11,2.81,275.0,2.8,4.12,97.8,2,97.8,91.9,66.9,76.5,83.9,85.53333333333336,16.404369336654675,92.87142857142858,18.29213986805182,2022-09-14,109.5,2022-09-16,120.1,2022-09-20,138.2,2022-09-28,141.7,2022-10-13,131.9,0,0,0,2
2022-09-14,2022,9,14,6136,12303,29812,95.8,96.1,7.05,7.26,24549,17.8,5.78,114500.0,4405.0,5161.0,600.0,613.0,0.14,0.12,3.26,717.0,2.66,2.89,109.5,2,109.5,97.8,91.9,66.9,121.0,99.73333333333335,8.957864328810206,91.22857142857143,15.673833213960057,2022-09-15,116.5,2022-09-17,131.6,2022-09-21,142.6,2022-09-29,143.5,2022-10-14,151.0,0,0,0,2
2022-09-15,2022,9,15,6076,11592,26107,95.7,95.8,7.13,7.26,21601,19.6,5.19,91550.0,4141.0,4594.0,640.0,621.0,0.15,0.14,3.77,524.0,2.85,3.67,116.5,2,116.5,109.5,97.8,91.9,107.9,107.93333333333335,9.447927462325639,92.45714285714287,17.43634682140099,2022-09-16,120.1,2022-09-18,123.1,2022-09-22,149.5,2022-09-30,157.4,2022-10-15,137.3,0,0,0,2
2022-09-16,2022,9,16,4842,12272,30590,96.0,96.2,7.13,7.22,29455,18.0,6.54,112100.0,4534.0,4750.0,552.0,545.0,0.12,0.11,3.32,477.0,,3.17,120.1,2,120.1,116.5,109.5,97.8,88.1,115.36666666666667,5.390114408188751,97.02857142857142,20.09566406680069,2022-09-17,131.6,2022-09-19,124.7,2022-09-23,153.8,2022-10-01,189.2,2022-10-16,149.3,0,0,0,2
2022-09-17,2022,9,17,4454,13907,17120,96.0,95.9,7.27,7.28,15258,24.2,,,3991.0,4720.0,1405.0,530.0,0.35,0.11,3.41,503.0,2.26,,131.6,2,131.6,120.1,116.5,109.5,76.5,122.73333333333335,7.886908984726577,104.89999999999999,21.459496732216035,2022-09-18,123.1,2022-09-20,138.2,2022-09-24,148.2,2022-10-02,166.4,2022-10-17,142.6,0,0,0,2
2022-09-18,2022,9,18,4534,15749,6823,95.7,96.1,7.06,7.25,0,31.7,,,5122.0,5322.0,1657.0,674.0,0.32,0.13,3.69,166.0,2.55,,123.1,2,123.1,131.6,120.1,116.5,66.9,124.93333333333335,5.96517672272665,112.92857142857143,14.136797643704144,2022-09-19,124.7,2022-09-21,142.6,2022-09-25,137.1,2022-10-03,149.6,2022-10-18,165.8,0,0,0,2
2022-09-19,2022,9,19,4400,16111,23001,95.9,95.8,7.44,7.32,22213,19.7,7.54,83950.0,5500.0,5494.0,1129.0,626.0,0.21,0.11,3.27,46.2,2.54,3.14,124.7,2,124.7,123.1,131.6,120.1,91.9,126.4666666666667,4.517004907387099,117.61428571428571,11.118817169019698,2022-09-20,138.2,2022-09-22,149.5,2022-09-26,141.1,2022-10-04,154.7,2022-10-19,166.0,0,0,0,2
2022-09-20,2022,9,20,4282,22699,35030,96.3,95.7,7.28,7.39,26664,13.8,9.42,141950.0,5237.0,5415.0,1493.0,660.0,0.29,0.12,3.97,265.0,1.98,3.74,138.2,2,138.2,124.7,123.1,131.6,97.8,128.66666666666669,8.29477747340808,123.38571428571427,9.484799869866578,2022-09-21,142.6,2022-09-23,153.8,2022-09-27,141.6,2022-10-05,146.0,2022-10-20,171.3,0,0,0,2
2022-09-21,2022,9,21,3878,18198,25347,95.9,96.3,7.04,7.36,23020,18.1,7.54,130900.0,4270.0,5628.0,2280.0,735.0,0.53,0.13,3.73,360.0,2.77,4.16,142.6,2,142.6,138.2,124.7,123.1,109.5,135.1666666666667,9.327557736800955,128.1142857142857,9.657713423550188,2022-09-22,149.5,2022-09-24,148.2,2022-09-28,141.7,2022-10-06,148.8,2022-10-21,170.0,0,0,0,2
2022-09-22,2022,9,22,4340,15813,31611,95.9,95.9,7.0,7.38,28144,16.6,6.14,120600.0,4163.0,5699.0,2471.0,729.0,0.59,0.13,3.56,300.0,0.59,3.77,149.5,2,149.5,142.6,138.2,124.7,116.5,143.43333333333337,5.695904961755595,132.82857142857142,11.003895414157098,2022-09-23,153.8,2022-09-25,137.1,2022-09-29,143.5,2022-10-07,140.8,2022-10-22,116.4,0,0,0,2
2022-09-23,2022,9,23,3634,16520,28452,96.4,96.4,6.9,7.46,24775,17.7,7.93,157250.0,3447.0,5200.0,2189.0,633.0,0.64,0.12,3.02,216.0,1.4,2.25,153.8,2,153.8,149.5,142.6,138.2,120.1,148.63333333333335,5.650073745832842,137.64285714285714,11.846639065272939,2022-09-24,148.2,2022-09-26,141.1,2022-09-30,157.4,2022-10-08,125.3,2022-10-23,89.1,0,0,0,2
2022-09-24,2022,9,24,3009,16975,11210,95.8,95.6,6.67,7.3,15086,27.5,,,2889.0,5154.0,2120.0,637.0,0.73,0.12,2.8,418.0,1.46,,148.2,2,148.2,153.8,149.5,142.6,131.6,150.5,2.930870177953176,140.0142857142857,12.094272552387034,2022-09-25,137.1,2022-09-27,141.6,2022-10-01,189.2,2022-10-09,67.4,2022-10-24,81.8,0,0,0,2
2022-09-25,2022,9,25,3495,17094,10896,95.8,95.9,7.04,7.29,0,27.3,,,3797.0,5259.0,1585.0,833.0,0.42,0.16,2.43,444.0,1.27,,137.1,2,137.1,148.2,153.8,149.5,123.1,146.36666666666667,8.499607834091574,142.0142857142857,9.764122860661324,2022-09-26,141.1,2022-09-28,141.7,2022-10-02,166.4,2022-10-10,104.8,2022-10-25,48.0,0,0,0,2
2022-09-26,2022,9,26,2725,17610,23174,96.0,95.6,7.09,7.33,22017,19.7,7.74,108650.0,3909.0,5055.0,930.0,632.0,0.24,0.13,3.24,217.0,1.26,3.3,141.1,2,141.1,137.1,148.2,153.8,124.7,142.13333333333335,5.621684207900064,144.35714285714286,6.253760773288162,2022-09-27,141.6,2022-09-29,143.5,2022-10-03,149.6,2022-10-11,109.3,2022-10-26,35.2,0,0,0,2
2022-09-27,2022,9,27,2787,17294,26329,96.1,96.1,6.87,7.28,21301,18.5,7.97,,3870.0,5560.0,1426.0,745.0,0.37,0.13,3.51,228.0,,3.59,141.6,2,141.6,141.1,137.1,148.2,138.2,139.93333333333334,2.466441431162338,144.84285714285713,5.812302223977267,2022-09-28,141.7,2022-09-30,157.4,2022-10-04,154.7,2022-10-12,110.4,2022-10-27,62.9,0,0,0,2
2022-09-28,2022,9,28,2271,16886,28276,96.1,96.4,6.79,7.28,27057,18.1,11.43,176550.0,3321.0,5024.0,1486.0,614.0,0.45,0.12,3.4,326.0,1.34,3.35,141.7,2,141.7,141.6,141.1,137.1,142.6,141.46666666666667,0.321455025397512,144.71428571428572,5.87974732207282,2022-09-29,143.5,2022-10-01,189.2,2022-10-05,146.0,2022-10-13,131.9,2022-10-28,92.2,0,0,0,2
2022-09-29,2022,9,29,2305,17652,29739,95.9,95.7,6.66,7.3,26379,17.3,9.57,172450.0,2956.0,5567.0,2188.0,792.0,0.74,0.14,3.51,503.0,1.32,3.75,143.5,2,143.5,141.7,141.6,141.1,149.5,142.26666666666668,1.0692676621655057,143.85714285714286,5.4902511001639045,2022-09-30,157.4,2022-10-02,166.4,2022-10-06,148.8,2022-10-14,151.0,2022-10-29,78.5,0,0,0,2
2022-09-30,2022,9,30,1537,15844,23711,96.4,96.1,6.5,7.33,23824,20.9,9.86,201450.0,2555.0,5399.0,2377.0,746.0,0.93,0.14,3.37,687.0,1.48,3.72,157.4,2,157.4,143.5,141.7,141.6,153.8,147.53333333333333,8.59205058954787,144.37142857142857,6.627647718890027,2022-10-01,189.2,2022-10-03,149.6,2022-10-07,140.8,2022-10-15,137.3,2022-10-30,69.2,0,0,0,2
2022-10-01,2022,10,1,1482,16172,15737,96.2,96.1,7.07,7.18,15182,25.7,,,3579.0,5067.0,1424.0,1350.0,0.4,0.27,3.26,588.0,1.68,,189.2,2,189.2,157.4,143.5,141.7,148.2,163.36666666666667,23.42697874958143,150.22857142857143,18.341002724834198,2022-10-02,166.4,2022-10-04,154.7,2022-10-08,125.3,2022-10-16,149.3,2022-10-31,84.0,0,0,0,2
2022-10-02,2022,10,2,2096,15184,8651,96.2,96.2,7.27,7.36,0,33.1,,,3570.0,4935.0,865.0,945.0,0.24,0.19,3.09,445.0,1.72,,166.4,2,166.4,189.2,157.4,143.5,137.1,171.0,16.39146119173034,154.41428571428574,18.188222248791213,2022-10-03,149.6,2022-10-05,146.0,2022-10-09,67.4,2022-10-17,142.6,2022-11-01,108.2,0,0,0,2
2022-10-03,2022,10,3,1409,16442,23787,95.9,95.8,7.11,7.27,23188,20.6,7.62,207750.0,3648.0,5069.0,591.0,742.0,0.16,0.15,3.21,193.0,1.69,3.42,149.6,2,149.6,166.4,189.2,157.4,141.1,168.4,19.875613198087844,155.62857142857143,17.418640808600504,2022-10-04,154.7,2022-10-06,148.8,2022-10-10,104.8,2022-10-18,165.8,2022-11-02,134.1,0,0,0,2
2022-10-04,2022,10,4,1351,16357,31409,96.0,96.1,7.26,7.15,24985,17.5,5.89,109750.0,4062.0,5217.0,548.0,1489.0,0.13,0.29,3.26,248.0,1.65,3.66,154.7,2,154.7,149.6,166.4,189.2,141.6,156.9,8.613361713060186,157.5,16.32993161855438,2022-10-05,146.0,2022-10-07,140.8,2022-10-11,109.3,2022-10-19,166.0,2022-11-03,148.5,0,0,0,2
2022-10-05,2022,10,5,1060,17752,23578,95.7,95.8,7.18,7.18,21554,20.2,7.31,79600.0,3837.0,5129.0,476.0,1530.0,0.12,0.3,3.12,526.0,1.83,2.5,146.0,2,146.0,154.7,149.6,166.4,141.7,150.10000000000002,4.371498598880634,158.1142857142857,15.705458559730882,2022-10-06,148.8,2022-10-08,125.3,2022-10-12,110.4,2022-10-20,171.3,2022-11-04,141.1,0,0,0,2
2022-10-06,2022,10,6,2146,18307,25496,95.9,96.0,7.01,7.17,18673,18.7,3.15,172550.0,3748.0,5487.0,507.0,1265.0,0.14,0.23,3.35,608.0,2.15,2.48,148.8,2,148.8,146.0,154.7,149.6,143.5,149.83333333333334,4.441095960835439,158.87142857142857,14.99518970489236,2022-10-07,140.8,2022-10-09,67.4,2022-10-13,131.9,2022-10-21,170.0,2022-11-05,105.1,0,0,0,2
2022-10-07,2022,10,7,1334,14639,15176,95.8,96.4,7.09,6.89,16989,27.5,6.17,168450.0,3357.0,4083.0,423.0,1856.0,0.13,0.45,3.21,478.0,1.9,3.46,140.8,2,140.8,148.8,146.0,154.7,157.4,145.20000000000005,4.059556626039219,156.5,16.503433986092976,2022-10-08,125.3,2022-10-10,104.8,2022-10-14,151.0,2022-10-22,116.4,2022-11-06,3.8,0,0,0,2
2022-10-08,2022,10,8,1417,16307,5045,95.7,96.2,6.82,7.02,0,37.7,,,3639.0,5256.0,480.0,1546.0,0.13,0.29,3.05,471.0,1.69,,125.3,2,125.3,140.8,148.8,146.0,189.2,138.30000000000004,11.94780314534952,147.3714285714286,12.616221606290939,2022-10-09,67.4,2022-10-11,109.3,2022-10-15,137.3,2022-10-23,89.1,2022-11-07,92.8,0,0,0,2
2022-10-09,2022,10,9,1435,15235,3800,95.9,96.2,6.65,6.84,0,41.9,,,3777.0,5890.0,513.0,831.0,0.14,0.14,3.04,577.0,2.33,,67.4,2,67.4,125.3,140.8,148.8,166.4,111.16666666666669,38.68725026844601,133.22857142857143,30.518339529191966,2022-10-10,104.8,2022-10-12,110.4,2022-10-16,149.3,2022-10-24,81.8,2022-11-08,134.0,0,0,0,2
2022-10-10,2022,10,10,1573,16606,19436,96.2,95.8,7.0,7.18,17928,22.8,6.83,141750.0,3868.0,5870.0,474.0,852.0,0.12,0.15,3.25,283.0,2.27,3.35,104.8,2,104.8,67.4,125.3,140.8,149.6,99.16666666666669,29.358190225785098,126.82857142857144,31.202708978853753,2022-10-11,109.3,2022-10-13,131.9,2022-10-17,142.6,2022-10-25,48.0,2022-11-09,178.0,0,0,0,2
2022-10-11,2022,10,11,1241,15678,22763,96.1,95.8,7.02,7.18,23604,21.6,6.97,127050.0,3380.0,4731.0,396.0,703.0,0.12,0.15,3.12,1280.0,2.38,3.29,109.3,2,109.3,104.8,67.4,125.3,154.7,93.83333333333336,23.002246267123287,120.34285714285714,29.090769277261302,2022-10-12,110.4,2022-10-14,151.0,2022-10-18,165.8,2022-10-26,35.2,2022-11-10,183.5,0,0,0,2
2022-10-12,2022,10,12,1637,15249,29821,96.0,96.0,6.8,7.27,25030,18.4,5.68,230350.0,3277.0,5288.0,844.0,708.0,0.26,0.13,2.63,1070.0,2.23,2.34,110.4,2,110.4,109.3,104.8,67.4,146.0,108.16666666666669,2.9670411748706607,115.25714285714285,26.88604700973195,2022-10-13,131.9,2022-10-15,137.3,2022-10-19,166.0,2022-10-27,62.9,2022-11-11,127.4,0,0,0,2
2022-10-13,2022,10,13,3574,13649,25321,96.0,95.6,6.5,6.49,24952,20.2,6.47,152800.0,2078.0,4650.0,1402.0,704.0,0.67,0.15,2.57,1150.0,2.88,2.37,131.9,2,131.9,110.4,109.3,104.8,148.8,117.20000000000003,12.742448744257853,112.84285714285716,23.97296095902318,2022-10-14,151.0,2022-10-16,149.3,2022-10-20,171.3,2022-10-28,92.2,2022-11-12,93.4,0,0,0,2
2022-10-14,2022,10,14,5401,15698,21878,95.9,96.1,6.8,7.06,28428,20.0,,,2488.0,4323.0,1216.0,811.0,0.49,0.19,2.54,804.0,3.61,2.12,151.0,2,151.0,131.9,110.4,109.3,140.8,131.10000000000002,20.31181921936164,114.29999999999998,26.16524412269055,2022-10-15,137.3,2022-10-17,142.6,2022-10-21,170.0,2022-10-29,78.5,2022-11-13,77.0,0,0,0,2
2022-10-15,2022,10,15,3844,15763,12475,95.9,96.2,6.88,6.98,0,26.7,,,2832.0,3950.0,970.0,909.0,0.34,0.23,2.35,901.0,3.4,,137.3,2,137.3,151.0,131.9,110.4,125.3,140.0666666666667,9.845980567386698,116.01428571428572,27.371361467260286,2022-10-16,149.3,2022-10-18,165.8,2022-10-22,116.4,2022-10-30,69.2,2022-11-14,75.4,0,0,0,2
2022-10-16,2022,10,16,5922,16041,12484,96.1,95.6,7.04,6.98,0,24.9,,,3277.0,4029.0,542.0,624.0,0.17,0.15,2.34,721.0,3.79,,149.3,2,149.3,137.3,151.0,131.9,67.4,145.8666666666667,7.4674850741968575,127.71428571428571,19.50003663000205,2022-10-17,142.6,2022-10-19,166.0,2022-10-23,89.1,2022-10-31,84.0,2022-11-15,72.7,0,0,0,2
2022-10-17,2022,10,17,7260,14951,17518,96.0,95.8,6.99,7.12,26264,21.6,6.83,184750.0,3418.0,3991.0,445.0,645.0,0.13,0.16,2.41,290.0,2.36,2.65,142.6,2,142.6,149.3,137.3,151.0,104.8,143.0666666666667,6.013595707507658,133.1142857142857,17.194517398619304,2022-10-18,165.8,2022-10-20,171.3,2022-10-24,81.8,2022-11-01,108.2,2022-11-16,113.6,0,0,0,2
2022-10-18,2022,10,18,5313,15498,20682,96.1,96.0,6.95,6.91,21094,20.7,11.69,320250.0,3375.0,3294.0,449.0,1082.0,0.13,0.33,2.46,470.0,1.85,3.83,165.8,2,165.8,142.6,149.3,137.3,109.3,152.5666666666667,11.939988833049613,141.18571428571428,17.412201523780837,2022-10-19,166.0,2022-10-21,170.0,2022-10-25,48.0,2022-11-02,134.1,2022-11-17,115.7,0,0,0,2
2022-10-19,2022,10,19,8126,15846,26415,96.1,96.2,6.6,7.16,22821,17.0,1.95,196100.0,2363.0,3519.0,997.0,626.0,0.42,0.18,2.41,830.0,1.2,3.35,166.0,2,166.0,165.8,142.6,149.3,110.4,158.13333333333335,13.452632951706754,149.12857142857143,13.200216448441598,2022-10-20,171.3,2022-10-22,116.4,2022-10-26,35.2,2022-11-03,148.5,2022-11-18,151.8,0,0,0,2
2022-10-20,2022,10,20,5876,15338,21698,95.9,95.7,6.43,7.07,17673,20.0,9.45,155000.0,1965.0,3542.0,1239.0,490.0,0.63,0.14,2.46,752.0,2.94,,171.3,2,171.3,166.0,165.8,142.6,131.9,167.70000000000002,3.119294792097644,154.75714285714284,13.028540100212727,2022-10-21,170.0,2022-10-23,89.1,2022-10-27,62.9,2022-11-04,141.1,2022-11-19,95.3,0,0,0,2
2022-10-21,2022,10,21,6863,17777,22252,95.8,96.2,6.83,6.97,23317,18.3,7.42,130750.0,2756.0,3542.0,779.0,715.0,0.28,0.2,2.6,666.0,,,170.0,2,170.0,171.3,166.0,165.8,151.0,169.10000000000002,2.7622454633878517,157.47142857142856,14.054146990089487,2022-10-22,116.4,2022-10-24,81.8,2022-10-28,92.2,2022-11-05,105.1,2022-11-20,83.8,0,0,0,2
2022-10-22,2022,10,22,7900,16047,25393,95.8,96.5,7.09,7.13,0,17.4,,,3294.0,3568.0,453.0,565.0,0.14,0.16,2.45,534.0,3.2,,116.4,2,116.4,170.0,171.3,166.0,137.3,152.5666666666667,31.327995999319015,154.4857142857143,20.011199245374804,2022-10-23,89.1,2022-10-25,48.0,2022-10-29,78.5,2022-11-06,3.8,2022-11-21,98.8,0,0,0,2
2022-10-23,2022,10,23,7424,16215,11671,95.8,95.8,7.1,7.15,0,24.3,,,3890.0,4212.0,713.0,528.0,0.18,0.13,2.43,707.0,3.1,,89.1,2,89.1,116.4,170.0,171.3,149.3,125.1666666666667,41.15632798651213,145.8857142857143,31.972302000920884,2022-10-24,81.8,2022-10-26,35.2,2022-10-30,69.2,2022-11-07,92.8,2022-11-22,131.8,0,0,0,2
2022-10-24,2022,10,24,7470,20305,7225,96.3,96.2,6.96,7.03,6273,24.5,,,3990.0,4205.0,564.0,666.0,0.14,0.16,2.75,540.0,2.93,2.38,81.8,2,81.8,89.1,116.4,170.0,142.6,95.7666666666667,18.23796406766325,137.20000000000002,40.210819439548786,2022-10-25,48.0,2022-10-27,62.9,2022-10-31,84.0,2022-11-08,134.0,2022-11-23,142.7,0,0,0,2
2022-10-25,2022,10,25,2632,5391,0,96.2,96.0,7.03,7.06,0,106.9,,,4018.0,4309.0,604.0,552.0,0.15,0.13,2.65,604.0,,3.15,48.0,2,48.0,81.8,89.1,116.4,165.8,72.96666666666668,21.927684176250494,120.37142857142858,49.76232558491455,2022-10-26,35.2,2022-10-28,92.2,2022-11-01,108.2,2022-11-09,178.0,2022-11-24,98.2,0,0,0,2
2022-10-26,2022,10,26,6825,8381,5369,96.3,96.1,7.09,7.13,4100,41.7,,,3760.0,3843.0,496.0,546.0,0.13,0.14,2.57,669.0,,,35.2,2,35.2,48.0,81.8,89.1,166.0,55.00000000000002,24.075713904265882,101.68571428571428,54.13847764672326,2022-10-27,62.9,2022-10-29,78.5,2022-11-02,134.1,2022-11-10,183.5,2022-11-25,78.6,0,0,0,2
2022-10-27,2022,10,27,14251,22202,9813,96.4,95.7,7.05,7.05,21721,18.5,,,3566.0,3859.0,491.0,628.0,0.14,0.16,2.59,770.0,2.79,2.9,62.9,2,62.9,35.2,48.0,81.8,171.3,48.70000000000002,13.86326079968434,86.2,45.76275778403211,2022-10-28,92.2,2022-10-30,69.2,2022-11-03,148.5,2022-11-11,127.4,2022-11-26,66.9,0,0,0,2
2022-10-28,2022,10,28,14430,23716,13021,96.2,95.7,7.01,7.01,16424,16.8,3.59,55400.0,3570.0,3495.0,515.0,567.0,0.14,0.16,2.33,550.0,2.78,3.38,92.2,2,92.2,62.9,35.2,48.0,170.0,63.43333333333336,28.503742444342127,75.08571428571429,28.030485105293607,2022-10-29,78.5,2022-10-31,84.0,2022-11-04,141.1,2022-11-12,93.4,2022-11-27,45.5,0,0,0,2
2022-10-29,2022,10,29,16449,16273,8112,96.0,96.3,7.0,6.99,0,21.0,,,3617.0,3710.0,511.0,596.0,0.14,0.16,2.3,649.0,2.81,,78.5,2,78.5,92.2,62.9,35.2,116.4,77.86666666666669,14.660263753881921,69.67142857142856,21.655770153757455,2022-10-30,69.2,2022-11-01,108.2,2022-11-05,105.1,2022-11-13,77.0,2022-11-28,74.6,0,0,0,2
2022-10-30,2022,10,30,16255,16589,8080,96.2,96.3,6.92,7.0,0,21.0,,,3641.0,3766.0,800.0,642.0,0.22,0.17,2.21,443.0,2.81,,69.2,2,69.2,78.5,92.2,62.9,89.1,79.9666666666667,11.569932295972306,66.82857142857144,19.916552101682633,2022-10-31,84.0,2022-11-02,134.1,2022-11-06,3.8,2022-11-14,75.4,2022-11-29,77.5,0,0,0,2
2022-10-31,2022,10,31,16035,19022,15631,96.1,96.0,7.06,7.06,15742,16.9,4.48,76900.0,3613.0,3689.0,527.0,553.0,0.15,0.15,2.41,326.0,2.78,,84.0,2,84.0,69.2,78.5,92.2,81.8,77.23333333333335,7.480864477677988,67.14285714285714,20.20741259561736,2022-11-01,108.2,2022-11-03,148.5,2022-11-07,92.8,2022-11-15,72.7,2022-11-30,50.9,0,0,0,2
2022-11-01,2022,11,1,17093,20953,23516,95.8,95.7,7.08,7.1,20512,13.9,5.58,228350.0,3639.0,3683.0,596.0,546.0,0.16,0.15,2.47,843.0,2.79,2.62,108.2,2,108.2,84.0,69.2,78.5,48.0,87.13333333333337,19.687898144123448,75.74285714285715,23.279308204415823,2022-11-02,134.1,2022-11-04,141.1,2022-11-08,134.0,2022-11-16,113.6,2022-12-01,67.1,0,0,0,2
2022-11-02,2022,11,2,16139,19969,26134,95.8,96.0,7.02,7.1,19038,13.8,5.57,,4213.0,4315.0,734.0,709.0,0.17,0.16,2.42,665.0,2.88,3.15,134.1,2,134.1,108.2,84.0,69.2,35.2,108.7666666666667,25.054806591418114,89.87142857142855,24.54952235011996,2022-11-03,148.5,2022-11-05,105.1,2022-11-09,178.0,2022-11-17,115.7,2022-12-02,110.9,0,0,0,2
2022-11-03,2022,11,3,16719,20668,20599,96.2,95.7,7.11,7.08,14460,14.8,6.94,,3920.0,3855.0,584.0,631.0,0.15,0.16,2.49,556.0,2.86,2.99,148.5,2,148.5,134.1,108.2,84.0,62.9,130.26666666666668,20.421638850331217,102.10000000000001,29.66243415500475,2022-11-04,141.1,2022-11-06,3.8,2022-11-10,183.5,2022-11-18,151.8,2022-12-03,111.6,0,0,0,2
2022-11-04,2022,11,4,18385,20128,22765,96.4,95.7,7.11,7.1,21019,14.0,5.33,,4312.0,4434.0,709.0,708.0,0.16,0.16,3.71,705.0,,3.22,141.1,2,141.1,148.5,134.1,108.2,92.2,141.23333333333335,7.200925866397419,109.08571428571427,32.559045265047644,2022-11-05,105.1,2022-11-07,92.8,2022-11-11,127.4,2022-11-19,95.3,2022-12-04,103.5,0,0,0,2
2022-11-05,2022,11,5,18445,12796,10828,95.9,96.2,7.12,7.14,0,20.4,,,4411.0,4439.0,723.0,674.0,0.16,0.15,3.27,599.0,2.88,,105.1,2,105.1,141.1,148.5,134.1,78.5,131.5666666666667,23.217522118722258,112.88571428571427,29.832500653449888,2022-11-06,3.8,2022-11-08,134.0,2022-11-12,93.4,2022-11-20,83.8,2022-12-05,106.0,0,0,0,2
2022-11-06,2022,11,6,653,799,6823,95.9,95.7,7.12,7.11,0,103.7,,,3960.0,3905.0,745.0,769.0,0.19,0.2,2.88,361.0,2.88,,3.8,2,3.8,105.1,141.1,148.5,69.2,83.33333333333336,71.19103407967457,103.54285714285713,49.53129842644463,2022-11-07,92.8,2022-11-09,178.0,2022-11-13,77.0,2022-11-21,98.8,2022-12-06,135.4,0,0,0,2
2022-11-07,2022,11,7,13894,21806,14776,96.2,95.9,7.19,7.12,14918,17.0,5.13,,4111.0,3855.0,571.0,591.0,0.14,0.15,2.48,212.0,2.88,3.68,92.8,2,92.8,3.8,105.1,141.1,84.0,67.23333333333335,55.27805471734145,104.8,49.06206953102018,2022-11-08,134.0,2022-11-10,183.5,2022-11-14,75.4,2022-11-22,131.8,2022-12-07,198.1,0,0,0,2
2022-11-08,2022,11,8,14190,22226,14338,96.2,95.9,7.02,7.01,21419,16.9,9.45,427100.0,3845.0,3640.0,562.0,552.0,0.15,0.15,2.64,282.0,2.97,2.62,134.0,2,134.0,92.8,3.8,105.1,108.2,76.86666666666669,66.5463247169473,108.48571428571428,50.313200009918745,2022-11-09,178.0,2022-11-11,127.4,2022-11-15,72.7,2022-11-23,142.7,2022-12-08,216.9,0,0,0,2
2022-11-09,2022,11,9,12843,18058,32744,96.4,95.9,7.11,7.09,28540,13.5,7.27,154850.0,4162.0,3981.0,611.0,737.0,0.15,0.19,2.55,358.0,2.92,3.28,178.0,2,178.0,134.0,92.8,3.8,134.1,134.93333333333337,42.60766754157465,114.75714285714285,56.40528512893258,2022-11-10,183.5,2022-11-12,93.4,2022-11-16,113.6,2022-11-24,98.2,2022-12-09,211.9,0,0,0,2
2022-11-10,2022,11,10,12398,16562,14622,96.0,96.1,7.05,7.01,10746,19.7,6.88,,3763.0,3871.0,680.0,787.0,0.18,0.2,2.79,542.0,2.94,3.11,183.5,2,183.5,178.0,134.0,92.8,148.5,165.1666666666667,27.130855742739385,119.75714285714285,61.23906316349762,2022-11-11,127.4,2022-11-13,77.0,2022-11-17,115.7,2022-11-25,78.6,2022-12-10,173.6,0,0,0,2
2022-11-11,2022,11,11,12454,16562,3782,96.1,96.3,7.19,7.1,7931,26.2,,,3524.0,3430.0,567.0,551.0,0.16,0.16,2.79,555.0,3.1,,127.4,2,127.4,183.5,178.0,134.0,141.1,162.9666666666667,30.924154528997818,117.8,60.65945927882966,2022-11-12,93.4,2022-11-14,75.4,2022-11-18,151.8,2022-11-26,66.9,2022-12-11,143.8,0,0,0,2
2022-11-12,2022,11,12,10641,16562,3780,95.8,96.2,7.17,7.07,0,27.7,,,4248.0,4136.0,674.0,663.0,0.16,0.16,2.79,568.0,2.89,,93.4,2,93.4,127.4,183.5,178.0,105.1,134.76666666666668,45.49948717659744,116.12857142857142,61.22626653884514,2022-11-13,77.0,2022-11-15,72.7,2022-11-19,95.3,2022-11-27,45.5,2022-12-12,111.3,0,0,0,2
2022-11-13,2022,11,13,9340,16562,3778,96.2,96.0,7.1,7.07,0,28.9,,,3585.0,3678.0,662.0,674.0,0.18,0.18,2.79,845.0,3.5,,77.0,2,77.0,93.4,127.4,183.5,3.8,99.2666666666667,25.707067770038986,126.58571428571429,42.11058570681988,2022-11-14,75.4,2022-11-16,113.6,2022-11-20,83.8,2022-11-28,74.6,2022-12-13,118.4,0,0,0,2
2022-11-14,2022,11,14,10093,16020,5955,96.3,95.7,7.0,7.04,6050,26.8,7.2,,3602.0,3472.0,587.0,594.0,0.16,0.17,2.45,310.0,3.6,2.22,75.4,2,75.4,77.0,93.4,127.4,92.8,81.93333333333335,9.962596716388154,124.10000000000001,44.8610075678199,2022-11-15,72.7,2022-11-17,115.7,2022-11-21,98.8,2022-11-29,77.5,2022-12-14,146.7,0,0,0,2
2022-11-15,2022,11,15,6957,10517,6576,96.0,96.0,7.07,7.07,4780,35.7,1.66,,4285.0,4259.0,703.0,699.0,0.16,0.16,2.67,762.0,,,72.7,2,72.7,75.4,77.0,93.4,134.0,75.03333333333336,2.17332310837401,115.34285714285714,48.44618516604636,2022-11-16,113.6,2022-11-18,151.8,2022-11-22,131.8,2022-11-30,50.9,2022-12-15,120.2,0,0,0,2
2022-11-16,2022,11,16,12667,16996,12223,96.3,96.4,7.5,7.04,9853,20.5,7.23,,3664.0,3700.0,594.0,629.0,0.16,0.17,2.27,1520.0,3.46,2.4,113.6,2,113.6,72.7,75.4,77.0,178.0,87.23333333333335,22.874075573307525,106.14285714285714,39.930850944386975,2022-11-17,115.7,2022-11-19,95.3,2022-11-23,142.7,2022-12-01,67.1,2022-12-16,114.1,0,0,0,2
2022-11-17,2022,11,17,15351,17195,12114,96.1,96.2,6.97,7.02,13858,19.2,6.47,214675.0,3542.0,3624.0,624.0,638.0,0.18,0.18,2.63,1380.0,3.92,1.84,115.7,2,115.7,113.6,72.7,75.4,183.5,100.66666666666669,24.242593370623013,96.45714285714287,22.425272732853216,2022-11-18,151.8,2022-11-20,83.8,2022-11-24,98.2,2022-12-02,110.9,2022-12-17,86.2,0,0,0,2
2022-11-18,2022,11,18,14039,18297,18222,96.3,96.0,7.55,7.07,17225,17.0,7.59,266950.0,3736.0,3623.0,643.0,663.0,0.17,0.18,2.51,1010.0,3.92,1.73,151.8,2,151.8,115.7,113.6,72.7,127.4,127.03333333333336,21.474248143610446,99.94285714285715,28.976073873850652,2022-11-19,95.3,2022-11-21,98.8,2022-11-25,78.6,2022-12-03,111.6,2022-12-18,74.2,0,0,0,2
2022-11-19,2022,11,19,11231,16713,3784,95.6,95.6,6.97,6.9,0,27.0,,,4108.0,3901.0,791.0,726.0,0.19,0.19,2.46,542.0,3.57,,95.3,2,95.3,151.8,115.7,113.6,93.4,120.93333333333335,28.6112448756317,100.21428571428571,28.913401078129066,2022-11-20,83.8,2022-11-22,131.8,2022-11-26,66.9,2022-12-04,103.5,2022-12-19,92.0,0,0,0,2
2022-11-20,2022,11,20,13435,16386,3792,95.9,95.9,6.93,6.84,0,25.5,,,3669.0,3583.0,682.0,694.0,0.19,0.19,2.45,910.0,3.56,,83.8,2,83.8,95.3,151.8,115.7,77.0,110.30000000000003,36.39711527030728,101.1857142857143,28.10643037760971,2022-11-21,98.8,2022-11-23,142.7,2022-11-27,45.5,2022-12-05,106.0,2022-12-20,131.1,0,0,0,2
2022-11-21,2022,11,21,14154,15331,12989,95.8,95.8,7.06,6.98,20574,20.2,6.66,140500.0,3736.0,3685.0,625.0,670.0,0.17,0.18,2.52,296.0,3.27,3.13,98.8,2,98.8,83.8,95.3,151.8,75.4,92.63333333333334,7.847504911332068,104.52857142857144,25.82761534260776,2022-11-22,131.8,2022-11-24,98.2,2022-11-28,74.6,2022-12-06,135.4,2022-12-21,202.1,0,0,0,2
2022-11-22,2022,11,22,14340,18511,21863,95.9,96.0,7.03,6.99,20455,15.7,6.43,,3678.0,3586.0,640.0,687.0,0.17,0.19,2.48,789.0,,3.44,131.8,2,131.8,98.8,83.8,95.3,72.7,104.80000000000001,24.556058315618152,112.97142857142856,23.216711961122062,2022-11-23,142.7,2022-11-25,78.6,2022-11-29,77.5,2022-12-07,198.1,2022-12-22,197.7,0,0,0,2
2022-11-23,2022,11,23,14956,21265,18242,96.0,96.2,7.04,7.0,19444,15.8,5.54,,4229.0,4115.0,777.0,804.0,0.18,0.2,2.64,1190.0,2.97,3.35,142.7,2,142.7,131.8,98.8,83.8,113.6,124.43333333333335,22.858331814315726,117.12857142857142,25.808636428252232,2022-11-24,98.2,2022-11-26,66.9,2022-11-30,50.9,2022-12-08,216.9,2022-12-23,123.1,0,0,0,2
2022-11-24,2022,11,24,14098,21822,8114,96.1,96.2,6.9,6.87,0,19.5,,,3769.0,3487.0,736.0,686.0,0.2,0.2,2.33,821.0,3.12,,98.2,2,98.2,142.7,131.8,98.8,115.7,124.23333333333335,23.194898864477903,114.62857142857145,26.79867622885581,2022-11-25,78.6,2022-11-27,45.5,2022-12-01,67.1,2022-12-09,211.9,2022-12-24,87.1,0,0,0,2
2022-11-25,2022,11,25,13493,22904,8122,95.8,94.5,6.89,6.79,4529,19.3,,,3640.0,3341.0,632.0,610.0,0.17,0.18,2.23,221.0,2.91,,78.6,2,78.6,98.2,142.7,131.8,151.8,106.5,32.84615654837011,104.17142857142856,24.01351801837959,2022-11-26,66.9,2022-11-28,74.6,2022-12-02,110.9,2022-12-10,173.6,2022-12-25,57.1,0,0,0,2
2022-11-26,2022,11,26,11770,23525,5295,96.0,95.9,7.11,7.09,0,21.1,,,3956.0,3678.0,645.0,654.0,0.16,0.18,2.25,166.0,,,66.9,2,66.9,78.6,98.2,142.7,95.3,81.23333333333335,15.815287962392166,100.11428571428573,27.85416956049409,2022-11-27,45.5,2022-11-29,77.5,2022-12-03,111.6,2022-12-11,143.8,2022-12-26,43.5,0,0,0,2
2022-11-27,2022,11,27,11462,23616,1085,95.7,95.6,7.07,7.05,0,23.7,,,3770.0,3341.0,674.0,630.0,0.18,0.19,2.29,140.0,2.73,,45.5,2,45.5,66.9,78.6,98.2,83.8,63.666666666666686,16.78521174526546,94.64285714285714,34.54981221091538,2022-11-28,74.6,2022-11-30,50.9,2022-12-04,103.5,2022-12-12,111.3,2022-12-27,111.8,0,0,0,2
2022-11-28,2022,11,28,10934,27738,13500,95.8,96.0,7.08,7.03,21664,16.4,,126600.0,3856.0,3364.0,603.0,558.0,0.16,0.17,2.44,202.0,2.7,0.33,74.6,2,74.6,45.5,66.9,78.6,98.8,62.33333333333334,15.077908785153147,91.18571428571428,35.267805364639415,2022-11-29,77.5,2022-12-01,67.1,2022-12-05,106.0,2022-12-13,118.4,2022-12-28,220.2,0,0,0,2
2022-11-29,2022,11,29,10214,29311,24201,96.3,95.8,7.03,6.97,20330,13.5,7.5,298300.0,3689.0,3085.0,658.0,538.0,0.18,0.17,2.49,548.0,2.71,2.16,77.5,2,77.5,74.6,45.5,66.9,131.8,65.86666666666667,17.69755161974097,83.42857142857143,30.494464759237438,2022-11-30,50.9,2022-12-02,110.9,2022-12-06,135.4,2022-12-14,146.7,2022-12-29,229.3,0,0,0,2
2022-11-30,2022,11,30,10015,34832,16617,95.9,95.7,7.04,6.96,15698,14.0,5.84,89650.0,4254.0,3646.0,762.0,665.0,0.18,0.18,2.56,577.0,2.68,3.5,50.9,2,50.9,77.5,74.6,45.5,142.7,67.66666666666667,14.592578022179463,70.31428571428572,17.8912854551619,2022-12-01,67.1,2022-12-03,111.6,2022-12-07,198.1,2022-12-15,120.2,2022-12-30,200.9,0,0,0,2
2022-12-01,2022,12,1,11231,25091,10925,95.9,96.2,7.03,6.92,7290,18.2,3.95,96575.0,3634.0,3026.0,610.0,544.0,0.17,0.18,2.49,880.0,2.76,2.79,67.1,2,67.1,50.9,77.5,74.6,98.2,65.16666666666667,13.404974201146254,65.87142857142858,13.007269030009326,2022-12-02,110.9,2022-12-04,103.5,2022-12-08,216.9,2022-12-16,114.1,2022-12-31,112.9,0,0,0,2
2022-12-02,2022,12,2,9339,19284,27877,96.0,96.1,7.02,6.69,20754,15.2,5.93,,3653.0,3049.0,625.0,549.0,0.17,0.18,2.52,925.0,2.62,1.93,110.9,2,110.9,67.1,50.9,77.5,78.6,76.30000000000001,31.039974226794335,70.48571428571428,21.33716855406908,2022-12-03,111.6,2022-12-05,106.0,2022-12-09,211.9,2022-12-17,86.2,2023-01-01,80.3,0,0,0,2
2022-12-03,2022,12,3,9777,16830,11859,96.0,95.8,7.07,6.94,7565,22.3,,,3548.0,2919.0,600.0,663.0,0.17,0.23,2.33,1060.0,2.97,,111.6,2,111.6,110.9,67.1,50.9,66.9,96.53333333333335,25.492417173217945,76.87142857142858,26.216198191557844,2022-12-04,103.5,2022-12-06,135.4,2022-12-10,173.6,2022-12-18,74.2,2023-01-02,78.9,0,0,0,2
2022-12-04,2022,12,4,9156,17318,8065,95.7,95.7,7.09,6.97,0,24.8,,,3569.0,2966.0,715.0,612.0,0.2,0.21,2.34,832.0,2.93,,103.5,2,103.5,111.6,110.9,67.1,45.5,108.66666666666667,4.488132499533543,85.15714285714286,23.692745524235573,2022-12-05,106.0,2022-12-07,198.1,2022-12-11,143.8,2022-12-19,92.0,2023-01-03,146.7,0,0,0,2
2022-12-05,2022,12,5,10142,18527,7940,96.1,95.9,7.1,6.98,11630,23.4,7.68,132900.0,3337.0,2842.0,596.0,545.0,0.18,0.19,2.33,199.0,3.7,2.68,106.0,2,106.0,103.5,111.6,110.9,74.6,107.03333333333335,4.1476901202199485,89.64285714285714,24.32487458980043,2022-12-06,135.4,2022-12-08,216.9,2022-12-12,111.3,2022-12-20,131.1,2023-01-04,187.1,0,0,0,2
2022-12-06,2022,12,6,11693,17940,21945,96.1,96.0,7.07,6.97,22674,16.6,6.28,131900.0,3460.0,2868.0,626.0,545.0,0.18,0.19,2.43,776.0,3.19,2.85,135.4,2,135.4,106.0,103.5,111.6,77.5,114.96666666666668,17.739879744050285,97.91428571428571,28.918127450408875,2022-12-07,198.1,2022-12-09,211.9,2022-12-13,118.4,2022-12-21,202.1,2023-01-05,146.1,0,0,0,2
2022-12-07,2022,12,7,11668,17955,31249,96.1,95.6,7.01,6.9,22216,14.1,7.77,185500.0,3353.0,2899.0,645.0,630.0,0.19,0.22,2.51,1110.0,3.22,2.64,198.1,2,198.1,135.4,106.0,103.5,50.9,146.5,47.04264023202793,118.94285714285715,40.30917418912874,2022-12-08,216.9,2022-12-10,173.6,2022-12-14,146.7,2022-12-22,197.7,2023-01-06,107.9,0,0,0,2
2022-12-08,2022,12,8,13231,17246,21489,96.1,96.3,7.02,6.84,17665,16.5,1.59,258600.0,3208.0,2587.0,773.0,840.0,0.24,0.32,2.59,927.0,3.25,3.13,216.9,2,216.9,198.1,135.4,106.0,67.1,183.4666666666667,42.67509031429605,140.34285714285713,47.348314195363486,2022-12-09,211.9,2022-12-11,143.8,2022-12-15,120.2,2022-12-23,123.1,2023-01-07,78.5,0,0,0,2
2022-12-09,2022,12,9,14399,17378,19151,96.2,96.3,7.01,6.88,23009,16.8,9.13,219000.0,3114.0,2798.0,688.0,684.0,0.22,0.24,3.12,594.0,3.13,3.94,211.9,2,211.9,216.9,198.1,135.4,110.9,208.9666666666667,9.737213838327168,154.77142857142857,52.037541393552786,2022-12-10,173.6,2022-12-12,111.3,2022-12-16,114.1,2022-12-24,87.1,2023-01-08,76.2,0,0,0,2
2022-12-10,2022,12,10,13128,16558,8102,96.0,95.9,6.81,6.72,0,22.7,,,3094.0,2649.0,607.0,592.0,0.2,0.22,2.47,620.0,3.5,,173.6,2,173.6,211.9,216.9,198.1,111.6,200.80000000000004,23.688182707839413,163.62857142857143,48.62961081089437,2022-12-11,143.8,2022-12-13,118.4,2022-12-17,86.2,2022-12-25,57.1,2023-01-09,113.7,0,0,0,2
2022-12-11,2022,12,11,12625,17763,8105,95.8,96.0,7.04,7.01,0,22.3,,,3176.0,2734.0,709.0,665.0,0.22,0.24,2.28,781.0,2.99,,143.8,2,143.8,173.6,211.9,216.9,103.5,176.43333333333337,34.1382971651096,169.3857142857143,42.29804678593055,2022-12-12,111.3,2022-12-14,146.7,2022-12-18,74.2,2022-12-26,43.5,2023-01-10,144.1,0,0,0,2
2022-12-12,2022,12,12,11232,20366,12273,96.1,96.2,6.99,6.89,21380,19.6,5.99,,3268.0,3006.0,661.0,633.0,0.2,0.21,2.45,344.0,2.88,3.36,111.3,2,111.3,143.8,173.6,211.9,106.0,142.9,31.159749678070536,170.14285714285714,41.001904717661574,2022-12-13,118.4,2022-12-15,120.2,2022-12-19,92.0,2022-12-27,111.8,2023-01-11,136.5,0,0,0,2
2022-12-13,2022,12,13,11983,17526,23823,95.9,95.7,6.97,6.88,19248,16.1,5.41,,3266.0,2850.0,596.0,568.0,0.18,0.2,3.02,464.0,2.91,3.81,118.4,2,118.4,111.3,143.8,173.6,135.4,124.50000000000001,17.08712965948431,167.71428571428572,43.810022771485784,2022-12-14,146.7,2022-12-16,114.1,2022-12-20,131.1,2022-12-28,220.2,2023-01-12,70.9,0,0,0,2
2022-12-14,2022,12,14,11906,16096,28848,95.8,95.9,6.94,6.77,19480,15.1,6.58,,3118.0,2783.0,621.0,591.0,0.2,0.21,3.02,430.0,2.84,4.51,146.7,2,146.7,118.4,111.3,143.8,198.1,125.46666666666668,18.728142815916396,160.37142857142857,42.14418561263685,2022-12-15,120.2,2022-12-17,86.2,2022-12-21,202.1,2022-12-29,229.3,2023-01-13,95.7,0,0,0,2
2022-12-15,2022,12,15,10956,15776,16829,95.8,95.6,6.91,6.85,14424,19.7,5.27,,3057.0,2817.0,595.0,571.0,0.19,0.2,2.68,704.0,2.9,4.13,120.2,2,120.2,146.7,118.4,111.3,216.9,128.43333333333334,15.844978173962847,146.55714285714288,35.914753567434204,2022-12-16,114.1,2022-12-18,74.2,2022-12-22,197.7,2022-12-30,200.9,2023-01-14,92.9,0,0,0,2
2022-12-16,2022,12,16,10724,17473,17347,95.8,96.1,7.0,6.91,17863,18.8,5.85,,3097.0,2786.0,596.0,570.0,0.19,0.2,2.67,975.0,2.79,2.87,114.1,2,114.1,120.2,146.7,118.4,211.9,127.00000000000001,17.331185764396697,132.5857142857143,22.936828360479506,2022-12-17,86.2,2022-12-19,92.0,2022-12-23,123.1,2022-12-31,112.9,2023-01-15,74.5,0,0,0,2
2022-12-17,2022,12,17,11398,17061,8180,95.7,96.2,7.09,6.97,0,23.4,,,3183.0,3153.0,592.0,630.0,0.19,0.2,3.15,962.0,2.95,,86.2,2,86.2,114.1,120.2,146.7,173.6,106.83333333333336,18.12741937875804,120.10000000000001,20.553993934675255,2022-12-18,74.2,2022-12-20,131.1,2022-12-24,87.1,2023-01-01,80.3,2023-01-16,97.0,0,0,0,2
2022-12-18,2022,12,18,12014,16353,8191,96.0,95.9,7.02,6.99,0,23.5,,,3205.0,3056.0,682.0,630.0,0.21,0.21,3.15,811.0,3.11,,74.2,2,74.2,86.2,114.1,120.2,143.8,91.50000000000001,20.47119928094221,110.15714285714286,23.762355182294602,2022-12-19,92.0,2022-12-21,202.1,2022-12-25,57.1,2023-01-02,78.9,2023-01-17,149.8,0,0,0,2
2022-12-19,2022,12,19,11546,16040,18720,96.2,95.6,7.04,6.93,24673,18.5,5.98,116250.0,3282.0,3014.0,567.0,595.0,0.17,0.2,3.25,203.0,3.6,2.25,92.0,2,92.0,74.2,86.2,114.1,111.3,84.13333333333334,9.078178965706012,107.39999999999999,24.70850056154762,2022-12-20,131.1,2022-12-22,197.7,2022-12-26,43.5,2023-01-03,146.7,2023-01-18,151.3,0,0,0,2
2022-12-20,2022,12,20,11312,16583,19217,96.3,96.3,6.97,7.02,17690,18.2,7.18,,3215.0,3161.0,627.0,618.0,0.2,0.2,3.3,391.0,2.91,2.41,131.1,2,131.1,92.0,74.2,86.2,118.4,99.10000000000002,29.106872040809254,109.21428571428571,26.07907389533022,2022-12-21,202.1,2022-12-23,123.1,2022-12-27,111.8,2023-01-04,187.1,2023-01-19,161.7,0,0,0,2
2022-12-21,2022,12,21,14868,14273,24264,96.3,95.8,7.01,6.91,19316,16.1,1.68,,3192.0,3285.0,661.0,773.0,0.21,0.24,3.33,817.0,2.99,2.89,202.1,2,202.1,131.1,92.0,74.2,146.7,141.73333333333335,55.81490243056373,117.12857142857142,42.55356288591725,2022-12-22,197.7,2022-12-24,87.1,2022-12-28,220.2,2023-01-05,146.1,2023-01-20,148.8,0,0,0,2
2022-12-22,2022,12,22,11580,14375,10579,96.0,95.8,7.02,6.98,7201,23.5,9.19,,3210.0,2862.0,766.0,812.0,0.24,0.28,3.3,783.0,3.11,2.58,197.7,2,197.7,202.1,131.1,92.0,120.2,176.9666666666667,39.78257575036245,128.2,52.42315010247542,2022-12-23,123.1,2022-12-25,57.1,2022-12-29,229.3,2023-01-06,107.9,2023-01-21,157.3,0,0,0,2
2022-12-23,2022,12,23,12457,14280,3122,95.9,96.2,7.06,6.96,2452,28.7,,,3160.0,2911.0,670.0,642.0,0.21,0.22,3.13,580.0,3.21,,123.1,2,123.1,197.7,202.1,131.1,114.1,174.30000000000004,44.39504476853239,129.4857142857143,52.12924414604625,2022-12-24,87.1,2022-12-26,43.5,2022-12-30,200.9,2023-01-07,78.5,2023-01-22,154.3,0,0,0,2
2022-12-24,2022,12,24,11715,14857,1969,96.1,95.8,6.97,6.9,0,30.1,,,3240.0,2974.0,641.0,650.0,0.2,0.22,3.14,246.0,3.2,,87.1,2,87.1,123.1,197.7,202.1,86.2,135.96666666666667,56.411464555827244,129.61428571428573,52.00565445447348,2022-12-25,57.1,2022-12-27,111.8,2022-12-31,112.9,2023-01-08,76.2,2023-01-23,167.1,0,0,0,2
2022-12-25,2022,12,25,11180,15729,587,96.2,95.7,6.99,6.94,0,31.2,,,3281.0,3233.0,690.0,643.0,0.21,0.2,2.96,138.0,3.23,,57.1,2,57.1,87.1,123.1,197.7,74.2,89.10000000000002,33.04542328371736,127.17142857142858,55.33735068606359,2022-12-26,43.5,2022-12-28,220.2,2023-01-01,80.3,2023-01-09,113.7,2023-01-24,191.7,0,0,0,2
2022-12-26,2022,12,26,10262,15969,0,96.3,95.8,7.06,6.98,4828,32.7,,,3656.0,3336.0,637.0,588.0,0.17,0.18,3.03,142.0,3.1,,43.5,2,43.5,57.1,87.1,123.1,92.0,62.566666666666684,22.30814499982909,120.24285714285715,62.98303626487737,2022-12-27,111.8,2022-12-29,229.3,2023-01-02,78.9,2023-01-10,144.1,2023-01-25,184.1,0,0,0,2
2022-12-27,2022,12,27,10723,16996,18765,96.1,95.9,7.05,6.96,24483,18.5,11.68,91925.0,3547.0,3361.0,621.0,612.0,0.18,0.18,3.38,172.0,3.11,3.64,111.8,2,111.8,43.5,57.1,87.1,131.1,70.80000000000003,36.15231666159253,117.48571428571428,62.850840051968234,2022-12-28,220.2,2022-12-30,200.9,2023-01-03,146.7,2023-01-11,136.5,2023-01-26,171.8,0,0,0,2
2022-12-28,2022,12,28,13499,17410,28469,95.9,96.1,7.03,6.94,24962,14.4,9.29,185850.0,3306.0,3207.0,751.0,848.0,0.23,0.26,3.66,318.0,3.17,2.85,220.2,2,220.2,111.8,43.5,57.1,202.1,125.16666666666669,89.10512517994326,120.07142857142857,67.1381837279332,2022-12-29,229.3,2022-12-31,112.9,2023-01-04,187.1,2023-01-12,70.9,2023-01-27,141.9,0,0,0,2
2022-12-29,2022,12,29,13065,16375,25768,95.8,95.8,7.02,6.93,17688,15.5,8.15,170300.0,3170.0,3144.0,725.0,899.0,0.23,0.29,4.42,358.0,3.31,3.83,229.3,2,229.3,220.2,111.8,43.5,197.7,187.10000000000002,65.37025317374857,124.58571428571429,73.94507936235354,2022-12-30,200.9,2023-01-01,80.3,2023-01-05,146.1,2023-01-13,95.7,2023-01-28,77.6,0,0,0,2
2022-12-30,2022,12,30,13765,16430,14571,95.9,95.8,7.06,7.04,23138,19.2,,165400.0,3228.0,3161.0,682.0,679.0,0.21,0.21,3.61,428.0,3.52,3.82,200.9,2,200.9,229.3,220.2,111.8,123.1,216.80000000000004,14.50206881792956,135.7,79.33496496921562,2022-12-31,112.9,2023-01-02,78.9,2023-01-06,107.9,2023-01-14,92.9,2023-01-29,66.6,0,0,0,2
2022-12-31,2022,12,31,13509,16966,3786,96.2,95.9,7.18,7.1,0,25.0,,,3429.0,3233.0,671.0,682.0,0.2,0.21,3.38,914.0,3.42,,112.9,2,112.9,200.9,229.3,220.2,87.1,181.0333333333334,60.68981243448792,139.3857142857143,77.27333366199558,2023-01-01,80.3,2023-01-03,146.7,2023-01-07,78.5,2023-01-15,74.5,2023-01-30,78.9,0,0,0,2
2023-01-01,2023,1,1,12082,17823,3785,95.9,96.3,7.12,7.08,0,25.5,,,3705.0,3613.0,763.0,721.0,0.21,0.2,2.88,425.0,3.38,,80.3,2,80.3,112.9,200.9,229.3,57.1,131.3666666666667,62.384720351488,142.7,73.56437090512411,2023-01-02,78.9,2023-01-04,187.1,2023-01-08,76.2,2023-01-16,97.0,2023-01-31,113.7,0,0,0,2
2023-01-02,2023,1,2,11679,16251,6178,95.7,95.7,7.17,7.11,4071,25.2,,,3692.0,3554.0,665.0,671.0,0.18,0.19,3.22,259.0,3.35,,78.9,2,78.9,80.3,112.9,200.9,43.5,90.70000000000003,19.238503060270972,147.75714285714284,66.48443068726338,2023-01-03,146.7,2023-01-05,146.1,2023-01-09,113.7,2023-01-17,149.8,2023-02-01,132.6,0,0,0,2
2023-01-03,2023,1,3,13110,16729,23817,96.4,95.7,7.14,7.07,17839,16.0,6.42,120550.0,3655.0,6546.0,680.0,684.0,0.19,0.1,5.27,186.0,3.32,4.25,146.7,2,146.7,78.9,80.3,112.9,111.8,101.9666666666667,38.746526726061276,152.74285714285716,64.62104551776866,2023-01-04,187.1,2023-01-06,107.9,2023-01-10,144.1,2023-01-18,151.3,2023-02-02,136.1,0,0,0,2
2023-01-04,2023,1,4,13279,15821,29580,95.6,95.7,7.07,7.02,17146,14.6,5.46,120900.0,3861.0,3736.0,831.0,891.0,0.22,0.24,4.96,660.0,3.51,2.28,187.1,2,187.1,146.7,78.9,80.3,220.2,137.5666666666667,54.67516194153756,148.0142857142857,59.900902290684236,2023-01-05,146.1,2023-01-07,78.5,2023-01-11,136.5,2023-01-19,161.7,2023-02-03,122.7,0,0,0,2
2023-01-05,2023,1,5,12348,14282,18645,96.2,95.8,7.11,7.07,14618,19.0,5.13,,3464.0,3483.0,758.0,754.0,0.22,0.22,3.9,555.0,3.48,2.44,146.1,2,146.1,187.1,146.7,78.9,229.3,159.9666666666667,23.500070921878994,136.12857142857143,48.194249805196854,2023-01-06,107.9,2023-01-08,76.2,2023-01-12,70.9,2023-01-20,148.8,2023-02-04,78.7,0,0,0,2
2023-01-06,2023,1,6,12491,16594,12439,96.0,95.5,7.09,7.0,21477,20.7,5.21,,3736.0,3705.0,717.0,726.0,0.19,0.2,3.65,476.0,3.36,,107.9,2,107.9,146.1,187.1,146.7,200.9,147.03333333333336,39.608248299228656,122.84285714285714,39.37439341936403,2023-01-07,78.5,2023-01-09,113.7,2023-01-13,95.7,2023-01-21,157.3,2023-02-05,62.9,0,0,0,2
2023-01-07,2023,1,7,12152,15555,6446,96.4,96.4,7.04,6.99,0,25.1,,,3823.0,3748.0,650.0,695.0,0.17,0.19,3.61,320.0,,,78.5,2,78.5,107.9,146.1,187.1,112.9,110.83333333333337,33.89532907840506,117.92857142857143,42.818287147966515,2023-01-08,76.2,2023-01-10,144.1,2023-01-14,92.9,2023-01-22,154.3,2023-02-06,75.4,0,0,0,2
2023-01-08,2023,1,8,12445,17189,6438,95.9,96.0,6.99,7.01,0,23.8,,,3843.0,3800.0,712.0,732.0,0.19,0.19,3.4,596.0,3.36,,76.2,2,76.2,78.5,107.9,146.1,80.3,87.53333333333336,17.675500935854284,117.34285714285714,43.44229341486079,2023-01-09,113.7,2023-01-11,136.5,2023-01-15,74.5,2023-01-23,167.1,2023-02-07,112.1,0,0,0,2
2023-01-09,2023,1,9,12308,18693,20675,95.7,95.8,7.05,7.03,19485,16.6,6.22,165600.0,3890.0,3773.0,682.0,671.0,0.18,0.18,3.53,218.0,3.28,1.93,113.7,2,113.7,76.2,78.5,107.9,78.9,89.4666666666667,21.01816674530356,122.31428571428572,40.17837015822605,2023-01-10,144.1,2023-01-12,70.9,2023-01-16,97.0,2023-01-24,191.7,2023-02-08,126.0,0,0,0,2
2023-01-10,2023,1,10,12865,18231,24780,96.1,95.2,7.08,7.03,22403,15.4,5.46,92750.0,3820.0,3570.0,707.0,646.0,0.19,0.18,3.66,362.0,3.18,2.1,144.1,2,144.1,113.7,76.2,78.5,146.7,111.33333333333337,34.0118116737902,121.94285714285714,39.92659335759637,2023-01-11,136.5,2023-01-13,95.7,2023-01-17,149.8,2023-01-25,184.1,2023-02-09,149.0,0,0,0,2
2023-01-11,2023,1,11,9686,15033,26138,96.1,95.1,7.05,6.98,20810,16.9,6.3,88150.0,3675.0,3508.0,638.0,625.0,0.17,0.18,3.54,609.0,,,136.5,2,136.5,144.1,113.7,76.2,187.1,131.43333333333337,15.82066159594344,114.71428571428571,29.341349013035554,2023-01-12,70.9,2023-01-14,92.9,2023-01-18,151.3,2023-01-26,171.8,2023-02-10,165.6,0,0,0,2
2023-01-12,2023,1,12,7099,11641,20537,96.1,95.6,7.06,6.99,17226,21.8,6.23,260250.0,3557.0,3464.0,621.0,587.0,0.17,0.17,3.48,420.0,,,70.9,2,70.9,136.5,144.1,113.7,146.1,117.16666666666669,40.24789849586396,103.97142857142856,29.69919832171199,2023-01-13,95.7,2023-01-15,74.5,2023-01-19,161.7,2023-01-27,141.9,2023-02-11,131.5,0,0,0,2
2023-01-13,2023,1,13,16306,17410,19367,95.8,95.3,7.04,6.94,23657,16.2,6.26,89750.0,3934.0,3356.0,644.0,545.0,0.16,0.16,3.45,318.0,3.25,3.45,95.7,2,95.7,70.9,136.5,144.1,107.9,101.03333333333336,33.1236068889452,102.22857142857143,29.78806888032601,2023-01-14,92.9,2023-01-16,97.0,2023-01-20,148.8,2023-01-28,77.6,2023-02-12,117.8,0,0,0,2
2023-01-14,2023,1,14,12669,15953,8064,95.9,95.0,7.07,6.98,0,23.4,,,3869.0,3334.0,599.0,599.0,0.15,0.18,3.33,657.0,3.18,,92.9,2,92.9,95.7,70.9,136.5,78.5,86.50000000000004,13.58234147708167,104.28571428571429,28.33822086696272,2023-01-15,74.5,2023-01-17,149.8,2023-01-21,157.3,2023-01-29,66.6,2023-02-13,113.2,0,0,0,2
2023-01-15,2023,1,15,11428,14734,7999,95.9,95.6,7.08,6.97,0,25.1,,,3805.0,3274.0,708.0,559.0,0.19,0.17,3.21,355.0,3.13,,74.5,2,74.5,92.9,95.7,70.9,76.2,87.70000000000003,11.516944039112653,104.04285714285713,28.62486431658422,2023-01-16,97.0,2023-01-18,151.3,2023-01-22,154.3,2023-01-30,78.9,2023-02-14,134.5,0,0,0,2
2023-01-16,2023,1,16,12730,17360,23916,95.8,95.9,7.03,6.94,27375,15.9,7.56,162350.0,3621.0,3143.0,550.0,465.0,0.15,0.15,4.58,165.0,3.12,3.15,97.0,2,97.0,74.5,92.9,95.7,113.7,88.13333333333337,11.983460824544197,101.65714285714284,28.380736256767364,2023-01-17,149.8,2023-01-19,161.7,2023-01-23,167.1,2023-01-31,113.7,2023-02-15,147.8,0,0,0,2
2023-01-17,2023,1,17,11814,16644,26129,95.9,94.8,7.03,6.9,20331,15.7,8.57,558850.0,3411.0,2904.0,586.0,574.0,0.17,0.2,3.74,399.0,3.2,3.27,149.8,2,149.8,97.0,74.5,92.9,144.1,107.10000000000002,38.65268425349061,102.47142857142858,29.84541920662276,2023-01-18,151.3,2023-01-20,148.8,2023-01-24,191.7,2023-02-01,132.6,2023-02-16,119.9,0,0,0,2
2023-01-18,2023,1,18,11830,15985,24815,96.3,95.1,7.01,6.86,20793,16.3,9.86,294700.0,3246.0,2671.0,663.0,495.0,0.2,0.19,4.34,508.0,2.87,3.1,151.3,2,151.3,149.8,97.0,74.5,136.5,132.70000000000002,30.926202482684886,104.5857142857143,33.01385711946972,2023-01-19,161.7,2023-01-21,157.3,2023-01-25,184.1,2023-02-02,136.1,2023-02-17,69.4,0,0,0,2
2023-01-19,2023,1,19,12892,17238,12862,96.0,95.8,6.96,6.8,4700,20.0,13.44,121500.0,3023.0,2400.0,592.0,517.0,0.2,0.22,5.61,743.0,3.29,3.35,161.7,2,161.7,151.3,149.8,97.0,70.9,154.26666666666668,6.480997865556209,117.55714285714285,35.329395557753195,2023-01-20,148.8,2023-01-22,154.3,2023-01-26,171.8,2023-02-03,122.7,2023-02-18,85.1,0,0,0,2
2023-01-20,2023,1,20,13194,15208,8127,95.6,96.3,7.0,6.83,16862,23.5,12.37,154800.0,2918.0,2309.0,536.0,481.0,0.18,0.21,4.99,679.0,3.65,3.17,148.8,2,148.8,161.7,151.3,149.8,95.7,153.93333333333337,6.8412961734852775,125.14285714285714,35.554130427788444,2023-01-21,157.3,2023-01-23,167.1,2023-01-27,141.9,2023-02-04,78.7,2023-02-19,83.4,0,0,0,2
2023-01-21,2023,1,21,12534,16259,5513,96.3,96.2,6.93,6.76,0,25.0,,,2866.0,2300.0,558.0,538.0,0.19,0.23,3.78,802.0,3.78,,157.3,2,157.3,148.8,161.7,151.3,92.9,155.93333333333337,6.557692683661166,134.34285714285716,34.12373842077574,2023-01-22,154.3,2023-01-24,191.7,2023-01-28,77.6,2023-02-05,62.9,2023-02-20,63.9,0,0,0,2
2023-01-22,2023,1,22,13706,17621,5486,95.9,96.0,7.16,7.0,0,23.3,,,2982.0,2315.0,675.0,533.0,0.23,0.23,4.13,771.0,3.6,,154.3,2,154.3,157.3,148.8,161.7,74.5,153.4666666666667,4.3108390521271795,145.74285714285716,21.96200181699126,2023-01-23,167.1,2023-01-25,184.1,2023-01-29,66.6,2023-02-06,75.4,2023-02-21,99.1,0,0,0,2
2023-01-23,2023,1,23,16440,18870,18446,96.2,96.0,7.12,6.97,19407,16.0,9.43,242650.0,2919.0,2400.0,547.0,484.0,0.19,0.2,3.77,309.0,3.58,1.69,167.1,2,167.1,154.3,157.3,148.8,97.0,159.5666666666667,6.69427616201641,155.7571428571429,6.735937733000638,2023-01-24,191.7,2023-01-26,171.8,2023-01-30,78.9,2023-02-07,112.1,2023-02-22,160.1,0,0,0,2
2023-01-24,2023,1,24,17526,18018,25258,96.4,96.0,6.98,6.82,20277,14.1,8.13,135550.0,2933.0,2247.0,549.0,531.0,0.19,0.24,3.74,715.0,3.56,2.1,191.7,2,191.7,167.1,154.3,157.3,149.8,171.03333333333333,19.00771773078859,161.74285714285716,14.593589590736826,2023-01-25,184.1,2023-01-27,141.9,2023-01-31,113.7,2023-02-08,126.0,2023-02-23,176.7,0,0,0,2
2023-01-25,2023,1,25,20750,16434,24836,96.2,96.2,6.96,6.82,23758,13.8,5.67,173750.0,2729.0,2265.0,530.0,501.0,0.19,0.22,4.44,539.0,3.19,2.33,184.1,2,184.1,191.7,167.1,154.3,151.3,180.9666666666667,12.59576648455067,166.42857142857142,15.889903952480429,2023-01-26,171.8,2023-01-28,77.6,2023-02-01,132.6,2023-02-09,149.0,2023-02-24,150.3,0,0,0,2
2023-01-26,2023,1,26,18510,18687,27303,95.8,96.0,6.95,6.83,20823,13.4,5.31,119350.0,2690.0,2230.0,502.0,460.0,0.19,0.21,3.77,394.0,3.21,2.25,171.8,2,171.8,184.1,191.7,167.1,161.7,182.53333333333333,10.042078138180804,167.87142857142857,15.847472383707965,2023-01-27,141.9,2023-01-29,66.6,2023-02-02,136.1,2023-02-10,165.6,2023-02-25,99.3,0,0,0,2
2023-01-27,2023,1,27,17266,16602,14697,96.1,96.0,6.93,6.82,12387,17.7,4.52,77450.0,2646.0,2302.0,664.0,472.0,0.25,0.21,3.67,580.0,3.27,3.22,141.9,2,141.9,171.8,184.1,191.7,148.8,165.93333333333337,21.703071979176993,166.8857142857143,17.372624880486566,2023-01-28,77.6,2023-01-30,78.9,2023-02-03,122.7,2023-02-11,131.5,2023-02-26,89.7,0,0,0,2
2023-01-28,2023,1,28,16805,15531,3762,95.7,95.3,6.81,6.79,0,23.8,,,2771.0,2474.0,494.0,487.0,0.18,0.2,3.47,625.0,3.3,,77.6,2,77.6,141.9,171.8,184.1,157.3,130.43333333333337,48.13546855836511,155.5,38.26107682750193,2023-01-29,66.6,2023-01-31,113.7,2023-02-04,78.7,2023-02-12,117.8,2023-02-27,132.1,0,0,0,2
2023-01-29,2023,1,29,16454,15940,3782,96.3,95.8,6.88,6.79,0,23.7,,,2906.0,2535.0,596.0,526.0,0.21,0.21,3.4,632.0,3.5,,66.6,2,66.6,77.6,141.9,171.8,154.3,95.36666666666667,40.67263617388691,142.9714285714286,50.96808525229998,2023-01-30,78.9,2023-02-01,132.6,2023-02-05,62.9,2023-02-13,113.2,2023-02-28,185.6,0,0,0,2
2023-01-30,2023,1,30,15610,16651,13743,96.4,96.3,6.96,6.85,15515,18.7,5.26,109150.0,2950.0,2586.0,512.0,480.0,0.17,0.19,3.43,261.0,2.85,2.35,78.9,2,78.9,66.6,77.6,141.9,167.1,74.36666666666669,6.757465007928924,130.37142857142857,54.76938665245136,2023-01-31,113.7,2023-02-02,136.1,2023-02-06,75.4,2023-02-14,134.5,2023-03-01,170.1,0,0,0,2
2023-01-31,2023,1,31,14432,15366,21876,96.1,95.9,6.97,6.88,18501,16.6,5.19,101500.0,2802.0,2622.0,526.0,504.0,0.19,0.19,3.45,463.0,2.95,2.93,113.7,2,113.7,78.9,66.6,77.6,191.7,86.40000000000002,24.429285703844155,119.22857142857143,47.68947173418591,2023-02-01,132.6,2023-02-03,122.7,2023-02-07,112.1,2023-02-15,147.8,2023-03-02,132.0,0,0,0,2
2023-02-01,2023,2,1,16626,16104,23178,96.0,96.0,6.94,6.84,17776,15.3,5.93,126900.0,2780.0,2512.0,523.0,521.0,0.19,0.21,3.53,704.0,2.95,2.76,132.6,2,132.6,113.7,78.9,66.6,184.1,108.40000000000002,27.23949338736006,111.87142857142855,39.23713013145053,2023-02-02,136.1,2023-02-04,78.7,2023-02-08,126.0,2023-02-16,119.9,2023-03-03,86.6,0,0,0,2
2023-02-02,2023,2,2,15627,19817,20102,96.0,96.0,6.93,6.83,15770,15.4,5.41,114950.0,2894.0,2455.0,533.0,477.0,0.18,0.19,3.55,1390.0,3.18,3.44,136.1,2,136.1,132.6,113.7,78.9,171.8,127.4666666666667,12.050034578097938,106.77142857142857,31.756454162144465,2023-02-03,122.7,2023-02-05,62.9,2023-02-09,149.0,2023-02-17,69.4,2023-03-04,72.8,0,0,0,2
2023-02-03,2023,2,3,14906,19526,13066,95.7,95.9,6.93,6.88,9536,18.1,5.66,120050.0,2816.0,2465.0,477.0,460.0,0.17,0.19,3.42,480.0,3.9,3.12,122.7,2,122.7,136.1,132.6,113.7,141.9,130.4666666666667,6.950059951781311,104.02857142857144,28.91906604564508,2023-02-04,78.7,2023-02-06,75.4,2023-02-10,165.6,2023-02-18,85.1,2023-03-05,57.3,0,0,0,2
2023-02-04,2023,2,4,14720,16465,3771,96.0,96.0,6.91,6.85,0,24.5,,,2953.0,2743.0,526.0,470.0,0.18,0.17,3.49,471.0,3.5,,78.7,2,78.7,122.7,136.1,132.6,77.6,112.50000000000001,30.028652983442836,104.18571428571428,28.754039053753182,2023-02-05,62.9,2023-02-07,112.1,2023-02-11,131.5,2023-02-19,83.4,2023-03-06,58.2,0,0,0,2
2023-02-05,2023,2,5,14002,16454,2704,95.8,95.5,6.95,6.89,0,25.9,,,2896.0,2878.0,554.0,506.0,0.19,0.18,3.42,589.0,2.78,,62.9,2,62.9,78.7,122.7,136.1,66.6,88.10000000000002,30.9883849208061,103.65714285714286,29.582193807697756,2023-02-06,75.4,2023-02-08,126.0,2023-02-12,117.8,2023-02-20,63.9,2023-03-07,68.0,0,0,0,2
2023-02-06,2023,2,6,14076,16034,12682,95.8,95.8,6.99,6.91,15639,20.1,5.91,,3174.0,3008.0,567.0,541.0,0.18,0.18,3.64,314.0,2.37,3.17,75.4,2,75.4,62.9,78.7,122.7,78.9,72.33333333333336,8.334466589613509,103.15714285714286,30.095506704648198,2023-02-07,112.1,2023-02-09,149.0,2023-02-13,113.2,2023-02-21,99.1,2023-03-08,99.4,0,0,0,2
2023-02-07,2023,2,7,14666,17436,19845,96.4,96.3,6.97,6.91,17953,16.5,5.64,,3265.0,3033.0,567.0,546.0,0.17,0.18,3.71,561.0,2.83,2.55,112.1,2,112.1,75.4,62.9,78.7,113.7,83.46666666666668,25.5727068049782,102.92857142857143,30.008038605553377,2023-02-08,126.0,2023-02-10,165.6,2023-02-14,134.5,2023-02-22,160.1,2023-03-09,138.8,0,0,0,2
2023-02-08,2023,2,8,16752,17631,20579,95.7,96.2,7.01,6.96,19157,15.6,5.64,125150.0,3347.0,3212.0,641.0,642.0,0.19,0.2,3.65,405.0,2.67,2.77,126.0,2,126.0,112.1,75.4,62.9,132.6,104.50000000000001,26.142111620908416,101.9857142857143,29.007380013336192,2023-02-09,149.0,2023-02-11,131.5,2023-02-15,147.8,2023-02-23,176.7,2023-03-10,133.5,0,0,0,2
2023-02-09,2023,2,9,16438,23313,26499,95.9,96.1,7.04,7.0,17605,13.0,6.82,191900.0,3382.0,3343.0,645.0,646.0,0.19,0.19,5.97,853.0,2.91,2.29,149.0,2,149.0,126.0,112.1,75.4,136.1,129.03333333333333,18.63607612490775,103.82857142857144,31.810255908313312,2023-02-10,165.6,2023-02-12,117.8,2023-02-16,119.9,2023-02-24,150.3,2023-03-11,81.6,0,0,0,2
2023-02-10,2023,2,10,18413,22664,17339,96.4,96.0,7.03,6.98,18848,14.7,6.9,179400.0,3337.0,3304.0,687.0,745.0,0.21,0.23,5.55,348.0,3.15,3.8,165.6,2,165.6,149.0,126.0,112.1,122.7,146.86666666666667,19.886008481677443,109.95714285714287,39.30228395156604,2023-02-11,131.5,2023-02-13,113.2,2023-02-17,69.4,2023-02-25,99.3,2023-03-12,71.0,0,0,0,2
2023-02-11,2023,2,11,17644,16909,6446,96.1,96.0,7.09,7.0,0,20.9,,,3762.0,3473.0,775.0,777.0,0.21,0.22,5.91,353.0,3.17,,131.5,2,131.5,165.6,149.0,126.0,78.7,148.70000000000002,17.051979357248033,117.5,37.3203251146968,2023-02-12,117.8,2023-02-14,134.5,2023-02-18,85.1,2023-02-26,89.7,2023-03-13,96.2,0,0,0,2
2023-02-12,2023,2,12,16970,16256,6455,96.4,96.1,7.03,7.08,0,21.6,,,3677.0,3706.0,829.0,812.0,0.23,0.22,4.69,560.0,3.11,,117.8,2,117.8,131.5,165.6,149.0,62.9,138.3,24.614832926510367,125.34285714285714,28.708875349088938,2023-02-13,113.2,2023-02-15,147.8,2023-02-19,83.4,2023-02-27,132.1,2023-03-14,107.5,0,0,0,2
2023-02-13,2023,2,13,16267,18828,13138,95.6,95.8,7.15,7.13,14797,17.8,6.86,162150.0,3960.0,3847.0,792.0,779.0,0.2,0.2,4.47,229.0,3.8,2.48,113.2,2,113.2,117.8,131.5,165.6,75.4,120.83333333333336,9.51962884430701,130.74285714285716,19.97597366361717,2023-02-14,134.5,2023-02-16,119.9,2023-02-20,63.9,2023-02-28,185.6,2023-03-15,94.5,0,0,0,2
2023-02-14,2023,2,14,17333,17001,16658,95.7,96.1,7.13,7.09,14481,16.8,6.42,130200.0,4022.0,3990.0,865.0,854.0,0.22,0.21,5.14,214.0,2.92,3.16,134.5,2,134.5,113.2,117.8,131.5,112.1,121.83333333333336,11.208181535528476,133.94285714285712,18.20767760615085,2023-02-15,147.8,2023-02-17,69.4,2023-02-21,99.1,2023-03-01,170.1,2023-03-16,139.7,0,0,0,2
2023-02-15,2023,2,15,17107,15212,25036,96.3,96.0,7.17,7.12,18977,15.0,5.66,111000.0,4046.0,4084.0,844.0,854.0,0.21,0.21,4.6,510.0,3.4,3.62,147.8,2,147.8,134.5,113.2,117.8,126.0,131.83333333333334,17.45346192975354,137.05714285714285,18.48493595181927,2023-02-16,119.9,2023-02-18,85.1,2023-02-22,160.1,2023-03-02,132.0,2023-03-17,161.5,0,0,0,2
2023-02-16,2023,2,16,6047,9140,12856,95.9,96.4,7.18,7.12,12000,30.6,4.39,,4322.0,4209.0,899.0,868.0,0.21,0.21,4.36,579.0,,2.72,119.9,2,119.9,147.8,134.5,113.2,149.0,134.0666666666667,13.955046876788156,132.9,18.62310393033351,2023-02-17,69.4,2023-02-19,83.4,2023-02-23,176.7,2023-03-03,86.6,2023-03-18,126.8,0,0,0,2
2023-02-17,2023,2,17,10484,14762,6085,95.7,95.9,7.21,7.17,2400,27.4,3.88,,4460.0,4507.0,821.0,829.0,0.18,0.18,4.24,686.0,,,69.4,2,69.4,119.9,147.8,134.5,165.6,112.36666666666669,39.73919140261117,119.15714285714287,24.905879971261015,2023-02-18,85.1,2023-02-20,63.9,2023-02-24,150.3,2023-03-04,72.8,2023-03-19,187.9,0,0,0,2
2023-02-18,2023,2,18,23346,17298,8132,95.6,96.0,7.29,7.26,0,17.6,,,4595.0,4589.0,857.0,870.0,0.19,0.19,4.41,306.0,3.22,,85.1,2,85.1,69.4,119.9,147.8,131.5,91.4666666666667,25.84498661894362,112.52857142857144,27.147112448393433,2023-02-19,83.4,2023-02-21,99.1,2023-02-25,99.3,2023-03-05,57.3,2023-03-20,161.5,0,0,0,2
2023-02-19,2023,2,19,24698,18944,5684,96.0,95.9,7.3,7.29,0,17.4,,,4597.0,4808.0,890.0,928.0,0.19,0.19,4.43,472.0,3.17,,83.4,2,83.4,85.1,69.4,119.9,117.8,79.30000000000003,8.615683373943526,107.61428571428571,29.078710916604123,2023-02-20,63.9,2023-02-22,160.1,2023-02-26,89.7,2023-03-06,58.2,2023-03-21,126.8,0,0,0,2
2023-02-20,2023,2,20,23297,16002,0,96.2,96.0,7.3,7.25,5000,21.8,,,4947.0,4943.0,853.0,895.0,0.17,0.18,4.4,250.0,3.8,,63.9,2,63.9,83.4,85.1,69.4,113.2,77.46666666666668,11.779784944275557,100.57142857142857,33.18120523658512,2023-02-21,99.1,2023-02-23,176.7,2023-02-27,132.1,2023-03-07,68.0,2023-03-22,107.2,0,0,0,2
2023-02-21,2023,2,21,21480,17288,17101,96.0,95.9,7.25,7.24,17934,15.4,7.2,,4884.0,4930.0,879.0,958.0,0.18,0.19,4.11,813.0,3.9,3.34,99.1,2,99.1,63.9,83.4,85.1,134.5,82.13333333333335,17.634152469948166,95.5142857142857,29.659030584934808,2023-02-22,160.1,2023-02-24,150.3,2023-02-28,185.6,2023-03-08,99.4,2023-03-23,88.1,0,0,0,2
2023-02-22,2023,2,22,24274,19218,25958,95.7,95.3,7.11,7.13,23190,12.4,6.81,,4707.0,4775.0,964.0,1135.0,0.2,0.24,7.38,516.0,3.17,3.16,160.1,2,160.1,99.1,63.9,83.4,147.8,107.7,48.67319590904252,97.27142857142857,33.40123322502305,2023-02-23,176.7,2023-02-25,99.3,2023-03-01,170.1,2023-03-09,138.8,2023-03-24,98.5,0,0,0,2
2023-02-23,2023,2,23,23878,20024,28774,94.4,94.1,7.2,7.14,20841,11.8,5.85,,4779.0,4689.0,1098.0,1276.0,0.23,0.27,6.61,257.0,2.97,4.26,176.7,2,176.7,160.1,99.1,63.9,119.9,145.30000000000004,40.862207478304654,105.38571428571429,44.77687009202517,2023-02-24,150.3,2023-02-26,89.7,2023-03-02,132.0,2023-03-10,133.5,2023-03-25,84.0,0,0,0,2
2023-02-24,2023,2,24,22153,17552,12734,93.4,93.2,7.22,7.16,16974,16.4,7.26,,4800.0,4909.0,1123.0,1206.0,0.23,0.25,4.75,290.0,2.96,3.69,150.3,2,150.3,176.7,160.1,99.1,69.4,162.36666666666667,13.34516142028044,116.94285714285714,44.37934418708994,2023-02-25,99.3,2023-02-27,132.1,2023-03-03,86.6,2023-03-11,81.6,2023-03-26,72.1,0,0,0,2
2023-02-25,2023,2,25,20768,16856,3784,93.7,93.3,7.31,7.29,0,20.7,,,5191.0,4847.0,1074.0,882.0,0.21,0.18,4.43,264.0,2.84,,99.3,2,99.3,150.3,176.7,160.1,85.1,142.1,39.346156101962706,118.97142857142858,42.98382309217098,2023-02-26,89.7,2023-02-28,185.6,2023-03-04,72.8,2023-03-12,71.0,2023-03-27,75.2,0,0,0,2
2023-02-26,2023,2,26,20195,19096,3787,94.3,93.9,7.23,7.19,0,19.9,,,5084.0,5146.0,987.0,1069.0,0.19,0.21,4.16,656.0,2.93,,89.7,2,89.7,99.3,150.3,176.7,83.4,113.10000000000002,32.57176691553637,119.87142857142858,42.17320295660565,2023-02-27,132.1,2023-03-01,170.1,2023-03-05,57.3,2023-03-13,96.2,2023-03-28,83.3,0,0,0,2
2023-02-27,2023,2,27,22416,20852,23176,94.8,94.0,7.27,7.23,19160,12.9,7.18,,4884.0,4870.0,920.0,994.0,0.19,0.2,6.18,170.0,3.6,3.3,132.1,2,132.1,89.7,99.3,150.3,63.9,107.03333333333335,22.23270863690173,129.6142857142857,34.21439407478621,2023-02-28,185.6,2023-03-02,132.0,2023-03-06,58.2,2023-03-14,107.5,2023-03-29,93.6,0,0,0,2
2023-02-28,2023,2,28,20464,20873,20217,94.0,93.5,7.13,7.13,15534,13.9,7.12,,4713.0,4764.0,1280.0,1352.0,0.27,0.28,3.82,303.0,2.76,2.89,185.6,2,185.6,132.1,89.7,99.3,99.1,135.8,48.05694538773787,141.9714285714286,36.87396164801189,2023-03-01,170.1,2023-03-03,86.6,2023-03-07,68.0,2023-03-15,94.5,2023-03-30,62.0,0,0,0,2
2023-03-01,2023,3,1,19511,19033,19196,94.2,93.5,7.25,7.25,14521,14.9,,214650.0,4952.0,5015.0,1093.0,1209.0,0.22,0.24,3.55,551.0,2.68,2.99,170.1,2,170.1,185.6,132.1,89.7,160.1,162.60000000000002,27.52725921700179,143.4,37.87351757274914,2023-03-02,132.0,2023-03-04,72.8,2023-03-08,99.4,2023-03-16,139.7,2023-03-31,66.0,0,0,0,2
2023-03-02,2023,3,2,18860,19609,8884,94.3,93.8,7.29,7.28,0,18.1,5.9,119300.0,5127.0,5116.0,1094.0,1123.0,0.21,0.22,3.26,859.0,2.59,1.96,132.0,2,132.0,170.1,185.6,132.1,176.7,162.5666666666667,27.582663637389032,137.0142857142857,34.98106290415953,2023-03-03,86.6,2023-03-05,57.3,2023-03-09,138.8,2023-03-17,161.5,2023-04-01,,0,0,0,2
2023-03-03,2023,3,3,18205,19217,3770,94.8,94.8,7.37,7.31,1197,20.8,6.14,153650.0,5260.0,5226.0,1007.0,1068.0,0.19,0.2,3.12,641.0,2.72,2.27,86.6,2,86.6,132.0,170.1,185.6,150.3,129.5666666666667,41.80314980158023,127.91428571428571,39.00313784690618,2023-03-04,72.8,2023-03-06,58.2,2023-03-10,133.5,2023-03-18,126.8,2023-04-02,,0,0,0,2
2023-03-04,2023,3,4,17788,18007,2937,96.1,95.9,7.32,7.3,0,22.2,,,5465.0,5455.0,1079.0,995.0,0.2,0.18,2.96,566.0,2.56,,72.8,2,72.8,86.6,132.0,170.1,99.3,97.13333333333334,30.973752328921517,124.12857142857142,43.29348350832625,2023-03-05,57.3,2023-03-07,68.0,2023-03-11,81.6,2023-03-19,187.9,2023-04-03,,0,0,0,2
2023-03-05,2023,3,5,18156,18479,0,96.1,96.1,7.38,7.33,0,23.4,,,5499.0,5619.0,1037.0,1078.0,0.19,0.19,2.9,790.0,2.6,,57.3,2,57.3,72.8,86.6,132.0,89.7,72.23333333333335,14.658217263138832,119.5,48.950178753504076,2023-03-06,58.2,2023-03-08,99.4,2023-03-12,71.0,2023-03-20,161.5,2023-04-04,,0,0,0,2
2023-03-06,2023,3,6,19818,20613,2156,96.1,96.2,7.31,7.26,5819,20.1,5.95,114000.0,5357.0,5502.0,968.0,994.0,0.18,0.18,2.85,317.0,2.61,1.9,58.2,2,58.2,57.3,72.8,86.6,132.1,62.76666666666669,8.700766249784271,108.94285714285715,53.53422136486957,2023-03-07,68.0,2023-03-09,138.8,2023-03-13,96.2,2023-03-21,126.8,2023-04-05,,0,0,0,2
2023-03-07,2023,3,7,18403,17594,4177,95.8,95.6,7.29,7.29,4400,21.4,,138200.0,5509.0,5519.0,995.0,1043.0,0.18,0.19,2.84,612.0,,2.77,68.0,2,68.0,58.2,57.3,72.8,185.6,61.166666666666686,5.9349248801805174,92.14285714285714,42.85595474543598,2023-03-08,99.4,2023-03-10,133.5,2023-03-14,107.5,2023-03-22,107.2,2023-04-06,,0,0,0,2
2023-03-08,2023,3,8,20600,17445,14659,96.2,95.9,7.28,7.24,20507,16.3,8.14,201750.0,5656.0,5612.0,1014.0,1086.0,0.18,0.19,2.82,575.0,2.6,3.59,99.4,2,99.4,68.0,58.2,57.3,170.1,75.20000000000003,21.523010941781518,82.04285714285713,26.711661444823225,2023-03-09,138.8,2023-03-11,81.6,2023-03-15,94.5,2023-03-23,88.1,2023-04-07,,0,0,0,2
2023-03-09,2023,3,9,18844,16835,20273,96.1,95.7,7.24,7.22,17171,15.3,5.75,184200.0,5365.0,5269.0,1032.0,1107.0,0.19,0.21,3.02,406.0,3.86,3.46,138.8,2,138.8,99.4,68.0,58.2,132.0,102.0666666666667,35.475249588034906,83.01428571428572,28.867884610839788,2023-03-10,133.5,2023-03-12,71.0,2023-03-16,139.7,2023-03-24,98.5,2023-04-08,,0,0,0,2
2023-03-10,2023,3,10,19820,15651,15507,95.8,95.7,7.31,7.29,18057,16.8,,,5345.0,5238.0,994.0,1044.0,0.19,0.2,3.04,583.0,2.39,4.2,133.5,2,133.5,138.8,99.4,68.0,86.6,123.90000000000003,21.382469455140793,89.71428571428571,34.693535832650845,2023-03-11,81.6,2023-03-13,96.2,2023-03-17,161.5,2023-03-25,84.0,2023-04-09,,0,0,0,2
2023-03-11,2023,3,11,19581,14740,3789,95.9,95.9,7.53,7.6,0,22.5,,,5976.0,6275.0,1099.0,1093.0,0.18,0.17,2.99,913.0,2.43,,81.6,2,81.6,133.5,138.8,99.4,72.8,117.9666666666667,31.6057484222944,90.97142857142858,34.13340076258221,2023-03-12,71.0,2023-03-14,107.5,2023-03-18,126.8,2023-03-26,72.1,2023-04-10,,0,0,0,2
2023-03-12,2023,3,12,18904,16396,6745,95.7,96.1,7.64,7.72,0,20.4,,,6442.0,6872.0,1148.0,1244.0,0.18,0.18,2.9,632.0,2.55,,71.0,2,71.0,81.6,133.5,138.8,57.3,95.36666666666667,33.447022787288155,92.92857142857143,32.220113505164974,2023-03-13,96.2,2023-03-15,94.5,2023-03-19,187.9,2023-03-27,75.2,2023-04-11,,0,0,0,2
2023-03-13,2023,3,13,18634,19789,17059,96.1,96.0,7.58,7.57,19186,15.5,5.75,,6771.0,7273.0,1069.0,1207.0,0.16,0.17,2.88,378.0,2.52,2.26,96.2,2,96.2,71.0,81.6,133.5,58.2,82.93333333333335,12.652799426742586,98.35714285714286,28.364170893509147,2023-03-14,107.5,2023-03-16,139.7,2023-03-20,161.5,2023-03-28,83.3,2023-04-12,,0,0,0,2
2023-03-14,2023,3,14,18733,16770,23429,96.2,95.7,7.3,7.3,17265,14.6,4.99,104150.0,6600.0,7424.0,1180.0,1313.0,0.18,0.18,2.82,338.0,2.22,3.75,107.5,2,107.5,96.2,71.0,81.6,68.0,91.56666666666668,18.685912697360394,104.0,25.05427441908204,2023-03-15,94.5,2023-03-17,161.5,2023-03-21,126.8,2023-03-29,93.6,2023-04-13,,0,0,0,2
2023-03-15,2023,3,15,13800,13921,13606,96.0,95.8,7.38,7.42,11800,20.8,11.52,208400.0,6936.0,7493.0,1248.0,1243.0,0.18,0.17,2.95,887.0,,,94.5,2,94.5,107.5,96.2,71.0,99.4,99.40000000000002,7.066116330774505,103.3,25.271723328653348,2023-03-16,139.7,2023-03-18,126.8,2023-03-22,107.2,2023-03-30,62.0,2023-04-14,,0,0,0,2
2023-03-16,2023,3,16,18736,20251,22448,95.9,96.1,7.5,7.52,18942,14.0,14.34,518300.0,6982.0,7883.0,1186.0,1357.0,0.17,0.17,3.17,667.0,2.34,2.74,139.7,2,139.7,94.5,107.5,96.2,138.8,113.90000000000002,23.269722817430207,103.42857142857143,25.483832409700785,2023-03-17,161.5,2023-03-19,187.9,2023-03-23,88.1,2023-03-31,66.0,2023-04-15,,0,0,0,2
2023-03-17,2023,3,17,19728,18586,16535,95.9,95.9,7.31,7.29,16924,15.6,,515250.0,6478.0,6897.0,1915.0,2171.0,0.3,0.31,3.09,565.0,2.58,3.26,161.5,2,161.5,139.7,94.5,107.5,133.5,131.9,34.17425931896732,107.42857142857143,32.28145568205349,2023-03-18,126.8,2023-03-20,161.5,2023-03-24,98.5,2023-04-01,,2023-04-16,,0,0,0,2
2023-03-18,2023,3,18,17950,14956,4630,95.8,96.4,7.28,7.29,0,22.9,,,6512.0,6681.0,2105.0,2529.0,0.32,0.38,2.74,119.0,2.47,,126.8,2,126.8,161.5,139.7,94.5,81.6,142.66666666666669,17.53919420422029,113.88571428571427,30.737676585987526,2023-03-19,187.9,2023-03-21,126.8,2023-03-25,84.0,2023-04-02,,2023-04-17,,0,0,0,2
2023-03-19,2023,3,19,17961,15897,4630,95.7,96.2,7.4,7.39,0,22.3,,,7290.0,7616.0,1509.0,2207.0,0.21,0.29,2.8,566.0,2.38,,187.9,2,187.9,126.8,161.5,139.7,71.0,158.73333333333335,30.643813948876343,130.58571428571426,35.01316079092883,2023-03-20,161.5,2023-03-22,107.2,2023-03-26,72.1,2023-04-03,,2023-04-18,,0,0,0,2
2023-03-20,2023,3,20,15551,16775,18075,96.1,95.7,7.48,7.51,21408,17.0,6.25,147000.0,7228.0,8015.0,1253.0,1563.0,0.17,0.2,2.92,310.0,2.39,3.18,161.5,2,161.5,187.9,126.8,161.5,96.2,158.73333333333335,30.643813948876343,139.91428571428574,32.96384021780185,2023-03-21,126.8,2023-03-23,88.1,2023-03-27,75.2,2023-04-04,,2023-04-19,,0,0,0,2
2023-03-21,2023,3,21,14577,17758,22534,95.8,96.4,7.49,7.46,15474,15.6,3.49,,7031.0,7635.0,1176.0,1600.0,0.17,0.21,2.96,203.0,2.89,2.28,126.8,2,126.8,161.5,187.9,126.8,107.5,158.73333333333335,30.643813948876343,142.67142857142858,30.517138042184165,2023-03-22,107.2,2023-03-24,98.5,2023-03-28,83.3,2023-04-05,,2023-04-20,,0,0,0,2
2023-03-22,2023,3,22,16999,17233,17067,95.7,96.2,7.37,7.37,13694,16.7,4.4,,6655.0,7886.0,1066.0,1402.0,0.16,0.18,2.91,700.0,2.91,3.32,107.2,2,107.2,126.8,161.5,187.9,94.5,131.83333333333334,27.497696873253933,144.4857142857143,27.39363846902121,2023-03-23,88.1,2023-03-25,84.0,2023-03-29,93.6,2023-04-06,,2023-04-21,,0,0,0,2
2023-03-23,2023,3,23,15132,16256,13580,95.8,96.1,7.38,7.38,9985,19.1,1.31,,6332.0,7760.0,1015.0,1314.0,0.16,0.17,2.91,698.0,3.3,2.38,88.1,2,88.1,107.2,126.8,161.5,139.7,107.36666666666667,19.350538321539542,137.1142857142857,34.82946207697496,2023-03-24,98.5,2023-03-26,72.1,2023-03-30,62.0,2023-04-07,,2023-04-22,,0,0,0,2
2023-03-24,2023,3,24,14836,16570,13795,96.3,96.4,7.36,7.39,14754,19.0,7.22,,6778.0,7589.0,1064.0,1365.0,0.16,0.18,2.86,672.0,2.87,2.91,98.5,2,98.5,88.1,107.2,126.8,161.5,97.93333333333335,9.562600761998526,128.1142857142857,35.60886727447863,2023-03-25,84.0,2023-03-27,75.2,2023-03-31,66.0,2023-04-08,,2023-04-23,,0,0,0,2
2023-03-25,2023,3,25,17159,17187,5552,95.9,96.1,7.3,7.36,0,21.5,,,6653.0,7616.0,1064.0,1446.0,0.16,0.19,4.12,744.0,3.7,,84.0,2,84.0,98.5,88.1,107.2,126.8,90.2,7.474623736352561,122.0,39.35013765329594,2023-03-26,72.1,2023-03-28,83.3,2023-04-01,,2023-04-09,,2023-04-24,,0,0,0,2
2023-03-26,2023,3,26,16441,17298,5538,95.8,95.6,7.35,7.38,0,21.8,,,7138.0,7793.0,1188.0,1546.0,0.17,0.2,4.17,480.0,,,72.1,2,72.1,84.0,98.5,88.1,187.9,84.86666666666669,13.221321164444237,105.45714285714284,30.337372834116543,2023-03-27,75.2,2023-03-29,93.6,2023-04-02,,2023-04-10,,2023-04-25,,0,0,0,2
2023-03-27,2023,3,27,16313,16952,16720,96.1,95.8,7.41,7.4,15692,17.2,1.96,50750.0,7017.0,7641.0,1123.0,1466.0,0.16,0.19,3.64,,3.13,3.61,75.2,2,75.2,72.1,84.0,98.5,161.5,77.10000000000002,6.1733297336244375,93.12857142857145,19.291078619033037,2023-03-28,83.3,2023-03-30,62.0,2023-04-03,,2023-04-11,,2023-04-26,,0,0,0,2
2023-03-28,2023,3,28,16189,17947,20073,95.8,95.9,7.38,7.38,18001,15.8,7.69,76950.0,6891.0,7282.0,1082.0,1415.0,0.16,0.19,3.41,369.0,3.2,3.56,83.3,2,83.3,75.2,72.1,84.0,126.8,76.86666666666669,5.783021125102778,86.91428571428571,12.41899466830655,2023-03-29,93.6,2023-03-31,66.0,2023-04-04,,2023-04-12,,2023-04-27,,0,0,0,2
2023-03-29,2023,3,29,17065,17097,25129,96.2,95.7,7.34,7.33,23254,14.5,3.9,92100.0,6795.0,7549.0,1168.0,1563.0,0.17,0.21,3.29,496.0,3.3,2.96,93.6,2,93.6,83.3,75.2,72.1,107.2,84.03333333333335,9.221894237811517,84.97142857142856,9.417663242672162,2023-03-30,62.0,2023-04-01,,2023-04-05,,2023-04-13,,2023-04-28,,0,0,0,2
2023-03-30,2023,3,30,15733,18843,23009,95.7,95.8,7.3,7.29,17578,14.9,2.77,59600.0,6650.0,7042.0,1223.0,1294.0,0.18,0.18,3.22,432.0,3.1,3.67,62.0,2,62.0,93.6,83.3,75.2,88.1,79.63333333333334,16.11593414398878,81.24285714285713,12.601171525279717,2023-03-31,66.0,2023-04-02,,2023-04-06,,2023-04-14,,2023-04-29,,0,0,0,2
2023-03-31,2023,3,31,16119,18905,12079,95.9,96.3,7.39,7.34,11098,18.2,4.21,97900.0,6481.0,6711.0,1186.0,1410.0,0.18,0.21,3.4,441.0,2.97,3.53,66.0,2,66.0,62.0,93.6,83.3,98.5,73.86666666666669,17.206200432791263,76.6,11.078357278946891,2023-04-01,,2023-04-03,,2023-04-07,,2023-04-15,,2023-04-30,,0,0,0,2
