fecha_origen,fecha_objetivo,horizonte_dias,dataset,modelo,real_CFM,predicho_CFM,persistencia_CFM,error_CFM,error_absoluto_CFM,conjunto,media_7d_CFM,fuente
2022-09-30,2022-10-01,1,Operativo,Regresión lineal,189.2,145.28969863123908,157.4,43.91030136876091,43.91030136876091,Prueba,144.37142857142857,LABS diario
2022-10-01,2022-10-02,1,Operativo,Regresión lineal,166.4,167.78470711839736,189.2,-1.3847071183973583,1.3847071183973583,Prueba,150.22857142857143,LABS diario
2022-10-02,2022-10-03,1,Operativo,Regresión lineal,149.6,139.66249833120116,166.4,9.93750166879883,9.93750166879883,Prueba,154.41428571428574,LABS diario
2022-10-03,2022-10-04,1,Operativo,Regresión lineal,154.7,140.7808570841796,149.6,13.919142915820402,13.919142915820402,Prueba,155.62857142857143,LABS diario
2022-10-04,2022-10-05,1,Operativo,Regresión lineal,146.0,152.5191652524495,154.7,-6.519165252449511,6.519165252449511,Prueba,157.5,LABS diario
2022-10-05,2022-10-06,1,Operativo,Regresión lineal,148.8,139.45101299001465,146.0,9.348987009985365,9.348987009985365,Prueba,158.1142857142857,LABS diario
2022-10-06,2022-10-07,1,Operativo,Regresión lineal,140.8,146.10990757870397,148.8,-5.309907578703957,5.309907578703957,Prueba,158.87142857142857,LABS diario
2022-10-07,2022-10-08,1,Operativo,Regresión lineal,125.3,128.21556064517785,140.8,-2.915560645177848,2.915560645177848,Prueba,156.5,LABS diario
2022-10-08,2022-10-09,1,Operativo,Regresión lineal,67.4,106.31969190864137,125.3,-38.91969190864137,38.91969190864137,Prueba,147.3714285714286,LABS diario
2022-10-09,2022-10-10,1,Operativo,Regresión lineal,104.8,58.73771044983617,67.4,46.062289550163825,46.062289550163825,Prueba,133.22857142857143,LABS diario
2022-10-10,2022-10-11,1,Operativo,Regresión lineal,109.3,123.00056471799017,104.8,-13.700564717990176,13.700564717990176,Prueba,126.82857142857144,LABS diario
2022-10-11,2022-10-12,1,Operativo,Regresión lineal,110.4,110.3492082555022,109.3,0.05079174449780055,0.05079174449780055,Prueba,120.34285714285714,LABS diario
2022-10-12,2022-10-13,1,Operativo,Regresión lineal,131.9,117.43209205658434,110.4,14.467907943415668,14.467907943415668,Prueba,115.25714285714285,LABS diario
2022-10-13,2022-10-14,1,Operativo,Regresión lineal,151.0,119.23205388163116,131.9,31.76794611836884,31.76794611836884,Prueba,112.84285714285716,LABS diario
2022-10-14,2022-10-15,1,Operativo,Regresión lineal,137.3,133.19892870938935,151.0,4.101071290610662,4.101071290610662,Prueba,114.29999999999998,LABS diario
2022-10-15,2022-10-16,1,Operativo,Regresión lineal,149.3,111.04459869585182,137.3,38.255401304148194,38.255401304148194,Prueba,116.01428571428572,LABS diario
2022-10-16,2022-10-17,1,Operativo,Regresión lineal,142.6,136.82095576772048,149.3,5.779044232279517,5.779044232279517,Prueba,127.71428571428571,LABS diario
2022-10-17,2022-10-18,1,Operativo,Regresión lineal,165.8,130.74297538528472,142.6,35.05702461471529,35.05702461471529,Prueba,133.1142857142857,LABS diario
2022-10-18,2022-10-19,1,Operativo,Regresión lineal,166.0,156.79800642114964,165.8,9.201993578850363,9.201993578850363,Prueba,141.18571428571428,LABS diario
2022-10-19,2022-10-20,1,Operativo,Regresión lineal,171.3,155.9225288930419,166.0,15.377471106958097,15.377471106958097,Prueba,149.12857142857143,LABS diario
2022-10-20,2022-10-21,1,Operativo,Regresión lineal,170.0,151.87204206032112,171.3,18.12795793967888,18.12795793967888,Prueba,154.75714285714284,LABS diario
2022-10-21,2022-10-22,1,Operativo,Regresión lineal,116.4,148.16427589733004,170.0,-31.764275897330037,31.764275897330037,Prueba,157.47142857142856,LABS diario
2022-10-22,2022-10-23,1,Operativo,Regresión lineal,89.1,113.81425248178063,116.4,-24.714252481780633,24.714252481780633,Prueba,154.4857142857143,LABS diario
2022-10-23,2022-10-24,1,Operativo,Regresión lineal,81.8,97.31386428323934,89.1,-15.513864283239343,15.513864283239343,Prueba,145.8857142857143,LABS diario
2022-10-24,2022-10-25,1,Operativo,Regresión lineal,48.0,91.46300825588659,81.8,-43.46300825588659,43.46300825588659,Prueba,137.20000000000002,LABS diario
2022-10-25,2022-10-26,1,Operativo,Regresión lineal,35.2,56.800041627119526,48.0,-21.600041627119523,21.600041627119523,Prueba,120.37142857142858,LABS diario
2022-10-26,2022-10-27,1,Operativo,Regresión lineal,62.9,57.46994909633378,35.2,5.430050903666221,5.430050903666221,Prueba,101.68571428571428,LABS diario
2022-10-27,2022-10-28,1,Operativo,Regresión lineal,92.2,80.86262395259703,62.9,11.33737604740297,11.33737604740297,Prueba,86.2,LABS diario
2022-10-28,2022-10-29,1,Operativo,Regresión lineal,78.5,96.32674151992578,92.2,-17.826741519925775,17.826741519925775,Prueba,75.08571428571429,LABS diario
2022-10-29,2022-10-30,1,Operativo,Regresión lineal,69.2,75.46241854324077,78.5,-6.26241854324077,6.26241854324077,Prueba,69.67142857142856,LABS diario
2022-10-30,2022-10-31,1,Operativo,Regresión lineal,84.0,72.21717698057365,69.2,11.782823019426345,11.782823019426345,Prueba,66.82857142857144,LABS diario
2022-10-31,2022-11-01,1,Operativo,Regresión lineal,108.2,90.78968375575793,84.0,17.41031624424207,17.41031624424207,Prueba,67.14285714285714,LABS diario
2022-11-01,2022-11-02,1,Operativo,Regresión lineal,134.1,118.81577938000575,108.2,15.284220619994244,15.284220619994244,Prueba,75.74285714285715,LABS diario
2022-11-02,2022-11-03,1,Operativo,Regresión lineal,148.5,141.50240025527657,134.1,6.997599744723431,6.997599744723431,Prueba,89.87142857142855,LABS diario
2022-11-03,2022-11-04,1,Operativo,Regresión lineal,141.1,142.40783794959788,148.5,-1.3078379495978822,1.3078379495978822,Prueba,102.10000000000001,LABS diario
2022-11-04,2022-11-05,1,Operativo,Regresión lineal,105.1,127.00453113594064,141.1,-21.904531135940644,21.904531135940644,Prueba,109.08571428571427,LABS diario
2022-11-05,2022-11-06,1,Operativo,Regresión lineal,3.8,97.36018441855948,105.1,-93.56018441855949,93.56018441855949,Prueba,112.88571428571427,LABS diario
2022-11-06,2022-11-07,1,Operativo,Regresión lineal,92.8,21.26761972698054,3.8,71.53238027301946,71.53238027301946,Prueba,103.54285714285713,LABS diario
2022-11-07,2022-11-08,1,Operativo,Regresión lineal,134.0,138.02161053397217,92.8,-4.021610533972165,4.021610533972165,Prueba,104.8,LABS diario
2022-11-08,2022-11-09,1,Operativo,Regresión lineal,178.0,138.92094701394433,134.0,39.07905298605567,39.07905298605567,Prueba,108.48571428571428,LABS diario
2022-11-09,2022-11-10,1,Operativo,Regresión lineal,183.5,179.70000539067576,178.0,3.7999946093242443,3.7999946093242443,Prueba,114.75714285714285,LABS diario
2022-11-10,2022-11-11,1,Operativo,Regresión lineal,127.4,146.18396154053625,183.5,-18.78396154053624,18.78396154053624,Prueba,119.75714285714285,LABS diario
2022-11-11,2022-11-12,1,Operativo,Regresión lineal,93.4,90.80873236048497,127.4,2.5912676395150385,2.5912676395150385,Prueba,117.8,LABS diario
2022-11-12,2022-11-13,1,Operativo,Regresión lineal,77.0,82.9640351732766,93.4,-5.964035173276599,5.964035173276599,Prueba,116.12857142857142,LABS diario
2022-11-13,2022-11-14,1,Operativo,Regresión lineal,75.4,93.34583925591227,77.0,-17.94583925591226,17.94583925591226,Prueba,126.58571428571429,LABS diario
2022-11-14,2022-11-15,1,Operativo,Regresión lineal,72.7,93.13382321779635,75.4,-20.433823217796345,20.433823217796345,Prueba,124.10000000000001,LABS diario
2022-11-15,2022-11-16,1,Operativo,Regresión lineal,113.6,84.5659784637027,72.7,29.03402153629729,29.03402153629729,Prueba,115.34285714285714,LABS diario
2022-11-16,2022-11-17,1,Operativo,Regresión lineal,115.7,120.53771673437527,113.6,-4.837716734375263,4.837716734375263,Prueba,106.14285714285714,LABS diario
2022-11-17,2022-11-18,1,Operativo,Regresión lineal,151.8,98.7298042656025,115.7,53.070195734397515,53.070195734397515,Prueba,96.45714285714287,LABS diario
2022-11-18,2022-11-19,1,Operativo,Regresión lineal,95.3,143.25681596802934,151.8,-47.956815968029346,47.956815968029346,Prueba,99.94285714285715,LABS diario
2022-11-19,2022-11-20,1,Operativo,Regresión lineal,83.8,71.0187055328093,95.3,12.78129446719069,12.78129446719069,Prueba,100.21428571428571,LABS diario
2022-11-20,2022-11-21,1,Operativo,Regresión lineal,98.8,84.97338408274408,83.8,13.826615917255921,13.826615917255921,Prueba,101.1857142857143,LABS diario
2022-11-21,2022-11-22,1,Operativo,Regresión lineal,131.8,105.77873622636821,98.8,26.0212637736318,26.0212637736318,Prueba,104.52857142857144,LABS diario
2022-11-22,2022-11-23,1,Operativo,Regresión lineal,142.7,142.70117383416883,131.8,-0.001173834168838539,0.001173834168838539,Prueba,112.97142857142856,LABS diario
2022-11-23,2022-11-24,1,Operativo,Regresión lineal,98.2,135.6121985845679,142.7,-37.41219858456789,37.41219858456789,Prueba,117.12857142857142,LABS diario
2022-11-24,2022-11-25,1,Operativo,Regresión lineal,78.6,86.1925255616952,98.2,-7.592525561695211,7.592525561695211,Prueba,114.62857142857145,LABS diario
2022-11-25,2022-11-26,1,Operativo,Regresión lineal,66.9,75.57105657651623,78.6,-8.671056576516222,8.671056576516222,Prueba,104.17142857142856,LABS diario
2022-11-26,2022-11-27,1,Operativo,Regresión lineal,45.5,76.32109773847176,66.9,-30.821097738471764,30.821097738471764,Prueba,100.11428571428573,LABS diario
2022-11-27,2022-11-28,1,Operativo,Regresión lineal,74.6,62.68449162750279,45.5,11.915508372497207,11.915508372497207,Prueba,94.64285714285714,LABS diario
2022-11-28,2022-11-29,1,Operativo,Regresión lineal,77.5,99.37908544973914,74.6,-21.879085449739136,21.879085449739136,Prueba,91.18571428571428,LABS diario
2022-11-29,2022-11-30,1,Operativo,Regresión lineal,50.9,90.67663677290201,77.5,-39.776636772902016,39.776636772902016,Prueba,83.42857142857143,LABS diario
2022-11-30,2022-12-01,1,Operativo,Regresión lineal,67.1,57.79036561867347,50.9,9.309634381326525,9.309634381326525,Prueba,70.31428571428572,LABS diario
2022-12-01,2022-12-02,1,Operativo,Regresión lineal,110.9,76.60823804403131,67.1,34.291761955968695,34.291761955968695,Prueba,65.87142857142858,LABS diario
2022-12-02,2022-12-03,1,Operativo,Regresión lineal,111.6,119.13363439645451,110.9,-7.5336343964545165,7.5336343964545165,Prueba,70.48571428571428,LABS diario
2022-12-03,2022-12-04,1,Operativo,Regresión lineal,103.5,102.14668793910539,111.6,1.3533120608946092,1.3533120608946092,Prueba,76.87142857142858,LABS diario
2022-12-04,2022-12-05,1,Operativo,Regresión lineal,106.0,96.43750351626602,103.5,9.56249648373398,9.56249648373398,Prueba,85.15714285714286,LABS diario
2022-12-05,2022-12-06,1,Operativo,Regresión lineal,135.4,97.30894849538309,106.0,38.091051504616914,38.091051504616914,Prueba,89.64285714285714,LABS diario
2022-12-06,2022-12-07,1,Operativo,Regresión lineal,198.1,132.96005695556275,135.4,65.13994304443725,65.13994304443725,Prueba,97.91428571428571,LABS diario
2022-12-07,2022-12-08,1,Operativo,Regresión lineal,216.9,192.2292237328104,198.1,24.67077626718961,24.67077626718961,Prueba,118.94285714285715,LABS diario
2022-12-08,2022-12-09,1,Operativo,Regresión lineal,211.9,186.87293617970488,216.9,25.027063820295126,25.027063820295126,Prueba,140.34285714285713,LABS diario
2022-12-09,2022-12-10,1,Operativo,Regresión lineal,173.6,171.81821419860995,211.9,1.7817858013900434,1.7817858013900434,Prueba,154.77142857142857,LABS diario
2022-12-10,2022-12-11,1,Operativo,Regresión lineal,143.8,133.32967171385002,173.6,10.470328286149993,10.470328286149993,Prueba,163.62857142857143,LABS diario
2022-12-11,2022-12-12,1,Operativo,Regresión lineal,111.3,130.31458770271544,143.8,-19.014587702715446,19.014587702715446,Prueba,169.3857142857143,LABS diario
2022-12-12,2022-12-13,1,Operativo,Regresión lineal,118.4,116.71036694868171,111.3,1.689633051318296,1.689633051318296,Prueba,170.14285714285714,LABS diario
2022-12-13,2022-12-14,1,Operativo,Regresión lineal,146.7,137.06142116784187,118.4,9.638578832158117,9.638578832158117,Prueba,167.71428571428572,LABS diario
2022-12-14,2022-12-15,1,Operativo,Regresión lineal,120.2,152.05310645368039,146.7,-31.853106453680383,31.853106453680383,Prueba,160.37142857142857,LABS diario
2022-12-15,2022-12-16,1,Operativo,Regresión lineal,114.1,107.80705379272568,120.2,6.292946207274312,6.292946207274312,Prueba,146.55714285714288,LABS diario
2022-12-16,2022-12-17,1,Operativo,Regresión lineal,86.2,107.68770564615201,114.1,-21.48770564615201,21.48770564615201,Prueba,132.5857142857143,LABS diario
2022-12-17,2022-12-18,1,Operativo,Regresión lineal,74.2,77.3269206720195,86.2,-3.1269206720194944,3.1269206720194944,Prueba,120.10000000000001,LABS diario
2022-12-18,2022-12-19,1,Operativo,Regresión lineal,92.0,78.93875870087324,74.2,13.061241299126763,13.061241299126763,Prueba,110.15714285714286,LABS diario
2022-12-19,2022-12-20,1,Operativo,Regresión lineal,131.1,105.24845164062086,92.0,25.851548359379137,25.851548359379137,Prueba,107.39999999999999,LABS diario
2022-12-20,2022-12-21,1,Operativo,Regresión lineal,202.1,135.95869770116394,131.1,66.14130229883605,66.14130229883605,Prueba,109.21428571428571,LABS diario
2022-12-21,2022-12-22,1,Operativo,Regresión lineal,197.7,185.48823512156633,202.1,12.211764878433655,12.211764878433655,Prueba,117.12857142857142,LABS diario
2022-12-22,2022-12-23,1,Operativo,Regresión lineal,123.1,151.9722064331698,197.7,-28.872206433169794,28.872206433169794,Prueba,128.2,LABS diario
2022-12-23,2022-12-24,1,Operativo,Regresión lineal,87.1,88.70376934931483,123.1,-1.603769349314831,1.603769349314831,Prueba,129.4857142857143,LABS diario
2022-12-24,2022-12-25,1,Operativo,Regresión lineal,57.1,82.88188303036095,87.1,-25.78188303036095,25.78188303036095,Prueba,129.61428571428573,LABS diario
2022-12-25,2022-12-26,1,Operativo,Regresión lineal,43.5,69.64066173575364,57.1,-26.14066173575364,26.14066173575364,Prueba,127.17142857142858,LABS diario
2022-12-26,2022-12-27,1,Operativo,Regresión lineal,111.8,70.1123298493983,43.5,41.687670150601704,41.687670150601704,Prueba,120.24285714285715,LABS diario
2022-12-27,2022-12-28,1,Operativo,Regresión lineal,220.2,139.1668063955945,111.8,81.03319360440548,81.03319360440548,Prueba,117.48571428571428,LABS diario
2022-12-28,2022-12-29,1,Operativo,Regresión lineal,229.3,208.17279731453465,220.2,21.127202685465363,21.127202685465363,Prueba,120.07142857142857,LABS diario
2022-12-29,2022-12-30,1,Operativo,Regresión lineal,200.9,174.22243505850082,229.3,26.677564941499185,26.677564941499185,Prueba,124.58571428571429,LABS diario
2022-12-30,2022-12-31,1,Operativo,Regresión lineal,112.9,147.1327418674775,200.9,-34.2327418674775,34.2327418674775,Prueba,135.7,LABS diario
2022-12-31,2023-01-01,1,Operativo,Regresión lineal,80.3,81.14626729450026,112.9,-0.8462672945002652,0.8462672945002652,Prueba,139.3857142857143,LABS diario
2023-01-01,2023-01-02,1,Operativo,Regresión lineal,78.9,91.42458970418593,80.3,-12.524589704185928,12.524589704185928,Prueba,142.7,LABS diario
2023-01-02,2023-01-03,1,Operativo,Regresión lineal,146.7,105.09740607497123,78.9,41.602593925028756,41.602593925028756,Prueba,147.75714285714284,LABS diario
2023-01-03,2023-01-04,1,Operativo,Regresión lineal,187.1,171.7890888135267,146.7,15.310911186473305,15.310911186473305,Prueba,152.74285714285716,LABS diario
2023-01-04,2023-01-05,1,Operativo,Regresión lineal,146.1,172.15904874720377,187.1,-26.059048747203775,26.059048747203775,Prueba,148.0142857142857,LABS diario
2023-01-05,2023-01-06,1,Operativo,Regresión lineal,107.9,113.22805421951948,146.1,-5.328054219519473,5.328054219519473,Prueba,136.12857142857143,LABS diario
2023-01-06,2023-01-07,1,Operativo,Regresión lineal,78.5,86.01398627216044,107.9,-7.513986272160437,7.513986272160437,Prueba,122.84285714285714,LABS diario
2023-01-07,2023-01-08,1,Operativo,Regresión lineal,76.2,75.88929531249198,78.5,0.3107046875080215,0.3107046875080215,Prueba,117.92857142857143,LABS diario
2023-01-08,2023-01-09,1,Operativo,Regresión lineal,113.7,88.68295608748724,76.2,25.01704391251276,25.01704391251276,Prueba,117.34285714285714,LABS diario
2023-01-09,2023-01-10,1,Operativo,Regresión lineal,144.1,135.18386171587443,113.7,8.916138284125566,8.916138284125566,Prueba,122.31428571428572,LABS diario
2023-01-10,2023-01-11,1,Operativo,Regresión lineal,136.5,145.3148530101303,144.1,-8.814853010130292,8.814853010130292,Prueba,121.94285714285714,LABS diario
2023-01-11,2023-01-12,1,Operativo,Regresión lineal,70.9,118.73333250531694,136.5,-47.83333250531693,47.83333250531693,Prueba,114.71428571428571,LABS diario
2023-01-12,2023-01-13,1,Operativo,Regresión lineal,95.7,63.45946801367801,70.9,32.24053198632199,32.24053198632199,Prueba,103.97142857142856,LABS diario
2023-01-13,2023-01-14,1,Operativo,Regresión lineal,92.9,108.50275160455926,95.7,-15.60275160455926,15.60275160455926,Prueba,102.22857142857143,LABS diario
2023-01-14,2023-01-15,1,Operativo,Regresión lineal,74.5,91.90249356207516,92.9,-17.402493562075165,17.402493562075165,Prueba,104.28571428571429,LABS diario
2023-01-15,2023-01-16,1,Operativo,Regresión lineal,97.0,84.83163001876554,74.5,12.168369981234463,12.168369981234463,Prueba,104.04285714285713,LABS diario
2023-01-16,2023-01-17,1,Operativo,Regresión lineal,149.8,109.17736957788307,97.0,40.62263042211694,40.62263042211694,Prueba,101.65714285714284,LABS diario
2023-01-17,2023-01-18,1,Operativo,Regresión lineal,151.3,144.94877053290077,149.8,6.351229467099245,6.351229467099245,Prueba,102.47142857142858,LABS diario
2023-01-18,2023-01-19,1,Operativo,Regresión lineal,161.7,128.18329903903899,151.3,33.516700960961,33.516700960961,Prueba,104.5857142857143,LABS diario
2023-01-19,2023-01-20,1,Operativo,Regresión lineal,148.8,133.2719198787923,161.7,15.528080121207722,15.528080121207722,Prueba,117.55714285714285,LABS diario
2023-01-20,2023-01-21,1,Operativo,Regresión lineal,157.3,113.75602332386123,148.8,43.54397667613878,43.54397667613878,Prueba,125.14285714285714,LABS diario
2023-01-21,2023-01-22,1,Operativo,Regresión lineal,154.3,130.02286848934608,157.3,24.27713151065393,24.27713151065393,Prueba,134.34285714285716,LABS diario
2023-01-22,2023-01-23,1,Operativo,Regresión lineal,167.1,133.53364994241474,154.3,33.566350057585254,33.566350057585254,Prueba,145.74285714285716,LABS diario
2023-01-23,2023-01-24,1,Operativo,Regresión lineal,191.7,159.39589922034358,167.1,32.30410077965641,32.30410077965641,Prueba,155.7571428571429,LABS diario
2023-01-24,2023-01-25,1,Operativo,Regresión lineal,184.1,173.997997699432,191.7,10.102002300567989,10.102002300567989,Prueba,161.74285714285716,LABS diario
2023-01-25,2023-01-26,1,Operativo,Regresión lineal,171.8,160.64173165361518,184.1,11.15826834638483,11.15826834638483,Prueba,166.42857142857142,LABS diario
2023-01-26,2023-01-27,1,Operativo,Regresión lineal,141.9,153.8873032930461,171.8,-11.987303293046097,11.987303293046097,Prueba,167.87142857142857,LABS diario
2023-01-27,2023-01-28,1,Operativo,Regresión lineal,77.6,125.56465691983234,141.9,-47.96465691983235,47.96465691983235,Prueba,166.8857142857143,LABS diario
2023-01-28,2023-01-29,1,Operativo,Regresión lineal,66.6,72.6797190595995,77.6,-6.079719059599512,6.079719059599512,Prueba,155.5,LABS diario
2023-01-29,2023-01-30,1,Operativo,Regresión lineal,78.9,82.56479526164433,66.6,-3.664795261644329,3.664795261644329,Prueba,142.9714285714286,LABS diario
2023-01-30,2023-01-31,1,Operativo,Regresión lineal,113.7,97.0841336645893,78.9,16.6158663354107,16.6158663354107,Prueba,130.37142857142857,LABS diario
2023-01-31,2023-02-01,1,Operativo,Regresión lineal,132.6,124.20124303840913,113.7,8.398756961590863,8.398756961590863,Prueba,119.22857142857143,LABS diario
2023-02-01,2023-02-02,1,Operativo,Regresión lineal,136.1,126.15084392941225,132.6,9.949156070587748,9.949156070587748,Prueba,111.87142857142855,LABS diario
2023-02-02,2023-02-03,1,Operativo,Regresión lineal,122.7,115.06704745542554,136.1,7.632952544574465,7.632952544574465,Prueba,106.77142857142857,LABS diario
2023-02-03,2023-02-04,1,Operativo,Regresión lineal,78.7,97.78993216802084,122.7,-19.089932168020837,19.089932168020837,Prueba,104.02857142857144,LABS diario
2023-02-04,2023-02-05,1,Operativo,Regresión lineal,62.9,69.08271641171322,78.7,-6.182716411713223,6.182716411713223,Prueba,104.18571428571428,LABS diario
2023-02-05,2023-02-06,1,Operativo,Regresión lineal,75.4,73.08697772596985,62.9,2.3130222740301605,2.3130222740301605,Prueba,103.65714285714286,LABS diario
2023-02-06,2023-02-07,1,Operativo,Regresión lineal,112.1,93.45592586009403,75.4,18.644074139905968,18.644074139905968,Prueba,103.15714285714286,LABS diario
2023-02-07,2023-02-08,1,Operativo,Regresión lineal,126.0,124.1477621186576,112.1,1.852237881342404,1.852237881342404,Prueba,102.92857142857143,LABS diario
2023-02-08,2023-02-09,1,Operativo,Regresión lineal,149.0,122.95511964293203,126.0,26.044880357067967,26.044880357067967,Prueba,101.9857142857143,LABS diario
2023-02-09,2023-02-10,1,Operativo,Regresión lineal,165.6,133.1150840264559,149.0,32.484915973544105,32.484915973544105,Prueba,103.82857142857144,LABS diario
2023-02-10,2023-02-11,1,Operativo,Regresión lineal,131.5,135.97165636003422,165.6,-4.471656360034217,4.471656360034217,Prueba,109.95714285714287,LABS diario
2023-02-11,2023-02-12,1,Operativo,Regresión lineal,117.8,101.71741077465957,131.5,16.082589225340428,16.082589225340428,Prueba,117.5,LABS diario
2023-02-12,2023-02-13,1,Operativo,Regresión lineal,113.2,110.07788835918204,117.8,3.1221116408179626,3.1221116408179626,Prueba,125.34285714285714,LABS diario
2023-02-13,2023-02-14,1,Operativo,Regresión lineal,134.5,113.73688591128064,113.2,20.763114088719362,20.763114088719362,Prueba,130.74285714285716,LABS diario
2023-02-14,2023-02-15,1,Operativo,Regresión lineal,147.8,135.42202679531815,134.5,12.377973204681865,12.377973204681865,Prueba,133.94285714285712,LABS diario
2023-02-15,2023-02-16,1,Operativo,Regresión lineal,119.9,146.3688202358842,147.8,-26.46882023588418,26.46882023588418,Prueba,137.05714285714285,LABS diario
2023-02-16,2023-02-17,1,Operativo,Regresión lineal,69.4,104.31388206424297,119.9,-34.91388206424297,34.91388206424297,Prueba,132.9,LABS diario
2023-02-17,2023-02-18,1,Operativo,Regresión lineal,85.1,63.59444240196972,69.4,21.505557598030272,21.505557598030272,Prueba,119.15714285714287,LABS diario
2023-02-18,2023-02-19,1,Operativo,Regresión lineal,83.4,99.33876810855581,85.1,-15.938768108555806,15.938768108555806,Prueba,112.52857142857144,LABS diario
2023-02-19,2023-02-20,1,Operativo,Regresión lineal,63.9,91.47604993826377,83.4,-27.576049938263772,27.576049938263772,Prueba,107.61428571428571,LABS diario
2023-02-20,2023-02-21,1,Operativo,Regresión lineal,99.1,74.00423340421473,63.9,25.095766595785264,25.095766595785264,Prueba,100.57142857142857,LABS diario
2023-02-21,2023-02-22,1,Operativo,Regresión lineal,160.1,112.67869144637267,99.1,47.42130855362733,47.42130855362733,Prueba,95.5142857142857,LABS diario
2023-02-22,2023-02-23,1,Operativo,Regresión lineal,176.7,149.32756421700483,160.1,27.372435782995154,27.372435782995154,Prueba,97.27142857142857,LABS diario
2023-02-23,2023-02-24,1,Operativo,Regresión lineal,150.3,151.40015817481122,176.7,-1.100158174811213,1.100158174811213,Prueba,105.38571428571429,LABS diario
2023-02-24,2023-02-25,1,Operativo,Regresión lineal,99.3,122.24199946388426,150.3,-22.941999463884258,22.941999463884258,Prueba,116.94285714285714,LABS diario
2023-02-25,2023-02-26,1,Operativo,Regresión lineal,89.7,83.85681500972478,99.3,5.843184990275219,5.843184990275219,Prueba,118.97142857142858,LABS diario
2023-02-26,2023-02-27,1,Operativo,Regresión lineal,132.1,92.03068691419742,89.7,40.06931308580258,40.06931308580258,Prueba,119.87142857142858,LABS diario
2023-02-27,2023-02-28,1,Operativo,Regresión lineal,185.6,146.57106109585663,132.1,39.02893890414336,39.02893890414336,Prueba,129.6142857142857,LABS diario
2023-02-28,2023-03-01,1,Operativo,Regresión lineal,170.1,184.25548310648963,185.6,-14.15548310648964,14.15548310648964,Prueba,141.9714285714286,LABS diario
2023-03-01,2023-03-02,1,Operativo,Regresión lineal,132.0,147.34423675591296,170.1,-15.34423675591296,15.34423675591296,Prueba,143.4,LABS diario
2023-03-02,2023-03-03,1,Operativo,Regresión lineal,86.6,108.58800962723026,132.0,-21.98800962723027,21.98800962723027,Prueba,137.0142857142857,LABS diario
2023-03-03,2023-03-04,1,Operativo,Regresión lineal,72.8,79.4069385658838,86.6,-6.606938565883809,6.606938565883809,Prueba,127.91428571428571,LABS diario
2023-03-04,2023-03-05,1,Operativo,Regresión lineal,57.3,89.90039736462734,72.8,-32.60039736462734,32.60039736462734,Prueba,124.12857142857142,LABS diario
2023-03-05,2023-03-06,1,Operativo,Regresión lineal,58.2,81.55636337287952,57.3,-23.356363372879514,23.356363372879514,Prueba,119.5,LABS diario
2023-03-06,2023-03-07,1,Operativo,Regresión lineal,68.0,83.80641019060279,58.2,-15.80641019060279,15.80641019060279,Prueba,108.94285714285715,LABS diario
2023-03-07,2023-03-08,1,Operativo,Regresión lineal,99.4,78.09288845280516,68.0,21.30711154719485,21.30711154719485,Prueba,92.14285714285714,LABS diario
2023-03-08,2023-03-09,1,Operativo,Regresión lineal,138.8,108.11037733765055,99.4,30.689622662349464,30.689622662349464,Prueba,82.04285714285713,LABS diario
2023-03-09,2023-03-10,1,Operativo,Regresión lineal,133.5,134.3258564708856,138.8,-0.8258564708856113,0.8258564708856113,Prueba,83.01428571428572,LABS diario
2023-03-10,2023-03-11,1,Operativo,Regresión lineal,81.6,121.58951351295343,133.5,-39.98951351295344,39.98951351295344,Prueba,89.71428571428571,LABS diario
2023-03-11,2023-03-12,1,Operativo,Regresión lineal,71.0,78.35732334796863,81.6,-7.357323347968631,7.357323347968631,Prueba,90.97142857142858,LABS diario
2023-03-12,2023-03-13,1,Operativo,Regresión lineal,96.2,91.30455273282412,71.0,4.895447267175882,4.895447267175882,Prueba,92.92857142857143,LABS diario
2023-03-13,2023-03-14,1,Operativo,Regresión lineal,107.5,121.81888529459394,96.2,-14.31888529459394,14.31888529459394,Prueba,98.35714285714286,LABS diario
2023-03-14,2023-03-15,1,Operativo,Regresión lineal,94.5,129.2918163149535,107.5,-34.79181631495351,34.79181631495351,Prueba,104.0,LABS diario
2023-03-15,2023-03-16,1,Operativo,Regresión lineal,139.7,102.10227702567421,94.5,37.59772297432578,37.59772297432578,Prueba,103.3,LABS diario
2023-03-16,2023-03-17,1,Operativo,Regresión lineal,161.5,148.12634389620064,139.7,13.373656103799362,13.373656103799362,Prueba,103.42857142857143,LABS diario
2023-03-17,2023-03-18,1,Operativo,Regresión lineal,126.8,145.04176724484148,161.5,-18.241767244841483,18.241767244841483,Prueba,107.42857142857143,LABS diario
2023-03-18,2023-03-19,1,Operativo,Regresión lineal,187.9,111.49647657325163,126.8,76.40352342674838,76.40352342674838,Prueba,113.88571428571427,LABS diario
2023-03-19,2023-03-20,1,Operativo,Regresión lineal,161.5,179.7087175658474,187.9,-18.208717565847394,18.208717565847394,Prueba,130.58571428571426,LABS diario
2023-03-20,2023-03-21,1,Operativo,Regresión lineal,126.8,145.1825704273113,161.5,-18.382570427311308,18.382570427311308,Prueba,139.91428571428574,LABS diario
2023-03-21,2023-03-22,1,Operativo,Regresión lineal,107.2,131.93443231296325,126.8,-24.73443231296325,24.73443231296325,Prueba,142.67142857142858,LABS diario
2023-03-22,2023-03-23,1,Operativo,Regresión lineal,88.1,119.95169781809187,107.2,-31.85169781809188,31.85169781809188,Prueba,144.4857142857143,LABS diario
2023-03-23,2023-03-24,1,Operativo,Regresión lineal,98.5,101.58529766281404,88.1,-3.0852976628140425,3.0852976628140425,Prueba,137.1142857142857,LABS diario
2023-03-24,2023-03-25,1,Operativo,Regresión lineal,84.0,113.94142620148693,98.5,-29.941426201486934,29.941426201486934,Prueba,128.1142857142857,LABS diario
2023-03-25,2023-03-26,1,Operativo,Regresión lineal,72.1,91.03575182154685,84.0,-18.93575182154686,18.93575182154686,Prueba,122.0,LABS diario
2023-03-26,2023-03-27,1,Operativo,Regresión lineal,75.2,76.23034927038009,72.1,-1.0303492703800856,1.0303492703800856,Prueba,105.45714285714284,LABS diario
2023-03-27,2023-03-28,1,Operativo,Regresión lineal,83.3,87.73434542148578,75.2,-4.434345421485787,4.434345421485787,Prueba,93.12857142857145,LABS diario
2023-03-28,2023-03-29,1,Operativo,Regresión lineal,93.6,97.18714615280902,83.3,-3.5871461528090265,3.5871461528090265,Prueba,86.91428571428571,LABS diario
2023-03-29,2023-03-30,1,Operativo,Regresión lineal,62.0,108.22317800279019,93.6,-46.22317800279019,46.22317800279019,Prueba,84.97142857142856,LABS diario
2023-03-30,2023-03-31,1,Operativo,Regresión lineal,66.0,77.41092583695908,62.0,-11.41092583695908,11.41092583695908,Prueba,81.24285714285713,LABS diario
2022-09-28,2022-10-01,3,Operativo,Regresión lineal,189.2,140.58121501864076,141.7,48.61878498135923,48.61878498135923,Prueba,144.71428571428572,LABS diario
2022-09-29,2022-10-02,3,Operativo,Regresión lineal,166.4,142.43555807585005,143.5,23.964441924149952,23.964441924149952,Prueba,143.85714285714286,LABS diario
2022-09-30,2022-10-03,3,Operativo,Regresión lineal,149.6,152.56854991632292,157.4,-2.968549916322928,2.968549916322928,Prueba,144.37142857142857,LABS diario
2022-10-01,2022-10-04,3,Operativo,Regresión lineal,154.7,146.1364616011746,189.2,8.563538398825386,8.563538398825386,Prueba,150.22857142857143,LABS diario
2022-10-02,2022-10-05,3,Operativo,Regresión lineal,146.0,143.37532008416497,166.4,2.6246799158350314,2.6246799158350314,Prueba,154.41428571428574,LABS diario
2022-10-03,2022-10-06,3,Operativo,Regresión lineal,148.8,137.81520154785355,149.6,10.984798452146464,10.984798452146464,Prueba,155.62857142857143,LABS diario
2022-10-04,2022-10-07,3,Operativo,Regresión lineal,140.8,133.84208210872083,154.7,6.95791789127918,6.95791789127918,Prueba,157.5,LABS diario
2022-10-05,2022-10-08,3,Operativo,Regresión lineal,125.3,132.03771384497767,146.0,-6.737713844977677,6.737713844977677,Prueba,158.1142857142857,LABS diario
2022-10-06,2022-10-09,3,Operativo,Regresión lineal,67.4,132.33265460993167,148.8,-64.93265460993166,64.93265460993166,Prueba,158.87142857142857,LABS diario
2022-10-07,2022-10-10,3,Operativo,Regresión lineal,104.8,113.12734243698722,140.8,-8.327342436987223,8.327342436987223,Prueba,156.5,LABS diario
2022-10-08,2022-10-11,3,Operativo,Regresión lineal,109.3,118.62214665669691,125.3,-9.322146656696916,9.322146656696916,Prueba,147.3714285714286,LABS diario
2022-10-09,2022-10-12,3,Operativo,Regresión lineal,110.4,95.45877314477754,67.4,14.941226855222467,14.941226855222467,Prueba,133.22857142857143,LABS diario
2022-10-10,2022-10-13,3,Operativo,Regresión lineal,131.9,124.30886714703493,104.8,7.591132852965075,7.591132852965075,Prueba,126.82857142857144,LABS diario
2022-10-11,2022-10-14,3,Operativo,Regresión lineal,151.0,110.89103055277832,109.3,40.10896944722168,40.10896944722168,Prueba,120.34285714285714,LABS diario
2022-10-12,2022-10-15,3,Operativo,Regresión lineal,137.3,109.59306455344336,110.4,27.706935446556656,27.706935446556656,Prueba,115.25714285714285,LABS diario
2022-10-13,2022-10-16,3,Operativo,Regresión lineal,149.3,76.77935465029302,131.9,72.520645349707,72.520645349707,Prueba,112.84285714285716,LABS diario
2022-10-14,2022-10-17,3,Operativo,Regresión lineal,142.6,106.25445697214568,151.0,36.34554302785432,36.34554302785432,Prueba,114.29999999999998,LABS diario
2022-10-15,2022-10-18,3,Operativo,Regresión lineal,165.8,95.28399031316846,137.3,70.51600968683155,70.51600968683155,Prueba,116.01428571428572,LABS diario
2022-10-16,2022-10-19,3,Operativo,Regresión lineal,166.0,114.2469090998095,149.3,51.7530909001905,51.7530909001905,Prueba,127.71428571428571,LABS diario
2022-10-17,2022-10-20,3,Operativo,Regresión lineal,171.3,128.89679163855862,142.6,42.403208361441386,42.403208361441386,Prueba,133.1142857142857,LABS diario
2022-10-18,2022-10-21,3,Operativo,Regresión lineal,170.0,131.31117213197496,165.8,38.688827868025044,38.688827868025044,Prueba,141.18571428571428,LABS diario
2022-10-19,2022-10-22,3,Operativo,Regresión lineal,116.4,160.52436214378127,166.0,-44.12436214378127,44.12436214378127,Prueba,149.12857142857143,LABS diario
2022-10-20,2022-10-23,3,Operativo,Regresión lineal,89.1,139.88959035815395,171.3,-50.78959035815396,50.78959035815396,Prueba,154.75714285714284,LABS diario
2022-10-21,2022-10-24,3,Operativo,Regresión lineal,81.8,122.23121932516472,170.0,-40.43121932516472,40.43121932516472,Prueba,157.47142857142856,LABS diario
2022-10-22,2022-10-25,3,Operativo,Regresión lineal,48.0,118.30960974335136,116.4,-70.30960974335136,70.30960974335136,Prueba,154.4857142857143,LABS diario
2022-10-23,2022-10-26,3,Operativo,Regresión lineal,35.2,119.80163533308057,89.1,-84.60163533308057,84.60163533308057,Prueba,145.8857142857143,LABS diario
2022-10-24,2022-10-27,3,Operativo,Regresión lineal,62.9,113.3172731733238,81.8,-50.4172731733238,50.4172731733238,Prueba,137.20000000000002,LABS diario
2022-10-25,2022-10-28,3,Operativo,Regresión lineal,92.2,92.4066429330392,48.0,-0.20664293303919123,0.20664293303919123,Prueba,120.37142857142858,LABS diario
2022-10-26,2022-10-29,3,Operativo,Regresión lineal,78.5,81.87676852785887,35.2,-3.3767685278588715,3.3767685278588715,Prueba,101.68571428571428,LABS diario
2022-10-27,2022-10-30,3,Operativo,Regresión lineal,69.2,82.18726076203981,62.9,-12.98726076203981,12.98726076203981,Prueba,86.2,LABS diario
2022-10-28,2022-10-31,3,Operativo,Regresión lineal,84.0,82.26818386470596,92.2,1.7318161352940393,1.7318161352940393,Prueba,75.08571428571429,LABS diario
2022-10-29,2022-11-01,3,Operativo,Regresión lineal,108.2,74.71679443567524,78.5,33.48320556432476,33.48320556432476,Prueba,69.67142857142856,LABS diario
2022-10-30,2022-11-02,3,Operativo,Regresión lineal,134.1,81.38969025999802,69.2,52.710309740001975,52.710309740001975,Prueba,66.82857142857144,LABS diario
2022-10-31,2022-11-03,3,Operativo,Regresión lineal,148.5,90.19109779922938,84.0,58.30890220077062,58.30890220077062,Prueba,67.14285714285714,LABS diario
2022-11-01,2022-11-04,3,Operativo,Regresión lineal,141.1,108.0792960967725,108.2,33.0207039032275,33.0207039032275,Prueba,75.74285714285715,LABS diario
2022-11-02,2022-11-05,3,Operativo,Regresión lineal,105.1,121.25466022966293,134.1,-16.154660229662937,16.154660229662937,Prueba,89.87142857142855,LABS diario
2022-11-03,2022-11-06,3,Operativo,Regresión lineal,3.8,116.80061503855055,148.5,-113.00061503855055,113.00061503855055,Prueba,102.10000000000001,LABS diario
2022-11-04,2022-11-07,3,Operativo,Regresión lineal,92.8,99.08424496097733,141.1,-6.2842449609773325,6.2842449609773325,Prueba,109.08571428571427,LABS diario
2022-11-05,2022-11-08,3,Operativo,Regresión lineal,134.0,110.2008645836699,105.1,23.799135416330103,23.799135416330103,Prueba,112.88571428571427,LABS diario
2022-11-06,2022-11-09,3,Operativo,Regresión lineal,178.0,96.19559267299967,3.8,81.80440732700033,81.80440732700033,Prueba,103.54285714285713,LABS diario
2022-11-07,2022-11-10,3,Operativo,Regresión lineal,183.5,139.2310337092758,92.8,44.268966290724194,44.268966290724194,Prueba,104.8,LABS diario
2022-11-08,2022-11-11,3,Operativo,Regresión lineal,127.4,131.9841560544231,134.0,-4.58415605442309,4.58415605442309,Prueba,108.48571428571428,LABS diario
2022-11-09,2022-11-12,3,Operativo,Regresión lineal,93.4,112.43722444745259,178.0,-19.037224447452587,19.037224447452587,Prueba,114.75714285714285,LABS diario
2022-11-10,2022-11-13,3,Operativo,Regresión lineal,77.0,104.11236536393844,183.5,-27.112365363938437,27.112365363938437,Prueba,119.75714285714285,LABS diario
2022-11-11,2022-11-14,3,Operativo,Regresión lineal,75.4,91.36687508411445,127.4,-15.966875084114449,15.966875084114449,Prueba,117.8,LABS diario
2022-11-12,2022-11-15,3,Operativo,Regresión lineal,72.7,106.64654424274647,93.4,-33.94654424274647,33.94654424274647,Prueba,116.12857142857142,LABS diario
2022-11-13,2022-11-16,3,Operativo,Regresión lineal,113.6,130.34491988067586,77.0,-16.744919880675866,16.744919880675866,Prueba,126.58571428571429,LABS diario
2022-11-14,2022-11-17,3,Operativo,Regresión lineal,115.7,108.6828008155534,75.4,7.017199184446596,7.017199184446596,Prueba,124.10000000000001,LABS diario
2022-11-15,2022-11-18,3,Operativo,Regresión lineal,151.8,92.7049628741759,72.7,59.095037125824106,59.095037125824106,Prueba,115.34285714285714,LABS diario
2022-11-16,2022-11-19,3,Operativo,Regresión lineal,95.3,84.18238002886868,113.6,11.117619971131319,11.117619971131319,Prueba,106.14285714285714,LABS diario
2022-11-17,2022-11-20,3,Operativo,Regresión lineal,83.8,77.62836958201643,115.7,6.171630417983565,6.171630417983565,Prueba,96.45714285714287,LABS diario
2022-11-18,2022-11-21,3,Operativo,Regresión lineal,98.8,86.38795028455326,151.8,12.412049715446742,12.412049715446742,Prueba,99.94285714285715,LABS diario
2022-11-19,2022-11-22,3,Operativo,Regresión lineal,131.8,82.5509687541776,95.3,49.24903124582241,49.24903124582241,Prueba,100.21428571428571,LABS diario
2022-11-20,2022-11-23,3,Operativo,Regresión lineal,142.7,92.59390996814757,83.8,50.10609003185242,50.10609003185242,Prueba,101.1857142857143,LABS diario
2022-11-21,2022-11-24,3,Operativo,Regresión lineal,98.2,108.36576262322778,98.8,-10.165762623227778,10.165762623227778,Prueba,104.52857142857144,LABS diario
2022-11-22,2022-11-25,3,Operativo,Regresión lineal,78.6,120.9968535465396,131.8,-42.3968535465396,42.3968535465396,Prueba,112.97142857142856,LABS diario
2022-11-23,2022-11-26,3,Operativo,Regresión lineal,66.9,109.95842137201548,142.7,-43.058421372015474,43.058421372015474,Prueba,117.12857142857142,LABS diario
2022-11-24,2022-11-27,3,Operativo,Regresión lineal,45.5,89.19349750205328,98.2,-43.693497502053276,43.693497502053276,Prueba,114.62857142857145,LABS diario
2022-11-25,2022-11-28,3,Operativo,Regresión lineal,74.6,81.93394568055483,78.6,-7.333945680554834,7.333945680554834,Prueba,104.17142857142856,LABS diario
2022-11-26,2022-11-29,3,Operativo,Regresión lineal,77.5,102.62723376495407,66.9,-25.12723376495407,25.12723376495407,Prueba,100.11428571428573,LABS diario
2022-11-27,2022-11-30,3,Operativo,Regresión lineal,50.9,97.21351220989364,45.5,-46.31351220989364,46.31351220989364,Prueba,94.64285714285714,LABS diario
2022-11-28,2022-12-01,3,Operativo,Regresión lineal,67.1,99.90453653701621,74.6,-32.80453653701622,32.80453653701622,Prueba,91.18571428571428,LABS diario
2022-11-29,2022-12-02,3,Operativo,Regresión lineal,110.9,78.8163680075242,77.5,32.0836319924758,32.0836319924758,Prueba,83.42857142857143,LABS diario
2022-11-30,2022-12-03,3,Operativo,Regresión lineal,111.6,57.63838392452516,50.9,53.961616075474836,53.961616075474836,Prueba,70.31428571428572,LABS diario
2022-12-01,2022-12-04,3,Operativo,Regresión lineal,103.5,76.13758307615666,67.1,27.36241692384334,27.36241692384334,Prueba,65.87142857142858,LABS diario
2022-12-02,2022-12-05,3,Operativo,Regresión lineal,106.0,81.98440182647064,110.9,24.015598173529355,24.015598173529355,Prueba,70.48571428571428,LABS diario
2022-12-03,2022-12-06,3,Operativo,Regresión lineal,135.4,87.61565143299536,111.6,47.78434856700464,47.78434856700464,Prueba,76.87142857142858,LABS diario
2022-12-04,2022-12-07,3,Operativo,Regresión lineal,198.1,89.90562109881161,103.5,108.19437890118839,108.19437890118839,Prueba,85.15714285714286,LABS diario
2022-12-05,2022-12-08,3,Operativo,Regresión lineal,216.9,88.25137149471607,106.0,128.64862850528394,128.64862850528394,Prueba,89.64285714285714,LABS diario
2022-12-06,2022-12-09,3,Operativo,Regresión lineal,211.9,105.39848897872162,135.4,106.50151102127839,106.50151102127839,Prueba,97.91428571428571,LABS diario
2022-12-07,2022-12-10,3,Operativo,Regresión lineal,173.6,135.07222463532398,198.1,38.52777536467602,38.52777536467602,Prueba,118.94285714285715,LABS diario
2022-12-08,2022-12-11,3,Operativo,Regresión lineal,143.8,131.65356211082857,216.9,12.146437889171438,12.146437889171438,Prueba,140.34285714285713,LABS diario
2022-12-09,2022-12-12,3,Operativo,Regresión lineal,111.3,117.22416769124386,211.9,-5.924167691243866,5.924167691243866,Prueba,154.77142857142857,LABS diario
2022-12-10,2022-12-13,3,Operativo,Regresión lineal,118.4,116.45723247357172,173.6,1.942767526428284,1.942767526428284,Prueba,163.62857142857143,LABS diario
2022-12-11,2022-12-14,3,Operativo,Regresión lineal,146.7,142.72246937318388,143.8,3.9775306268161046,3.9775306268161046,Prueba,169.3857142857143,LABS diario
2022-12-12,2022-12-15,3,Operativo,Regresión lineal,120.2,133.81599376779909,111.3,-13.615993767799083,13.615993767799083,Prueba,170.14285714285714,LABS diario
2022-12-13,2022-12-16,3,Operativo,Regresión lineal,114.1,124.80755664953722,118.4,-10.707556649537224,10.707556649537224,Prueba,167.71428571428572,LABS diario
2022-12-14,2022-12-17,3,Operativo,Regresión lineal,86.2,109.55021302335912,146.7,-23.350213023359117,23.350213023359117,Prueba,160.37142857142857,LABS diario
2022-12-15,2022-12-18,3,Operativo,Regresión lineal,74.2,87.8177283679804,120.2,-13.61772836798039,13.61772836798039,Prueba,146.55714285714288,LABS diario
2022-12-16,2022-12-19,3,Operativo,Regresión lineal,92.0,87.39660248128301,114.1,4.603397518716989,4.603397518716989,Prueba,132.5857142857143,LABS diario
2022-12-17,2022-12-20,3,Operativo,Regresión lineal,131.1,85.71798967642079,86.2,45.38201032357921,45.38201032357921,Prueba,120.10000000000001,LABS diario
2022-12-18,2022-12-21,3,Operativo,Regresión lineal,202.1,88.0043506113831,74.2,114.09564938861689,114.09564938861689,Prueba,110.15714285714286,LABS diario
2022-12-19,2022-12-22,3,Operativo,Regresión lineal,197.7,88.87357802497375,92.0,108.82642197502624,108.82642197502624,Prueba,107.39999999999999,LABS diario
2022-12-20,2022-12-23,3,Operativo,Regresión lineal,123.1,112.22689573964672,131.1,10.873104260353273,10.873104260353273,Prueba,109.21428571428571,LABS diario
2022-12-21,2022-12-24,3,Operativo,Regresión lineal,87.1,118.93841440293023,202.1,-31.83841440293024,31.83841440293024,Prueba,117.12857142857142,LABS diario
2022-12-22,2022-12-25,3,Operativo,Regresión lineal,57.1,112.4903388261428,197.7,-55.3903388261428,55.3903388261428,Prueba,128.2,LABS diario
2022-12-23,2022-12-26,3,Operativo,Regresión lineal,43.5,93.67708817061018,123.1,-50.177088170610176,50.177088170610176,Prueba,129.4857142857143,LABS diario
2022-12-24,2022-12-27,3,Operativo,Regresión lineal,111.8,112.64239768505003,87.1,-0.842397685050031,0.842397685050031,Prueba,129.61428571428573,LABS diario
2022-12-25,2022-12-28,3,Operativo,Regresión lineal,220.2,112.95683943423143,57.1,107.24316056576856,107.24316056576856,Prueba,127.17142857142858,LABS diario
2022-12-26,2022-12-29,3,Operativo,Regresión lineal,229.3,101.2862328306421,43.5,128.0137671693579,128.0137671693579,Prueba,120.24285714285715,LABS diario
2022-12-27,2022-12-30,3,Operativo,Regresión lineal,200.9,111.70569350313826,111.8,89.19430649686174,89.19430649686174,Prueba,117.48571428571428,LABS diario
2022-12-28,2022-12-31,3,Operativo,Regresión lineal,112.9,126.18780542935463,220.2,-13.28780542935462,13.28780542935462,Prueba,120.07142857142857,LABS diario
2022-12-29,2023-01-01,3,Operativo,Regresión lineal,80.3,91.25572397048981,229.3,-10.955723970489814,10.955723970489814,Prueba,124.58571428571429,LABS diario
2022-12-30,2023-01-02,3,Operativo,Regresión lineal,78.9,96.93422527270185,200.9,-18.034225272701846,18.034225272701846,Prueba,135.7,LABS diario
2022-12-31,2023-01-03,3,Operativo,Regresión lineal,146.7,110.93726561108946,112.9,35.76273438891053,35.76273438891053,Prueba,139.3857142857143,LABS diario
2023-01-01,2023-01-04,3,Operativo,Regresión lineal,187.1,135.1336255486074,80.3,51.966374451392596,51.966374451392596,Prueba,142.7,LABS diario
2023-01-02,2023-01-05,3,Operativo,Regresión lineal,146.1,138.12785810242886,78.9,7.9721418975711345,7.9721418975711345,Prueba,147.75714285714284,LABS diario
2023-01-03,2023-01-06,3,Operativo,Regresión lineal,107.9,132.50608831936182,146.7,-24.606088319361817,24.606088319361817,Prueba,152.74285714285716,LABS diario
2023-01-04,2023-01-07,3,Operativo,Regresión lineal,78.5,105.63009715035307,187.1,-27.130097150353066,27.130097150353066,Prueba,148.0142857142857,LABS diario
2023-01-05,2023-01-08,3,Operativo,Regresión lineal,76.2,72.87365285875813,146.1,3.326347141241868,3.326347141241868,Prueba,136.12857142857143,LABS diario
2023-01-06,2023-01-09,3,Operativo,Regresión lineal,113.7,76.57887189438622,107.9,37.12112810561378,37.12112810561378,Prueba,122.84285714285714,LABS diario
2023-01-07,2023-01-10,3,Operativo,Regresión lineal,144.1,99.49887168528858,78.5,44.60112831471142,44.60112831471142,Prueba,117.92857142857143,LABS diario
2023-01-08,2023-01-11,3,Operativo,Regresión lineal,136.5,106.95849200890959,76.2,29.541507991090413,29.541507991090413,Prueba,117.34285714285714,LABS diario
2023-01-09,2023-01-12,3,Operativo,Regresión lineal,70.9,119.28602701211526,113.7,-48.38602701211525,48.38602701211525,Prueba,122.31428571428572,LABS diario
2023-01-10,2023-01-13,3,Operativo,Regresión lineal,95.7,105.43846621642344,144.1,-9.738466216423433,9.738466216423433,Prueba,121.94285714285714,LABS diario
2023-01-11,2023-01-14,3,Operativo,Regresión lineal,92.9,74.48881798049331,136.5,18.411182019506697,18.411182019506697,Prueba,114.71428571428571,LABS diario
2023-01-12,2023-01-15,3,Operativo,Regresión lineal,74.5,67.5892056018132,70.9,6.910794398186795,6.910794398186795,Prueba,103.97142857142856,LABS diario
2023-01-13,2023-01-16,3,Operativo,Regresión lineal,97.0,98.21943870400216,95.7,-1.2194387040021581,1.2194387040021581,Prueba,102.22857142857143,LABS diario
2023-01-14,2023-01-17,3,Operativo,Regresión lineal,149.8,100.05927311311102,92.9,49.74072688688899,49.74072688688899,Prueba,104.28571428571429,LABS diario
2023-01-15,2023-01-18,3,Operativo,Regresión lineal,151.3,88.08904306732654,74.5,63.21095693267347,63.21095693267347,Prueba,104.04285714285713,LABS diario
2023-01-16,2023-01-19,3,Operativo,Regresión lineal,161.7,83.50439549833061,97.0,78.19560450166938,78.19560450166938,Prueba,101.65714285714284,LABS diario
2023-01-17,2023-01-20,3,Operativo,Regresión lineal,148.8,95.77572521881935,149.8,53.024274781180665,53.024274781180665,Prueba,102.47142857142858,LABS diario
2023-01-18,2023-01-21,3,Operativo,Regresión lineal,157.3,79.79567267338787,151.3,77.50432732661214,77.50432732661214,Prueba,104.5857142857143,LABS diario
2023-01-19,2023-01-22,3,Operativo,Regresión lineal,154.3,85.94546280184282,161.7,68.35453719815719,68.35453719815719,Prueba,117.55714285714285,LABS diario
2023-01-20,2023-01-23,3,Operativo,Regresión lineal,167.1,87.14667007794685,148.8,79.95332992205314,79.95332992205314,Prueba,125.14285714285714,LABS diario
2023-01-21,2023-01-24,3,Operativo,Regresión lineal,191.7,99.20398294102222,157.3,92.49601705897777,92.49601705897777,Prueba,134.34285714285716,LABS diario
2023-01-22,2023-01-25,3,Operativo,Regresión lineal,184.1,118.24951709461064,154.3,65.85048290538936,65.85048290538936,Prueba,145.74285714285716,LABS diario
2023-01-23,2023-01-26,3,Operativo,Regresión lineal,171.8,124.2932274753337,167.1,47.50677252466632,47.50677252466632,Prueba,155.7571428571429,LABS diario
2023-01-24,2023-01-27,3,Operativo,Regresión lineal,141.9,118.42179469135343,191.7,23.47820530864658,23.47820530864658,Prueba,161.74285714285716,LABS diario
2023-01-25,2023-01-28,3,Operativo,Regresión lineal,77.6,112.42238909518758,184.1,-34.82238909518759,34.82238909518759,Prueba,166.42857142857142,LABS diario
2023-01-26,2023-01-29,3,Operativo,Regresión lineal,66.6,111.10282113466212,171.8,-44.50282113466213,44.50282113466213,Prueba,167.87142857142857,LABS diario
2023-01-27,2023-01-30,3,Operativo,Regresión lineal,78.9,113.1320579013211,141.9,-34.2320579013211,34.2320579013211,Prueba,166.8857142857143,LABS diario
2023-01-28,2023-01-31,3,Operativo,Regresión lineal,113.7,100.58314296806252,77.6,13.116857031937485,13.116857031937485,Prueba,155.5,LABS diario
2023-01-29,2023-02-01,3,Operativo,Regresión lineal,132.6,99.26262169340222,66.6,33.33737830659777,33.33737830659777,Prueba,142.9714285714286,LABS diario
2023-01-30,2023-02-02,3,Operativo,Regresión lineal,136.1,93.66648803763147,78.9,42.43351196236853,42.43351196236853,Prueba,130.37142857142857,LABS diario
2023-01-31,2023-02-03,3,Operativo,Regresión lineal,122.7,88.84632588516365,113.7,33.85367411483635,33.85367411483635,Prueba,119.22857142857143,LABS diario
2023-02-01,2023-02-04,3,Operativo,Regresión lineal,78.7,82.58726585464393,132.6,-3.8872658546439283,3.8872658546439283,Prueba,111.87142857142855,LABS diario
2023-02-02,2023-02-05,3,Operativo,Regresión lineal,62.9,71.24720544260337,136.1,-8.347205442603375,8.347205442603375,Prueba,106.77142857142857,LABS diario
2023-02-03,2023-02-06,3,Operativo,Regresión lineal,75.4,72.06534999639443,122.7,3.3346500036055744,3.3346500036055744,Prueba,104.02857142857144,LABS diario
2023-02-04,2023-02-07,3,Operativo,Regresión lineal,112.1,85.10562890152929,78.7,26.994371098470708,26.994371098470708,Prueba,104.18571428571428,LABS diario
2023-02-05,2023-02-08,3,Operativo,Regresión lineal,126.0,100.19696087004777,62.9,25.803039129952225,25.803039129952225,Prueba,103.65714285714286,LABS diario
2023-02-06,2023-02-09,3,Operativo,Regresión lineal,149.0,101.65477992951003,75.4,47.34522007048997,47.34522007048997,Prueba,103.15714285714286,LABS diario
2023-02-07,2023-02-10,3,Operativo,Regresión lineal,165.6,99.3237498023635,112.1,66.2762501976365,66.2762501976365,Prueba,102.92857142857143,LABS diario
2023-02-08,2023-02-11,3,Operativo,Regresión lineal,131.5,94.82720008779896,126.0,36.67279991220104,36.67279991220104,Prueba,101.9857142857143,LABS diario
2023-02-09,2023-02-12,3,Operativo,Regresión lineal,117.8,81.66735923630213,149.0,36.132640763697864,36.132640763697864,Prueba,103.82857142857144,LABS diario
2023-02-10,2023-02-13,3,Operativo,Regresión lineal,113.2,91.72878963805711,165.6,21.471210361942894,21.471210361942894,Prueba,109.95714285714287,LABS diario
2023-02-11,2023-02-14,3,Operativo,Regresión lineal,134.5,89.78533182867032,131.5,44.71466817132968,44.71466817132968,Prueba,117.5,LABS diario
2023-02-12,2023-02-15,3,Operativo,Regresión lineal,147.8,115.8813103007525,117.8,31.91868969924751,31.91868969924751,Prueba,125.34285714285714,LABS diario
2023-02-13,2023-02-16,3,Operativo,Regresión lineal,119.9,113.89763812273442,113.2,6.002361877265585,6.002361877265585,Prueba,130.74285714285716,LABS diario
2023-02-14,2023-02-17,3,Operativo,Regresión lineal,69.4,116.18543511344998,134.5,-46.78543511344998,46.78543511344998,Prueba,133.94285714285712,LABS diario
2023-02-15,2023-02-18,3,Operativo,Regresión lineal,85.1,112.11660940957003,147.8,-27.016609409570037,27.016609409570037,Prueba,137.05714285714285,LABS diario
2023-02-16,2023-02-19,3,Operativo,Regresión lineal,83.4,92.95006894952198,119.9,-9.550068949521972,9.550068949521972,Prueba,132.9,LABS diario
2023-02-17,2023-02-20,3,Operativo,Regresión lineal,63.9,85.37369736885219,69.4,-21.473697368852193,21.473697368852193,Prueba,119.15714285714287,LABS diario
2023-02-18,2023-02-21,3,Operativo,Regresión lineal,99.1,110.91334858546944,85.1,-11.813348585469441,11.813348585469441,Prueba,112.52857142857144,LABS diario
2023-02-19,2023-02-22,3,Operativo,Regresión lineal,160.1,105.09436922337693,83.4,55.005630776623065,55.005630776623065,Prueba,107.61428571428571,LABS diario
2023-02-20,2023-02-23,3,Operativo,Regresión lineal,176.7,84.7556115807988,63.9,91.94438841920119,91.94438841920119,Prueba,100.57142857142857,LABS diario
2023-02-21,2023-02-24,3,Operativo,Regresión lineal,150.3,92.38919544093523,99.1,57.910804559064786,57.910804559064786,Prueba,95.5142857142857,LABS diario
2023-02-22,2023-02-25,3,Operativo,Regresión lineal,99.3,96.94280182979288,160.1,2.3571981702071128,2.3571981702071128,Prueba,97.27142857142857,LABS diario
2023-02-23,2023-02-26,3,Operativo,Regresión lineal,89.7,96.18015464210828,176.7,-6.480154642108275,6.480154642108275,Prueba,105.38571428571429,LABS diario
2023-02-24,2023-02-27,3,Operativo,Regresión lineal,132.1,105.30839071222883,150.3,26.791609287771166,26.791609287771166,Prueba,116.94285714285714,LABS diario
2023-02-25,2023-02-28,3,Operativo,Regresión lineal,185.6,114.00113518503336,99.3,71.59886481496663,71.59886481496663,Prueba,118.97142857142858,LABS diario
2023-02-26,2023-03-01,3,Operativo,Regresión lineal,170.1,119.854726877612,89.7,50.245273122388,50.245273122388,Prueba,119.87142857142858,LABS diario
2023-02-27,2023-03-02,3,Operativo,Regresión lineal,132.0,126.81109226803576,132.1,5.188907731964235,5.188907731964235,Prueba,129.6142857142857,LABS diario
2023-02-28,2023-03-03,3,Operativo,Regresión lineal,86.6,152.17956584292426,185.6,-65.57956584292427,65.57956584292427,Prueba,141.9714285714286,LABS diario
2023-03-01,2023-03-04,3,Operativo,Regresión lineal,72.8,121.04273928620518,170.1,-48.24273928620518,48.24273928620518,Prueba,143.4,LABS diario
2023-03-02,2023-03-05,3,Operativo,Regresión lineal,57.3,110.78001999032944,132.0,-53.48001999032944,53.48001999032944,Prueba,137.0142857142857,LABS diario
2023-03-03,2023-03-06,3,Operativo,Regresión lineal,58.2,115.73266693743115,86.6,-57.532666937431145,57.532666937431145,Prueba,127.91428571428571,LABS diario
2023-03-04,2023-03-07,3,Operativo,Regresión lineal,68.0,129.46321048345825,72.8,-61.463210483458255,61.463210483458255,Prueba,124.12857142857142,LABS diario
2023-03-05,2023-03-08,3,Operativo,Regresión lineal,99.4,122.77067468529692,57.3,-23.37067468529692,23.37067468529692,Prueba,119.5,LABS diario
2023-03-06,2023-03-09,3,Operativo,Regresión lineal,138.8,105.59281599399814,58.2,33.20718400600187,33.20718400600187,Prueba,108.94285714285715,LABS diario
2023-03-07,2023-03-10,3,Operativo,Regresión lineal,133.5,84.57452688417115,68.0,48.92547311582885,48.92547311582885,Prueba,92.14285714285714,LABS diario
2023-03-08,2023-03-11,3,Operativo,Regresión lineal,81.6,93.97348770010584,99.4,-12.37348770010584,12.37348770010584,Prueba,82.04285714285713,LABS diario
2023-03-09,2023-03-12,3,Operativo,Regresión lineal,71.0,97.12158282683133,138.8,-26.12158282683133,26.12158282683133,Prueba,83.01428571428572,LABS diario
2023-03-10,2023-03-13,3,Operativo,Regresión lineal,96.2,110.236163695051,133.5,-14.036163695051002,14.036163695051002,Prueba,89.71428571428571,LABS diario
2023-03-11,2023-03-14,3,Operativo,Regresión lineal,107.5,117.00873965414894,81.6,-9.50873965414894,9.50873965414894,Prueba,90.97142857142858,LABS diario
2023-03-12,2023-03-15,3,Operativo,Regresión lineal,94.5,137.81826682403346,71.0,-43.31826682403346,43.31826682403346,Prueba,92.92857142857143,LABS diario
2023-03-13,2023-03-16,3,Operativo,Regresión lineal,139.7,139.08931628780076,96.2,0.6106837121992328,0.6106837121992328,Prueba,98.35714285714286,LABS diario
2023-03-14,2023-03-17,3,Operativo,Regresión lineal,161.5,127.74046649395686,107.5,33.75953350604314,33.75953350604314,Prueba,104.0,LABS diario
2023-03-15,2023-03-18,3,Operativo,Regresión lineal,126.8,105.30440898739819,94.5,21.495591012601807,21.495591012601807,Prueba,103.3,LABS diario
2023-03-16,2023-03-19,3,Operativo,Regresión lineal,187.9,129.86256087355244,139.7,58.037439126447566,58.037439126447566,Prueba,103.42857142857143,LABS diario
2023-03-17,2023-03-20,3,Operativo,Regresión lineal,161.5,124.7576015134694,161.5,36.742398486530604,36.742398486530604,Prueba,107.42857142857143,LABS diario
2023-03-18,2023-03-21,3,Operativo,Regresión lineal,126.8,121.17543661703792,126.8,5.62456338296208,5.62456338296208,Prueba,113.88571428571427,LABS diario
2023-03-19,2023-03-22,3,Operativo,Regresión lineal,107.2,167.23845372549133,187.9,-60.03845372549132,60.03845372549132,Prueba,130.58571428571426,LABS diario
2023-03-20,2023-03-23,3,Operativo,Regresión lineal,88.1,151.29452626095423,161.5,-63.194526260954234,63.194526260954234,Prueba,139.91428571428574,LABS diario
2023-03-21,2023-03-24,3,Operativo,Regresión lineal,98.5,131.37648801255463,126.8,-32.87648801255463,32.87648801255463,Prueba,142.67142857142858,LABS diario
2023-03-22,2023-03-25,3,Operativo,Regresión lineal,84.0,141.70343051556898,107.2,-57.70343051556898,57.70343051556898,Prueba,144.4857142857143,LABS diario
2023-03-23,2023-03-26,3,Operativo,Regresión lineal,72.1,120.93870568137578,88.1,-48.838705681375785,48.838705681375785,Prueba,137.1142857142857,LABS diario
2023-03-24,2023-03-27,3,Operativo,Regresión lineal,75.2,118.66703210686835,98.5,-43.467032106868345,43.467032106868345,Prueba,128.1142857142857,LABS diario
2023-03-25,2023-03-28,3,Operativo,Regresión lineal,83.3,103.18998766296998,84.0,-19.889987662969986,19.889987662969986,Prueba,122.0,LABS diario
2023-03-26,2023-03-29,3,Operativo,Regresión lineal,93.6,85.35350695400258,72.1,8.246493045997411,8.246493045997411,Prueba,105.45714285714284,LABS diario
2023-03-27,2023-03-30,3,Operativo,Regresión lineal,62.0,88.41280429112925,75.2,-26.412804291129248,26.412804291129248,Prueba,93.12857142857145,LABS diario
2023-03-28,2023-03-31,3,Operativo,Regresión lineal,66.0,93.53341178976869,83.3,-27.533411789768692,27.533411789768692,Prueba,86.91428571428571,LABS diario
2022-09-24,2022-10-01,7,Estabilidad,Random Forest B,189.2,107.26901625686995,148.2,81.93098374313004,81.93098374313004,Prueba,140.0142857142857,LABS diario
2022-09-25,2022-10-02,7,Estabilidad,Random Forest B,166.4,110.8162905282479,137.1,55.5837094717521,55.5837094717521,Prueba,142.0142857142857,LABS diario
2022-09-26,2022-10-03,7,Estabilidad,Random Forest B,149.6,118.12020089724396,141.1,31.479799102756033,31.479799102756033,Prueba,144.35714285714286,LABS diario
2022-09-27,2022-10-04,7,Estabilidad,Random Forest B,154.7,128.42362713226356,141.6,26.276372867736427,26.276372867736427,Prueba,144.84285714285713,LABS diario
2022-09-28,2022-10-05,7,Estabilidad,Random Forest B,146.0,130.170537187949,141.7,15.829462812050991,15.829462812050991,Prueba,144.71428571428572,LABS diario
2022-09-29,2022-10-06,7,Estabilidad,Random Forest B,148.8,133.0311731557403,143.5,15.768826844259706,15.768826844259706,Prueba,143.85714285714286,LABS diario
2022-09-30,2022-10-07,7,Estabilidad,Random Forest B,140.8,136.23205060012143,157.4,4.567949399878586,4.567949399878586,Prueba,144.37142857142857,LABS diario
2022-10-01,2022-10-08,7,Estabilidad,Random Forest B,125.3,121.10541000479327,189.2,4.1945899952067265,4.1945899952067265,Prueba,150.22857142857143,LABS diario
2022-10-02,2022-10-09,7,Estabilidad,Random Forest B,67.4,102.82337204234962,166.4,-35.42337204234961,35.42337204234961,Prueba,154.41428571428574,LABS diario
2022-10-03,2022-10-10,7,Estabilidad,Random Forest B,104.8,115.3267396669974,149.6,-10.5267396669974,10.5267396669974,Prueba,155.62857142857143,LABS diario
2022-10-04,2022-10-11,7,Estabilidad,Random Forest B,109.3,113.95886131294411,154.7,-4.658861312944111,4.658861312944111,Prueba,157.5,LABS diario
2022-10-05,2022-10-12,7,Estabilidad,Random Forest B,110.4,117.485588178217,146.0,-7.0855881782169945,7.0855881782169945,Prueba,158.1142857142857,LABS diario
2022-10-06,2022-10-13,7,Estabilidad,Random Forest B,131.9,121.32441021213549,148.8,10.575589787864516,10.575589787864516,Prueba,158.87142857142857,LABS diario
2022-10-07,2022-10-14,7,Estabilidad,Random Forest B,151.0,112.40315291380354,140.8,38.59684708619646,38.59684708619646,Prueba,156.5,LABS diario
2022-10-08,2022-10-15,7,Estabilidad,Random Forest B,137.3,99.38771105094447,125.3,37.91228894905554,37.91228894905554,Prueba,147.3714285714286,LABS diario
2022-10-09,2022-10-16,7,Estabilidad,Random Forest B,149.3,84.67617207947298,67.4,64.62382792052703,64.62382792052703,Prueba,133.22857142857143,LABS diario
2022-10-10,2022-10-17,7,Estabilidad,Random Forest B,142.6,112.06499429440895,104.8,30.535005705591047,30.535005705591047,Prueba,126.82857142857144,LABS diario
2022-10-11,2022-10-18,7,Estabilidad,Random Forest B,165.8,119.4828424057269,109.3,46.31715759427311,46.31715759427311,Prueba,120.34285714285714,LABS diario
2022-10-12,2022-10-19,7,Estabilidad,Random Forest B,166.0,136.45224267887974,110.4,29.547757321120258,29.547757321120258,Prueba,115.25714285714285,LABS diario
2022-10-13,2022-10-20,7,Estabilidad,Random Forest B,171.3,129.283360244937,131.9,42.01663975506301,42.01663975506301,Prueba,112.84285714285716,LABS diario
2022-10-14,2022-10-21,7,Estabilidad,Random Forest B,170.0,133.00573091870766,151.0,36.994269081292344,36.994269081292344,Prueba,114.29999999999998,LABS diario
2022-10-15,2022-10-22,7,Estabilidad,Random Forest B,116.4,114.96752709539139,137.3,1.4324729046086162,1.4324729046086162,Prueba,116.01428571428572,LABS diario
2022-10-16,2022-10-23,7,Estabilidad,Random Forest B,89.1,105.30396506152579,149.3,-16.203965061525793,16.203965061525793,Prueba,127.71428571428571,LABS diario
2022-10-17,2022-10-24,7,Estabilidad,Random Forest B,81.8,103.90156874276525,142.6,-22.101568742765252,22.101568742765252,Prueba,133.1142857142857,LABS diario
2022-10-18,2022-10-25,7,Estabilidad,Random Forest B,48.0,111.66488962981468,165.8,-63.66488962981468,63.66488962981468,Prueba,141.18571428571428,LABS diario
2022-10-19,2022-10-26,7,Estabilidad,Random Forest B,35.2,122.67215093393797,166.0,-87.47215093393797,87.47215093393797,Prueba,149.12857142857143,LABS diario
2022-10-20,2022-10-27,7,Estabilidad,Random Forest B,62.9,124.73718200846767,171.3,-61.83718200846767,61.83718200846767,Prueba,154.75714285714284,LABS diario
2022-10-21,2022-10-28,7,Estabilidad,Random Forest B,92.2,128.9010211324623,170.0,-36.70102113246229,36.70102113246229,Prueba,157.47142857142856,LABS diario
2022-10-22,2022-10-29,7,Estabilidad,Random Forest B,78.5,122.77874709482862,116.4,-44.27874709482862,44.27874709482862,Prueba,154.4857142857143,LABS diario
2022-10-23,2022-10-30,7,Estabilidad,Random Forest B,69.2,89.40688845195413,89.1,-20.20688845195413,20.20688845195413,Prueba,145.8857142857143,LABS diario
2022-10-24,2022-10-31,7,Estabilidad,Random Forest B,84.0,77.65639795237438,81.8,6.343602047625623,6.343602047625623,Prueba,137.20000000000002,LABS diario
2022-10-25,2022-11-01,7,Estabilidad,Random Forest B,108.2,88.30125188207784,48.0,19.898748117922167,19.898748117922167,Prueba,120.37142857142858,LABS diario
2022-10-26,2022-11-02,7,Estabilidad,Random Forest B,134.1,88.59559862518431,35.2,45.504401374815686,45.504401374815686,Prueba,101.68571428571428,LABS diario
2022-10-27,2022-11-03,7,Estabilidad,Random Forest B,148.5,91.46392395326426,62.9,57.036076046735744,57.036076046735744,Prueba,86.2,LABS diario
2022-10-28,2022-11-04,7,Estabilidad,Random Forest B,141.1,117.22100265884907,92.2,23.87899734115092,23.87899734115092,Prueba,75.08571428571429,LABS diario
2022-10-29,2022-11-05,7,Estabilidad,Random Forest B,105.1,100.49116233686941,78.5,4.608837663130586,4.608837663130586,Prueba,69.67142857142856,LABS diario
2022-10-30,2022-11-06,7,Estabilidad,Random Forest B,3.8,93.82649623042681,69.2,-90.02649623042682,90.02649623042682,Prueba,66.82857142857144,LABS diario
2022-10-31,2022-11-07,7,Estabilidad,Random Forest B,92.8,91.70234261760645,84.0,1.0976573823935496,1.0976573823935496,Prueba,67.14285714285714,LABS diario
2022-11-01,2022-11-08,7,Estabilidad,Random Forest B,134.0,109.05152935873657,108.2,24.948470641263427,24.948470641263427,Prueba,75.74285714285715,LABS diario
2022-11-02,2022-11-09,7,Estabilidad,Random Forest B,178.0,100.21049548467406,134.1,77.78950451532594,77.78950451532594,Prueba,89.87142857142855,LABS diario
2022-11-03,2022-11-10,7,Estabilidad,Random Forest B,183.5,100.74901552970842,148.5,82.75098447029158,82.75098447029158,Prueba,102.10000000000001,LABS diario
2022-11-04,2022-11-11,7,Estabilidad,Random Forest B,127.4,89.68516798783227,141.1,37.71483201216773,37.71483201216773,Prueba,109.08571428571427,LABS diario
2022-11-05,2022-11-12,7,Estabilidad,Random Forest B,93.4,91.58358721840443,105.1,1.8164127815955737,1.8164127815955737,Prueba,112.88571428571427,LABS diario
2022-11-06,2022-11-13,7,Estabilidad,Random Forest B,77.0,86.78731352853491,3.8,-9.78731352853491,9.78731352853491,Prueba,103.54285714285713,LABS diario
2022-11-07,2022-11-14,7,Estabilidad,Random Forest B,75.4,90.81094175002438,92.8,-15.410941750024378,15.410941750024378,Prueba,104.8,LABS diario
2022-11-08,2022-11-15,7,Estabilidad,Random Forest B,72.7,106.2995733472877,134.0,-33.5995733472877,33.5995733472877,Prueba,108.48571428571428,LABS diario
2022-11-09,2022-11-16,7,Estabilidad,Random Forest B,113.6,121.62875961177014,178.0,-8.028759611770141,8.028759611770141,Prueba,114.75714285714285,LABS diario
2022-11-10,2022-11-17,7,Estabilidad,Random Forest B,115.7,120.00541133533427,183.5,-4.30541133533427,4.30541133533427,Prueba,119.75714285714285,LABS diario
2022-11-11,2022-11-18,7,Estabilidad,Random Forest B,151.8,107.23924305249515,127.4,44.560756947504856,44.560756947504856,Prueba,117.8,LABS diario
2022-11-12,2022-11-19,7,Estabilidad,Random Forest B,95.3,83.6266811545568,93.4,11.673318845443191,11.673318845443191,Prueba,116.12857142857142,LABS diario
2022-11-13,2022-11-20,7,Estabilidad,Random Forest B,83.8,79.46484689826609,77.0,4.335153101733908,4.335153101733908,Prueba,126.58571428571429,LABS diario
2022-11-14,2022-11-21,7,Estabilidad,Random Forest B,98.8,76.19850274139951,75.4,22.60149725860049,22.60149725860049,Prueba,124.10000000000001,LABS diario
2022-11-15,2022-11-22,7,Estabilidad,Random Forest B,131.8,84.66965761620314,72.7,47.13034238379687,47.13034238379687,Prueba,115.34285714285714,LABS diario
2022-11-16,2022-11-23,7,Estabilidad,Random Forest B,142.7,118.31740372167522,113.6,24.38259627832477,24.38259627832477,Prueba,106.14285714285714,LABS diario
2022-11-17,2022-11-24,7,Estabilidad,Random Forest B,98.2,118.22868530162654,115.7,-20.02868530162654,20.02868530162654,Prueba,96.45714285714287,LABS diario
2022-11-18,2022-11-25,7,Estabilidad,Random Forest B,78.6,117.99395389412187,151.8,-39.39395389412188,39.39395389412188,Prueba,99.94285714285715,LABS diario
2022-11-19,2022-11-26,7,Estabilidad,Random Forest B,66.9,100.68804085187595,95.3,-33.78804085187595,33.78804085187595,Prueba,100.21428571428571,LABS diario
2022-11-20,2022-11-27,7,Estabilidad,Random Forest B,45.5,86.40244638466106,83.8,-40.90244638466106,40.90244638466106,Prueba,101.1857142857143,LABS diario
2022-11-21,2022-11-28,7,Estabilidad,Random Forest B,74.6,97.7982245826536,98.8,-23.19822458265361,23.19822458265361,Prueba,104.52857142857144,LABS diario
2022-11-22,2022-11-29,7,Estabilidad,Random Forest B,77.5,109.329573854367,131.8,-31.829573854367,31.829573854367,Prueba,112.97142857142856,LABS diario
2022-11-23,2022-11-30,7,Estabilidad,Random Forest B,50.9,113.50442138615355,142.7,-62.604421386153554,62.604421386153554,Prueba,117.12857142857142,LABS diario
2022-11-24,2022-12-01,7,Estabilidad,Random Forest B,67.1,108.28132508681792,98.2,-41.18132508681792,41.18132508681792,Prueba,114.62857142857145,LABS diario
2022-11-25,2022-12-02,7,Estabilidad,Random Forest B,110.9,81.50376292645267,78.6,29.39623707354734,29.39623707354734,Prueba,104.17142857142856,LABS diario
2022-11-26,2022-12-03,7,Estabilidad,Random Forest B,111.6,73.53079449837306,66.9,38.06920550162694,38.06920550162694,Prueba,100.11428571428573,LABS diario
2022-11-27,2022-12-04,7,Estabilidad,Random Forest B,103.5,80.54825555993955,45.5,22.951744440060452,22.951744440060452,Prueba,94.64285714285714,LABS diario
2022-11-28,2022-12-05,7,Estabilidad,Random Forest B,106.0,90.00882209481964,74.6,15.991177905180365,15.991177905180365,Prueba,91.18571428571428,LABS diario
2022-11-29,2022-12-06,7,Estabilidad,Random Forest B,135.4,105.7749234633714,77.5,29.62507653662861,29.62507653662861,Prueba,83.42857142857143,LABS diario
2022-11-30,2022-12-07,7,Estabilidad,Random Forest B,198.1,103.13239039492251,50.9,94.96760960507748,94.96760960507748,Prueba,70.31428571428572,LABS diario
2022-12-01,2022-12-08,7,Estabilidad,Random Forest B,216.9,96.4919963160555,67.1,120.4080036839445,120.4080036839445,Prueba,65.87142857142858,LABS diario
2022-12-02,2022-12-09,7,Estabilidad,Random Forest B,211.9,109.90753290320795,110.9,101.99246709679205,101.99246709679205,Prueba,70.48571428571428,LABS diario
2022-12-03,2022-12-10,7,Estabilidad,Random Forest B,173.6,113.95687055129751,111.6,59.64312944870248,59.64312944870248,Prueba,76.87142857142858,LABS diario
2022-12-04,2022-12-11,7,Estabilidad,Random Forest B,143.8,111.99746830611032,103.5,31.80253169388969,31.80253169388969,Prueba,85.15714285714286,LABS diario
2022-12-05,2022-12-12,7,Estabilidad,Random Forest B,111.3,104.10608491032785,106.0,7.193915089672146,7.193915089672146,Prueba,89.64285714285714,LABS diario
2022-12-06,2022-12-13,7,Estabilidad,Random Forest B,118.4,111.20677210448291,135.4,7.193227895517097,7.193227895517097,Prueba,97.91428571428571,LABS diario
2022-12-07,2022-12-14,7,Estabilidad,Random Forest B,146.7,118.86218577011236,198.1,27.837814229887627,27.837814229887627,Prueba,118.94285714285715,LABS diario
2022-12-08,2022-12-15,7,Estabilidad,Random Forest B,120.2,124.25951030085699,216.9,-4.059510300856985,4.059510300856985,Prueba,140.34285714285713,LABS diario
2022-12-09,2022-12-16,7,Estabilidad,Random Forest B,114.1,111.1420772156803,211.9,2.957922784319692,2.957922784319692,Prueba,154.77142857142857,LABS diario
2022-12-10,2022-12-17,7,Estabilidad,Random Forest B,86.2,111.94885419426515,173.6,-25.74885419426515,25.74885419426515,Prueba,163.62857142857143,LABS diario
2022-12-11,2022-12-18,7,Estabilidad,Random Forest B,74.2,107.4014341992275,143.8,-33.20143419922749,33.20143419922749,Prueba,169.3857142857143,LABS diario
2022-12-12,2022-12-19,7,Estabilidad,Random Forest B,92.0,103.1295737093206,111.3,-11.129573709320596,11.129573709320596,Prueba,170.14285714285714,LABS diario
2022-12-13,2022-12-20,7,Estabilidad,Random Forest B,131.1,109.80109982112123,118.4,21.298900178878768,21.298900178878768,Prueba,167.71428571428572,LABS diario
2022-12-14,2022-12-21,7,Estabilidad,Random Forest B,202.1,113.3149018029396,146.7,88.78509819706039,88.78509819706039,Prueba,160.37142857142857,LABS diario
2022-12-15,2022-12-22,7,Estabilidad,Random Forest B,197.7,130.13852711499513,120.2,67.56147288500486,67.56147288500486,Prueba,146.55714285714288,LABS diario
2022-12-16,2022-12-23,7,Estabilidad,Random Forest B,123.1,128.24231132560243,114.1,-5.142311325602435,5.142311325602435,Prueba,132.5857142857143,LABS diario
2022-12-17,2022-12-24,7,Estabilidad,Random Forest B,87.1,80.87552108560799,86.2,6.224478914392009,6.224478914392009,Prueba,120.10000000000001,LABS diario
2022-12-18,2022-12-25,7,Estabilidad,Random Forest B,57.1,78.89503357405319,74.2,-21.795033574053186,21.795033574053186,Prueba,110.15714285714286,LABS diario
2022-12-19,2022-12-26,7,Estabilidad,Random Forest B,43.5,93.49819307261374,92.0,-49.998193072613745,49.998193072613745,Prueba,107.39999999999999,LABS diario
2022-12-20,2022-12-27,7,Estabilidad,Random Forest B,111.8,106.94531110561178,131.1,4.854688894388218,4.854688894388218,Prueba,109.21428571428571,LABS diario
2022-12-21,2022-12-28,7,Estabilidad,Random Forest B,220.2,124.22573353166807,202.1,95.97426646833192,95.97426646833192,Prueba,117.12857142857142,LABS diario
2022-12-22,2022-12-29,7,Estabilidad,Random Forest B,229.3,107.42783377453752,197.7,121.8721662254625,121.8721662254625,Prueba,128.2,LABS diario
2022-12-23,2022-12-30,7,Estabilidad,Random Forest B,200.9,107.90330189886,123.1,92.99669810114001,92.99669810114001,Prueba,129.4857142857143,LABS diario
2022-12-24,2022-12-31,7,Estabilidad,Random Forest B,112.9,82.43956655020982,87.1,30.460433449790187,30.460433449790187,Prueba,129.61428571428573,LABS diario
2022-12-25,2023-01-01,7,Estabilidad,Random Forest B,80.3,71.54605330472509,57.1,8.753946695274905,8.753946695274905,Prueba,127.17142857142858,LABS diario
2022-12-26,2023-01-02,7,Estabilidad,Random Forest B,78.9,71.26701410503594,43.5,7.632985894964065,7.632985894964065,Prueba,120.24285714285715,LABS diario
2022-12-27,2023-01-03,7,Estabilidad,Random Forest B,146.7,105.55258527299435,111.8,41.14741472700564,41.14741472700564,Prueba,117.48571428571428,LABS diario
2022-12-28,2023-01-04,7,Estabilidad,Random Forest B,187.1,116.41540821186275,220.2,70.68459178813724,70.68459178813724,Prueba,120.07142857142857,LABS diario
2022-12-29,2023-01-05,7,Estabilidad,Random Forest B,146.1,121.0313922028485,229.3,25.0686077971515,25.0686077971515,Prueba,124.58571428571429,LABS diario
2022-12-30,2023-01-06,7,Estabilidad,Random Forest B,107.9,112.9049064222544,200.9,-5.004906422254393,5.004906422254393,Prueba,135.7,LABS diario
2022-12-31,2023-01-07,7,Estabilidad,Random Forest B,78.5,102.77536230671762,112.9,-24.275362306717625,24.275362306717625,Prueba,139.3857142857143,LABS diario
2023-01-01,2023-01-08,7,Estabilidad,Random Forest B,76.2,80.75001546240873,80.3,-4.550015462408723,4.550015462408723,Prueba,142.7,LABS diario
2023-01-02,2023-01-09,7,Estabilidad,Random Forest B,113.7,74.09977427726534,78.9,39.60022572273466,39.60022572273466,Prueba,147.75714285714284,LABS diario
2023-01-03,2023-01-10,7,Estabilidad,Random Forest B,144.1,102.69904277689699,146.7,41.400957223103006,41.400957223103006,Prueba,152.74285714285716,LABS diario
2023-01-04,2023-01-11,7,Estabilidad,Random Forest B,136.5,119.0683835468919,187.1,17.431616453108106,17.431616453108106,Prueba,148.0142857142857,LABS diario
2023-01-05,2023-01-12,7,Estabilidad,Random Forest B,70.9,128.43590852842706,146.1,-57.53590852842706,57.53590852842706,Prueba,136.12857142857143,LABS diario
2023-01-06,2023-01-13,7,Estabilidad,Random Forest B,95.7,110.06828022391186,107.9,-14.368280223911853,14.368280223911853,Prueba,122.84285714285714,LABS diario
2023-01-07,2023-01-14,7,Estabilidad,Random Forest B,92.9,82.13488085600407,78.5,10.765119143995932,10.765119143995932,Prueba,117.92857142857143,LABS diario
2023-01-08,2023-01-15,7,Estabilidad,Random Forest B,74.5,75.245066649317,76.2,-0.7450666493169962,0.7450666493169962,Prueba,117.34285714285714,LABS diario
2023-01-09,2023-01-16,7,Estabilidad,Random Forest B,97.0,94.28349190285286,113.7,2.716508097147141,2.716508097147141,Prueba,122.31428571428572,LABS diario
2023-01-10,2023-01-17,7,Estabilidad,Random Forest B,149.8,112.18668009794065,144.1,37.61331990205936,37.61331990205936,Prueba,121.94285714285714,LABS diario
2023-01-11,2023-01-18,7,Estabilidad,Random Forest B,151.3,117.38028523635967,136.5,33.91971476364034,33.91971476364034,Prueba,114.71428571428571,LABS diario
2023-01-12,2023-01-19,7,Estabilidad,Random Forest B,161.7,100.6388544983728,70.9,61.061145501627195,61.061145501627195,Prueba,103.97142857142856,LABS diario
2023-01-13,2023-01-20,7,Estabilidad,Random Forest B,148.8,90.06510945137008,95.7,58.734890548629934,58.734890548629934,Prueba,102.22857142857143,LABS diario
2023-01-14,2023-01-21,7,Estabilidad,Random Forest B,157.3,95.10231640859996,92.9,62.19768359140005,62.19768359140005,Prueba,104.28571428571429,LABS diario
2023-01-15,2023-01-22,7,Estabilidad,Random Forest B,154.3,93.19540101780618,74.5,61.104598982193835,61.104598982193835,Prueba,104.04285714285713,LABS diario
2023-01-16,2023-01-23,7,Estabilidad,Random Forest B,167.1,97.49636757363027,97.0,69.60363242636973,69.60363242636973,Prueba,101.65714285714284,LABS diario
2023-01-17,2023-01-24,7,Estabilidad,Random Forest B,191.7,112.97798094121504,149.8,78.72201905878495,78.72201905878495,Prueba,102.47142857142858,LABS diario
2023-01-18,2023-01-25,7,Estabilidad,Random Forest B,184.1,111.17836884371467,151.3,72.92163115628533,72.92163115628533,Prueba,104.5857142857143,LABS diario
2023-01-19,2023-01-26,7,Estabilidad,Random Forest B,171.8,108.49215158868523,161.7,63.30784841131478,63.30784841131478,Prueba,117.55714285714285,LABS diario
2023-01-20,2023-01-27,7,Estabilidad,Random Forest B,141.9,105.09492703832115,148.8,36.80507296167886,36.80507296167886,Prueba,125.14285714285714,LABS diario
2023-01-21,2023-01-28,7,Estabilidad,Random Forest B,77.6,106.24225283633267,157.3,-28.642252836332673,28.642252836332673,Prueba,134.34285714285716,LABS diario
2023-01-22,2023-01-29,7,Estabilidad,Random Forest B,66.6,107.31594299035852,154.3,-40.71594299035853,40.71594299035853,Prueba,145.74285714285716,LABS diario
2023-01-23,2023-01-30,7,Estabilidad,Random Forest B,78.9,102.32010172767949,167.1,-23.42010172767948,23.42010172767948,Prueba,155.7571428571429,LABS diario
2023-01-24,2023-01-31,7,Estabilidad,Random Forest B,113.7,119.94799800668522,191.7,-6.247998006685222,6.247998006685222,Prueba,161.74285714285716,LABS diario
2023-01-25,2023-02-01,7,Estabilidad,Random Forest B,132.6,115.46863316921583,184.1,17.13136683078416,17.13136683078416,Prueba,166.42857142857142,LABS diario
2023-01-26,2023-02-02,7,Estabilidad,Random Forest B,136.1,113.31397997875548,171.8,22.78602002124451,22.78602002124451,Prueba,167.87142857142857,LABS diario
2023-01-27,2023-02-03,7,Estabilidad,Random Forest B,122.7,118.32945932000243,141.9,4.370540679997575,4.370540679997575,Prueba,166.8857142857143,LABS diario
2023-01-28,2023-02-04,7,Estabilidad,Random Forest B,78.7,86.67779865500971,77.6,-7.977798655009707,7.977798655009707,Prueba,155.5,LABS diario
2023-01-29,2023-02-05,7,Estabilidad,Random Forest B,62.9,75.58497013075613,66.6,-12.684970130756135,12.684970130756135,Prueba,142.9714285714286,LABS diario
2023-01-30,2023-02-06,7,Estabilidad,Random Forest B,75.4,82.73428883268929,78.9,-7.334288832689282,7.334288832689282,Prueba,130.37142857142857,LABS diario
2023-01-31,2023-02-07,7,Estabilidad,Random Forest B,112.1,116.44254912541169,113.7,-4.3425491254116935,4.3425491254116935,Prueba,119.22857142857143,LABS diario
2023-02-01,2023-02-08,7,Estabilidad,Random Forest B,126.0,117.36476819483035,132.6,8.635231805169653,8.635231805169653,Prueba,111.87142857142855,LABS diario
2023-02-02,2023-02-09,7,Estabilidad,Random Forest B,149.0,115.83700529503173,136.1,33.16299470496827,33.16299470496827,Prueba,106.77142857142857,LABS diario
2023-02-03,2023-02-10,7,Estabilidad,Random Forest B,165.6,111.63772699042714,122.7,53.962273009572854,53.962273009572854,Prueba,104.02857142857144,LABS diario
2023-02-04,2023-02-11,7,Estabilidad,Random Forest B,131.5,87.31149377393537,78.7,44.18850622606463,44.18850622606463,Prueba,104.18571428571428,LABS diario
2023-02-05,2023-02-12,7,Estabilidad,Random Forest B,117.8,81.96084367903335,62.9,35.83915632096665,35.83915632096665,Prueba,103.65714285714286,LABS diario
2023-02-06,2023-02-13,7,Estabilidad,Random Forest B,113.2,78.56167220473479,75.4,34.63832779526521,34.63832779526521,Prueba,103.15714285714286,LABS diario
2023-02-07,2023-02-14,7,Estabilidad,Random Forest B,134.5,101.01050940441856,112.1,33.489490595581444,33.489490595581444,Prueba,102.92857142857143,LABS diario
2023-02-08,2023-02-15,7,Estabilidad,Random Forest B,147.8,102.10530219571126,126.0,45.69469780428875,45.69469780428875,Prueba,101.9857142857143,LABS diario
2023-02-09,2023-02-16,7,Estabilidad,Random Forest B,119.9,106.87770448784018,149.0,13.022295512159829,13.022295512159829,Prueba,103.82857142857144,LABS diario
2023-02-10,2023-02-17,7,Estabilidad,Random Forest B,69.4,104.5362794719871,165.6,-35.136279471987095,35.136279471987095,Prueba,109.95714285714287,LABS diario
2023-02-11,2023-02-18,7,Estabilidad,Random Forest B,85.1,96.24281982565367,131.5,-11.142819825653675,11.142819825653675,Prueba,117.5,LABS diario
2023-02-12,2023-02-19,7,Estabilidad,Random Forest B,83.4,100.4799297429792,117.8,-17.07992974297919,17.07992974297919,Prueba,125.34285714285714,LABS diario
2023-02-13,2023-02-20,7,Estabilidad,Random Forest B,63.9,87.91129336283075,113.2,-24.01129336283075,24.01129336283075,Prueba,130.74285714285716,LABS diario
2023-02-14,2023-02-21,7,Estabilidad,Random Forest B,99.1,90.29098539534523,134.5,8.809014604654763,8.809014604654763,Prueba,133.94285714285712,LABS diario
2023-02-15,2023-02-22,7,Estabilidad,Random Forest B,160.1,102.87977971136021,147.8,57.22022028863978,57.22022028863978,Prueba,137.05714285714285,LABS diario
2023-02-16,2023-02-23,7,Estabilidad,Random Forest B,176.7,105.43745921586961,119.9,71.26254078413038,71.26254078413038,Prueba,132.9,LABS diario
2023-02-17,2023-02-24,7,Estabilidad,Random Forest B,150.3,86.7006061412967,69.4,63.59939385870331,63.59939385870331,Prueba,119.15714285714287,LABS diario
2023-02-18,2023-02-25,7,Estabilidad,Random Forest B,99.3,79.84600921049271,85.1,19.453990789507287,19.453990789507287,Prueba,112.52857142857144,LABS diario
2023-02-19,2023-02-26,7,Estabilidad,Random Forest B,89.7,86.65144733086102,83.4,3.048552669138985,3.048552669138985,Prueba,107.61428571428571,LABS diario
2023-02-20,2023-02-27,7,Estabilidad,Random Forest B,132.1,98.36118566110852,63.9,33.73881433889147,33.73881433889147,Prueba,100.57142857142857,LABS diario
2023-02-21,2023-02-28,7,Estabilidad,Random Forest B,185.6,112.35897117360061,99.1,73.24102882639939,73.24102882639939,Prueba,95.5142857142857,LABS diario
2023-02-22,2023-03-01,7,Estabilidad,Random Forest B,170.1,101.41286133710288,160.1,68.68713866289711,68.68713866289711,Prueba,97.27142857142857,LABS diario
2023-02-23,2023-03-02,7,Estabilidad,Random Forest B,132.0,100.06783754069161,176.7,31.932162459308387,31.932162459308387,Prueba,105.38571428571429,LABS diario
2023-02-24,2023-03-03,7,Estabilidad,Random Forest B,86.6,100.16621604649285,150.3,-13.566216046492855,13.566216046492855,Prueba,116.94285714285714,LABS diario
2023-02-25,2023-03-04,7,Estabilidad,Random Forest B,72.8,92.10899917487335,99.3,-19.30899917487335,19.30899917487335,Prueba,118.97142857142858,LABS diario
2023-02-26,2023-03-05,7,Estabilidad,Random Forest B,57.3,84.43643647451287,89.7,-27.136436474512877,27.136436474512877,Prueba,119.87142857142858,LABS diario
2023-02-27,2023-03-06,7,Estabilidad,Random Forest B,58.2,99.11277028520973,132.1,-40.91277028520973,40.91277028520973,Prueba,129.6142857142857,LABS diario
2023-02-28,2023-03-07,7,Estabilidad,Random Forest B,68.0,91.62366396018035,185.6,-23.62366396018035,23.62366396018035,Prueba,141.9714285714286,LABS diario
2023-03-01,2023-03-08,7,Estabilidad,Random Forest B,99.4,121.00237404392483,170.1,-21.602374043924826,21.602374043924826,Prueba,143.4,LABS diario
2023-03-02,2023-03-09,7,Estabilidad,Random Forest B,138.8,110.07542463071786,132.0,28.72457536928215,28.72457536928215,Prueba,137.0142857142857,LABS diario
2023-03-03,2023-03-10,7,Estabilidad,Random Forest B,133.5,85.31508241892683,86.6,48.184917581073165,48.184917581073165,Prueba,127.91428571428571,LABS diario
2023-03-04,2023-03-11,7,Estabilidad,Random Forest B,81.6,71.9566922348255,72.8,9.643307765174498,9.643307765174498,Prueba,124.12857142857142,LABS diario
2023-03-05,2023-03-12,7,Estabilidad,Random Forest B,71.0,80.00551478838618,57.3,-9.00551478838618,9.00551478838618,Prueba,119.5,LABS diario
2023-03-06,2023-03-13,7,Estabilidad,Random Forest B,96.2,81.56129204008924,58.2,14.63870795991076,14.63870795991076,Prueba,108.94285714285715,LABS diario
2023-03-07,2023-03-14,7,Estabilidad,Random Forest B,107.5,102.71961902122536,68.0,4.7803809787746445,4.7803809787746445,Prueba,92.14285714285714,LABS diario
2023-03-08,2023-03-15,7,Estabilidad,Random Forest B,94.5,117.50147059642379,99.4,-23.001470596423786,23.001470596423786,Prueba,82.04285714285713,LABS diario
2023-03-09,2023-03-16,7,Estabilidad,Random Forest B,139.7,115.51480496284144,138.8,24.18519503715855,24.18519503715855,Prueba,83.01428571428572,LABS diario
2023-03-10,2023-03-17,7,Estabilidad,Random Forest B,161.5,108.53003779226151,133.5,52.96996220773849,52.96996220773849,Prueba,89.71428571428571,LABS diario
2023-03-11,2023-03-18,7,Estabilidad,Random Forest B,126.8,95.67528060714015,81.6,31.124719392859845,31.124719392859845,Prueba,90.97142857142858,LABS diario
2023-03-12,2023-03-19,7,Estabilidad,Random Forest B,187.9,93.95820880171988,71.0,93.94179119828013,93.94179119828013,Prueba,92.92857142857143,LABS diario
2023-03-13,2023-03-20,7,Estabilidad,Random Forest B,161.5,106.3120603193161,96.2,55.1879396806839,55.1879396806839,Prueba,98.35714285714286,LABS diario
2023-03-14,2023-03-21,7,Estabilidad,Random Forest B,126.8,112.71129323394108,107.5,14.08870676605892,14.08870676605892,Prueba,104.0,LABS diario
2023-03-15,2023-03-22,7,Estabilidad,Random Forest B,107.2,120.8593919959516,94.5,-13.659391995951594,13.659391995951594,Prueba,103.3,LABS diario
2023-03-16,2023-03-23,7,Estabilidad,Random Forest B,88.1,120.31035766680932,139.7,-32.21035766680933,32.21035766680933,Prueba,103.42857142857143,LABS diario
2023-03-17,2023-03-24,7,Estabilidad,Random Forest B,98.5,127.54903275361492,161.5,-29.049032753614924,29.049032753614924,Prueba,107.42857142857143,LABS diario
2023-03-18,2023-03-25,7,Estabilidad,Random Forest B,84.0,109.50205984086504,126.8,-25.502059840865044,25.502059840865044,Prueba,113.88571428571427,LABS diario
2023-03-19,2023-03-26,7,Estabilidad,Random Forest B,72.1,119.20985569932482,187.9,-47.109855699324825,47.109855699324825,Prueba,130.58571428571426,LABS diario
2023-03-20,2023-03-27,7,Estabilidad,Random Forest B,75.2,120.73782868185219,161.5,-45.53782868185219,45.53782868185219,Prueba,139.91428571428574,LABS diario
2023-03-21,2023-03-28,7,Estabilidad,Random Forest B,83.3,111.30924798103342,126.8,-28.009247981033425,28.009247981033425,Prueba,142.67142857142858,LABS diario
2023-03-22,2023-03-29,7,Estabilidad,Random Forest B,93.6,105.72201550864078,107.2,-12.122015508640786,12.122015508640786,Prueba,144.4857142857143,LABS diario
2023-03-23,2023-03-30,7,Estabilidad,Random Forest B,62.0,108.0393916548459,88.1,-46.0393916548459,46.0393916548459,Prueba,137.1142857142857,LABS diario
2023-03-24,2023-03-31,7,Estabilidad,Random Forest B,66.0,114.58544813845357,98.5,-48.58544813845357,48.58544813845357,Prueba,128.1142857142857,LABS diario
2022-09-16,2022-10-01,15,Estabilidad,Regresión lineal,189.2,126.48452949531442,120.1,62.71547050468557,62.71547050468557,Prueba,97.02857142857142,LABS diario
2022-09-17,2022-10-02,15,Estabilidad,Regresión lineal,166.4,92.58135406264134,131.6,73.81864593735867,73.81864593735867,Prueba,104.89999999999999,LABS diario
2022-09-18,2022-10-03,15,Estabilidad,Regresión lineal,149.6,85.85587862130626,123.1,63.744121378693734,63.744121378693734,Prueba,112.92857142857143,LABS diario
2022-09-19,2022-10-04,15,Estabilidad,Regresión lineal,154.7,126.40468801343056,124.7,28.29531198656943,28.29531198656943,Prueba,117.61428571428571,LABS diario
2022-09-20,2022-10-05,15,Estabilidad,Regresión lineal,146.0,124.830897316083,138.2,21.169102683917004,21.169102683917004,Prueba,123.38571428571427,LABS diario
2022-09-21,2022-10-06,15,Estabilidad,Regresión lineal,148.8,97.30334785718716,142.6,51.49665214281285,51.49665214281285,Prueba,128.1142857142857,LABS diario
2022-09-22,2022-10-07,15,Estabilidad,Regresión lineal,140.8,82.10113481063382,149.5,58.69886518936619,58.69886518936619,Prueba,132.82857142857142,LABS diario
2022-09-23,2022-10-08,15,Estabilidad,Regresión lineal,125.3,63.863733031454636,153.8,61.43626696854536,61.43626696854536,Prueba,137.64285714285714,LABS diario
2022-09-24,2022-10-09,15,Estabilidad,Regresión lineal,67.4,13.451669043539724,148.2,53.94833095646028,53.94833095646028,Prueba,140.0142857142857,LABS diario
2022-09-25,2022-10-10,15,Estabilidad,Regresión lineal,104.8,70.13769192985163,137.1,34.66230807014837,34.66230807014837,Prueba,142.0142857142857,LABS diario
2022-09-26,2022-10-11,15,Estabilidad,Regresión lineal,109.3,99.90162268036056,141.1,9.398377319639437,9.398377319639437,Prueba,144.35714285714286,LABS diario
2022-09-27,2022-10-12,15,Estabilidad,Regresión lineal,110.4,101.44550204494998,141.6,8.95449795505003,8.95449795505003,Prueba,144.84285714285713,LABS diario
2022-09-28,2022-10-13,15,Estabilidad,Regresión lineal,131.9,73.67462722999414,141.7,58.22537277000586,58.22537277000586,Prueba,144.71428571428572,LABS diario
2022-09-29,2022-10-14,15,Estabilidad,Regresión lineal,151.0,35.67749346402141,143.5,115.32250653597859,115.32250653597859,Prueba,143.85714285714286,LABS diario
2022-09-30,2022-10-15,15,Estabilidad,Regresión lineal,137.3,-10.744423147095091,157.4,148.0444231470951,148.0444231470951,Prueba,144.37142857142857,LABS diario
2022-10-01,2022-10-16,15,Estabilidad,Regresión lineal,149.3,69.31308845889845,189.2,79.98691154110156,79.98691154110156,Prueba,150.22857142857143,LABS diario
2022-10-02,2022-10-17,15,Estabilidad,Regresión lineal,142.6,91.01609669103527,166.4,51.58390330896472,51.58390330896472,Prueba,154.41428571428574,LABS diario
2022-10-03,2022-10-18,15,Estabilidad,Regresión lineal,165.8,105.09155257091263,149.6,60.708447429087386,60.708447429087386,Prueba,155.62857142857143,LABS diario
2022-10-04,2022-10-19,15,Estabilidad,Regresión lineal,166.0,115.92374717148891,154.7,50.07625282851109,50.07625282851109,Prueba,157.5,LABS diario
2022-10-05,2022-10-20,15,Estabilidad,Regresión lineal,171.3,111.96636918284878,146.0,59.33363081715123,59.33363081715123,Prueba,158.1142857142857,LABS diario
2022-10-06,2022-10-21,15,Estabilidad,Regresión lineal,170.0,108.97508674722819,148.8,61.02491325277181,61.02491325277181,Prueba,158.87142857142857,LABS diario
2022-10-07,2022-10-22,15,Estabilidad,Regresión lineal,116.4,90.05708312691465,140.8,26.342916873085358,26.342916873085358,Prueba,156.5,LABS diario
2022-10-08,2022-10-23,15,Estabilidad,Regresión lineal,89.1,72.72891536389899,125.3,16.371084636101003,16.371084636101003,Prueba,147.3714285714286,LABS diario
2022-10-09,2022-10-24,15,Estabilidad,Regresión lineal,81.8,72.14068843278585,67.4,9.659311567214147,9.659311567214147,Prueba,133.22857142857143,LABS diario
2022-10-10,2022-10-25,15,Estabilidad,Regresión lineal,48.0,107.16940030892576,104.8,-59.16940030892576,59.16940030892576,Prueba,126.82857142857144,LABS diario
2022-10-11,2022-10-26,15,Estabilidad,Regresión lineal,35.2,119.19105242657798,109.3,-83.99105242657798,83.99105242657798,Prueba,120.34285714285714,LABS diario
2022-10-12,2022-10-27,15,Estabilidad,Regresión lineal,62.9,107.93387782691259,110.4,-45.033877826912594,45.033877826912594,Prueba,115.25714285714285,LABS diario
2022-10-13,2022-10-28,15,Estabilidad,Regresión lineal,92.2,13.167649355272061,131.9,79.03235064472794,79.03235064472794,Prueba,112.84285714285716,LABS diario
2022-10-14,2022-10-29,15,Estabilidad,Regresión lineal,78.5,63.953675473085596,151.0,14.546324526914404,14.546324526914404,Prueba,114.29999999999998,LABS diario
2022-10-15,2022-10-30,15,Estabilidad,Regresión lineal,69.2,69.87144120732466,137.3,-0.6714412073246621,0.6714412073246621,Prueba,116.01428571428572,LABS diario
2022-10-16,2022-10-31,15,Estabilidad,Regresión lineal,84.0,96.14638108324607,149.3,-12.14638108324607,12.14638108324607,Prueba,127.71428571428571,LABS diario
2022-10-17,2022-11-01,15,Estabilidad,Regresión lineal,108.2,101.66111283510301,142.6,6.538887164896991,6.538887164896991,Prueba,133.1142857142857,LABS diario
2022-10-18,2022-11-02,15,Estabilidad,Regresión lineal,134.1,91.60167986868456,165.8,42.49832013131544,42.49832013131544,Prueba,141.18571428571428,LABS diario
2022-10-19,2022-11-03,15,Estabilidad,Regresión lineal,148.5,52.74298750831599,166.0,95.75701249168401,95.75701249168401,Prueba,149.12857142857143,LABS diario
2022-10-20,2022-11-04,15,Estabilidad,Regresión lineal,141.1,14.88240097615494,171.3,126.21759902384505,126.21759902384505,Prueba,154.75714285714284,LABS diario
2022-10-21,2022-11-05,15,Estabilidad,Regresión lineal,105.1,83.80829006773448,170.0,21.29170993226552,21.29170993226552,Prueba,157.47142857142856,LABS diario
2022-10-22,2022-11-06,15,Estabilidad,Regresión lineal,3.8,121.57186029112597,116.4,-117.77186029112598,117.77186029112598,Prueba,154.4857142857143,LABS diario
2022-10-23,2022-11-07,15,Estabilidad,Regresión lineal,92.8,100.18937255324158,89.1,-7.389372553241586,7.389372553241586,Prueba,145.8857142857143,LABS diario
2022-10-24,2022-11-08,15,Estabilidad,Regresión lineal,134.0,89.11854420503126,81.8,44.881455794968744,44.881455794968744,Prueba,137.20000000000002,LABS diario
2022-10-25,2022-11-09,15,Estabilidad,Regresión lineal,178.0,95.03087046898803,48.0,82.96912953101197,82.96912953101197,Prueba,120.37142857142858,LABS diario
2022-10-26,2022-11-10,15,Estabilidad,Regresión lineal,183.5,102.76624725247046,35.2,80.73375274752954,80.73375274752954,Prueba,101.68571428571428,LABS diario
2022-10-27,2022-11-11,15,Estabilidad,Regresión lineal,127.4,101.0976806113222,62.9,26.3023193886778,26.3023193886778,Prueba,86.2,LABS diario
2022-10-28,2022-11-12,15,Estabilidad,Regresión lineal,93.4,108.43116355292094,92.2,-15.03116355292093,15.03116355292093,Prueba,75.08571428571429,LABS diario
2022-10-29,2022-11-13,15,Estabilidad,Regresión lineal,77.0,100.38428154339317,78.5,-23.384281543393172,23.384281543393172,Prueba,69.67142857142856,LABS diario
2022-10-30,2022-11-14,15,Estabilidad,Regresión lineal,75.4,81.9690070233402,69.2,-6.569007023340191,6.569007023340191,Prueba,66.82857142857144,LABS diario
2022-10-31,2022-11-15,15,Estabilidad,Regresión lineal,72.7,100.04381337426723,84.0,-27.343813374267228,27.343813374267228,Prueba,67.14285714285714,LABS diario
2022-11-01,2022-11-16,15,Estabilidad,Regresión lineal,113.6,113.90919132923639,108.2,-0.30919132923639836,0.30919132923639836,Prueba,75.74285714285715,LABS diario
2022-11-02,2022-11-17,15,Estabilidad,Regresión lineal,115.7,117.09646600536058,134.1,-1.3964660053605797,1.3964660053605797,Prueba,89.87142857142855,LABS diario
2022-11-03,2022-11-18,15,Estabilidad,Regresión lineal,151.8,109.18048522369585,148.5,42.61951477630416,42.61951477630416,Prueba,102.10000000000001,LABS diario
2022-11-04,2022-11-19,15,Estabilidad,Regresión lineal,95.3,105.52746693232194,141.1,-10.227466932321946,10.227466932321946,Prueba,109.08571428571427,LABS diario
2022-11-05,2022-11-20,15,Estabilidad,Regresión lineal,83.8,94.01206215710467,105.1,-10.212062157104668,10.212062157104668,Prueba,112.88571428571427,LABS diario
2022-11-06,2022-11-21,15,Estabilidad,Regresión lineal,98.8,88.90962388919662,3.8,9.890376110803373,9.890376110803373,Prueba,103.54285714285713,LABS diario
2022-11-07,2022-11-22,15,Estabilidad,Regresión lineal,131.8,100.08415875506674,92.8,31.715841244933273,31.715841244933273,Prueba,104.8,LABS diario
2022-11-08,2022-11-23,15,Estabilidad,Regresión lineal,142.7,113.97093885043587,134.0,28.729061149564117,28.729061149564117,Prueba,108.48571428571428,LABS diario
2022-11-09,2022-11-24,15,Estabilidad,Regresión lineal,98.2,133.21584585704304,178.0,-35.01584585704303,35.01584585704303,Prueba,114.75714285714285,LABS diario
2022-11-10,2022-11-25,15,Estabilidad,Regresión lineal,78.6,89.60250416498045,183.5,-11.00250416498045,11.00250416498045,Prueba,119.75714285714285,LABS diario
2022-11-11,2022-11-26,15,Estabilidad,Regresión lineal,66.9,77.87398849774124,127.4,-10.973988497741232,10.973988497741232,Prueba,117.8,LABS diario
2022-11-12,2022-11-27,15,Estabilidad,Regresión lineal,45.5,71.0772782935421,93.4,-25.577278293542093,25.577278293542093,Prueba,116.12857142857142,LABS diario
2022-11-13,2022-11-28,15,Estabilidad,Regresión lineal,74.6,83.07745357938819,77.0,-8.477453579388197,8.477453579388197,Prueba,126.58571428571429,LABS diario
2022-11-14,2022-11-29,15,Estabilidad,Regresión lineal,77.5,97.50443230760843,75.4,-20.004432307608425,20.004432307608425,Prueba,124.10000000000001,LABS diario
2022-11-15,2022-11-30,15,Estabilidad,Regresión lineal,50.9,101.63457761259666,72.7,-50.73457761259666,50.73457761259666,Prueba,115.34285714285714,LABS diario
2022-11-16,2022-12-01,15,Estabilidad,Regresión lineal,67.1,124.66439968226973,113.6,-57.56439968226974,57.56439968226974,Prueba,106.14285714285714,LABS diario
2022-11-17,2022-12-02,15,Estabilidad,Regresión lineal,110.9,106.40527942900778,115.7,4.494720570992229,4.494720570992229,Prueba,96.45714285714287,LABS diario
2022-11-18,2022-12-03,15,Estabilidad,Regresión lineal,111.6,127.72589953580511,151.8,-16.125899535805118,16.125899535805118,Prueba,99.94285714285715,LABS diario
2022-11-19,2022-12-04,15,Estabilidad,Regresión lineal,103.5,85.50695174239688,95.3,17.99304825760312,17.99304825760312,Prueba,100.21428571428571,LABS diario
2022-11-20,2022-12-05,15,Estabilidad,Regresión lineal,106.0,71.49016329613428,83.8,34.509836703865716,34.509836703865716,Prueba,101.1857142857143,LABS diario
2022-11-21,2022-12-06,15,Estabilidad,Regresión lineal,135.4,97.99951668291341,98.8,37.4004833170866,37.4004833170866,Prueba,104.52857142857144,LABS diario
2022-11-22,2022-12-07,15,Estabilidad,Regresión lineal,198.1,113.79970505422548,131.8,84.30029494577451,84.30029494577451,Prueba,112.97142857142856,LABS diario
2022-11-23,2022-12-08,15,Estabilidad,Regresión lineal,216.9,107.27048639861583,142.7,109.62951360138418,109.62951360138418,Prueba,117.12857142857142,LABS diario
2022-11-24,2022-12-09,15,Estabilidad,Regresión lineal,211.9,81.61561498979859,98.2,130.28438501020142,130.28438501020142,Prueba,114.62857142857145,LABS diario
2022-11-25,2022-12-10,15,Estabilidad,Regresión lineal,173.6,78.0920733948509,78.6,95.5079266051491,95.5079266051491,Prueba,104.17142857142856,LABS diario
2022-11-26,2022-12-11,15,Estabilidad,Regresión lineal,143.8,93.39348724884621,66.9,50.4065127511538,50.4065127511538,Prueba,100.11428571428573,LABS diario
2022-11-27,2022-12-12,15,Estabilidad,Regresión lineal,111.3,86.37037249965128,45.5,24.929627500348715,24.929627500348715,Prueba,94.64285714285714,LABS diario
2022-11-28,2022-12-13,15,Estabilidad,Regresión lineal,118.4,100.01052495232815,74.6,18.38947504767185,18.38947504767185,Prueba,91.18571428571428,LABS diario
2022-11-29,2022-12-14,15,Estabilidad,Regresión lineal,146.7,111.43104836660815,77.5,35.268951633391836,35.268951633391836,Prueba,83.42857142857143,LABS diario
2022-11-30,2022-12-15,15,Estabilidad,Regresión lineal,120.2,99.78310230515238,50.9,20.41689769484762,20.41689769484762,Prueba,70.31428571428572,LABS diario
2022-12-01,2022-12-16,15,Estabilidad,Regresión lineal,114.1,85.6497289912161,67.1,28.4502710087839,28.4502710087839,Prueba,65.87142857142858,LABS diario
2022-12-02,2022-12-17,15,Estabilidad,Regresión lineal,86.2,104.48610142105103,110.9,-18.28610142105103,18.28610142105103,Prueba,70.48571428571428,LABS diario
2022-12-03,2022-12-18,15,Estabilidad,Regresión lineal,74.2,96.47557911009216,111.6,-22.275579110092153,22.275579110092153,Prueba,76.87142857142858,LABS diario
2022-12-04,2022-12-19,15,Estabilidad,Regresión lineal,92.0,83.37698172674845,103.5,8.623018273251546,8.623018273251546,Prueba,85.15714285714286,LABS diario
2022-12-05,2022-12-20,15,Estabilidad,Regresión lineal,131.1,88.86906928403887,106.0,42.23093071596112,42.23093071596112,Prueba,89.64285714285714,LABS diario
2022-12-06,2022-12-21,15,Estabilidad,Regresión lineal,202.1,101.14106254172944,135.4,100.95893745827055,100.95893745827055,Prueba,97.91428571428571,LABS diario
2022-12-07,2022-12-22,15,Estabilidad,Regresión lineal,197.7,109.05616346252876,198.1,88.64383653747123,88.64383653747123,Prueba,118.94285714285715,LABS diario
2022-12-08,2022-12-23,15,Estabilidad,Regresión lineal,123.1,91.44937019536899,216.9,31.65062980463101,31.65062980463101,Prueba,140.34285714285713,LABS diario
2022-12-09,2022-12-24,15,Estabilidad,Regresión lineal,87.1,77.3471945854031,211.9,9.752805414596892,9.752805414596892,Prueba,154.77142857142857,LABS diario
2022-12-10,2022-12-25,15,Estabilidad,Regresión lineal,57.1,58.565980349669616,173.6,-1.4659803496696142,1.4659803496696142,Prueba,163.62857142857143,LABS diario
2022-12-11,2022-12-26,15,Estabilidad,Regresión lineal,43.5,71.22522888223925,143.8,-27.72522888223925,27.72522888223925,Prueba,169.3857142857143,LABS diario
2022-12-12,2022-12-27,15,Estabilidad,Regresión lineal,111.8,82.71172303277808,111.3,29.088276967221915,29.088276967221915,Prueba,170.14285714285714,LABS diario
2022-12-13,2022-12-28,15,Estabilidad,Regresión lineal,220.2,101.97180070268222,118.4,118.22819929731777,118.22819929731777,Prueba,167.71428571428572,LABS diario
2022-12-14,2022-12-29,15,Estabilidad,Regresión lineal,229.3,108.34839193201135,146.7,120.95160806798866,120.95160806798866,Prueba,160.37142857142857,LABS diario
2022-12-15,2022-12-30,15,Estabilidad,Regresión lineal,200.9,99.46686963599282,120.2,101.43313036400718,101.43313036400718,Prueba,146.55714285714288,LABS diario
2022-12-16,2022-12-31,15,Estabilidad,Regresión lineal,112.9,93.14310025616858,114.1,19.756899743831426,19.756899743831426,Prueba,132.5857142857143,LABS diario
2022-12-17,2023-01-01,15,Estabilidad,Regresión lineal,80.3,86.73974110816819,86.2,-6.439741108168192,6.439741108168192,Prueba,120.10000000000001,LABS diario
2022-12-18,2023-01-02,15,Estabilidad,Regresión lineal,78.9,84.37089428160074,74.2,-5.470894281600735,5.470894281600735,Prueba,110.15714285714286,LABS diario
2022-12-19,2023-01-03,15,Estabilidad,Regresión lineal,146.7,107.51343132676713,92.0,39.186568673232856,39.186568673232856,Prueba,107.39999999999999,LABS diario
2022-12-20,2023-01-04,15,Estabilidad,Regresión lineal,187.1,99.64060145649276,131.1,87.45939854350723,87.45939854350723,Prueba,109.21428571428571,LABS diario
2022-12-21,2023-01-05,15,Estabilidad,Regresión lineal,146.1,101.02289629210391,202.1,45.077103707896086,45.077103707896086,Prueba,117.12857142857142,LABS diario
2022-12-22,2023-01-06,15,Estabilidad,Regresión lineal,107.9,76.82717075385317,197.7,31.07282924614684,31.07282924614684,Prueba,128.2,LABS diario
2022-12-23,2023-01-07,15,Estabilidad,Regresión lineal,78.5,64.65780182240073,123.1,13.842198177599272,13.842198177599272,Prueba,129.4857142857143,LABS diario
2022-12-24,2023-01-08,15,Estabilidad,Regresión lineal,76.2,54.35685115666897,87.1,21.843148843331036,21.843148843331036,Prueba,129.61428571428573,LABS diario
2022-12-25,2023-01-09,15,Estabilidad,Regresión lineal,113.7,68.47726578503895,57.1,45.22273421496105,45.22273421496105,Prueba,127.17142857142858,LABS diario
2022-12-26,2023-01-10,15,Estabilidad,Regresión lineal,144.1,83.91137486300866,43.5,60.188625136991334,60.188625136991334,Prueba,120.24285714285715,LABS diario
2022-12-27,2023-01-11,15,Estabilidad,Regresión lineal,136.5,105.09185059441911,111.8,31.408149405580886,31.408149405580886,Prueba,117.48571428571428,LABS diario
2022-12-28,2023-01-12,15,Estabilidad,Regresión lineal,70.9,112.51292518837654,220.2,-41.612925188376536,41.612925188376536,Prueba,120.07142857142857,LABS diario
2022-12-29,2023-01-13,15,Estabilidad,Regresión lineal,95.7,97.91833413653453,229.3,-2.218334136534523,2.218334136534523,Prueba,124.58571428571429,LABS diario
2022-12-30,2023-01-14,15,Estabilidad,Regresión lineal,92.9,70.05047540682824,200.9,22.849524593171765,22.849524593171765,Prueba,135.7,LABS diario
2022-12-31,2023-01-15,15,Estabilidad,Regresión lineal,74.5,59.79204189014233,112.9,14.707958109857671,14.707958109857671,Prueba,139.3857142857143,LABS diario
2023-01-01,2023-01-16,15,Estabilidad,Regresión lineal,97.0,65.0324740121809,80.3,31.9675259878191,31.9675259878191,Prueba,142.7,LABS diario
2023-01-02,2023-01-17,15,Estabilidad,Regresión lineal,149.8,91.2111719470324,78.9,58.588828052967614,58.588828052967614,Prueba,147.75714285714284,LABS diario
2023-01-03,2023-01-18,15,Estabilidad,Regresión lineal,151.3,125.0433788700595,146.7,26.256621129940513,26.256621129940513,Prueba,152.74285714285716,LABS diario
2023-01-04,2023-01-19,15,Estabilidad,Regresión lineal,161.7,119.45543311972976,187.1,42.24456688027023,42.24456688027023,Prueba,148.0142857142857,LABS diario
2023-01-05,2023-01-20,15,Estabilidad,Regresión lineal,148.8,103.19553456018355,146.1,45.604465439816465,45.604465439816465,Prueba,136.12857142857143,LABS diario
2023-01-06,2023-01-21,15,Estabilidad,Regresión lineal,157.3,83.67160876502373,107.9,73.62839123497628,73.62839123497628,Prueba,122.84285714285714,LABS diario
2023-01-07,2023-01-22,15,Estabilidad,Regresión lineal,154.3,74.12633938711602,78.5,80.17366061288399,80.17366061288399,Prueba,117.92857142857143,LABS diario
2023-01-08,2023-01-23,15,Estabilidad,Regresión lineal,167.1,81.16414830419944,76.2,85.93585169580055,85.93585169580055,Prueba,117.34285714285714,LABS diario
2023-01-09,2023-01-24,15,Estabilidad,Regresión lineal,191.7,109.88060791246203,113.7,81.81939208753796,81.81939208753796,Prueba,122.31428571428572,LABS diario
2023-01-10,2023-01-25,15,Estabilidad,Regresión lineal,184.1,116.92305988241004,144.1,67.17694011758995,67.17694011758995,Prueba,121.94285714285714,LABS diario
2023-01-11,2023-01-26,15,Estabilidad,Regresión lineal,171.8,113.69125493490611,136.5,58.1087450650939,58.1087450650939,Prueba,114.71428571428571,LABS diario
2023-01-12,2023-01-27,15,Estabilidad,Regresión lineal,141.9,101.40370400670976,70.9,40.496295993290246,40.496295993290246,Prueba,103.97142857142856,LABS diario
2023-01-13,2023-01-28,15,Estabilidad,Regresión lineal,77.6,93.257615995195,95.7,-15.657615995195002,15.657615995195002,Prueba,102.22857142857143,LABS diario
2023-01-14,2023-01-29,15,Estabilidad,Regresión lineal,66.6,94.6324999615608,92.9,-28.032499961560802,28.032499961560802,Prueba,104.28571428571429,LABS diario
2023-01-15,2023-01-30,15,Estabilidad,Regresión lineal,78.9,93.01383709804956,74.5,-14.113837098049558,14.113837098049558,Prueba,104.04285714285713,LABS diario
2023-01-16,2023-01-31,15,Estabilidad,Regresión lineal,113.7,102.65346532464824,97.0,11.046534675351765,11.046534675351765,Prueba,101.65714285714284,LABS diario
2023-01-17,2023-02-01,15,Estabilidad,Regresión lineal,132.6,109.52886297039723,149.8,23.071137029602767,23.071137029602767,Prueba,102.47142857142858,LABS diario
2023-01-18,2023-02-02,15,Estabilidad,Regresión lineal,136.1,95.795307946499,151.3,40.304692053501,40.304692053501,Prueba,104.5857142857143,LABS diario
2023-01-19,2023-02-03,15,Estabilidad,Regresión lineal,122.7,59.83065250270164,161.7,62.869347497298364,62.869347497298364,Prueba,117.55714285714285,LABS diario
2023-01-20,2023-02-04,15,Estabilidad,Regresión lineal,78.7,64.80161992015607,148.8,13.898380079843932,13.898380079843932,Prueba,125.14285714285714,LABS diario
2023-01-21,2023-02-05,15,Estabilidad,Regresión lineal,62.9,62.01205879476695,157.3,0.887941205233048,0.887941205233048,Prueba,134.34285714285716,LABS diario
2023-01-22,2023-02-06,15,Estabilidad,Regresión lineal,75.4,74.22222740063552,154.3,1.1777725993644879,1.1777725993644879,Prueba,145.74285714285716,LABS diario
2023-01-23,2023-02-07,15,Estabilidad,Regresión lineal,112.1,99.95316799173646,167.1,12.14683200826353,12.14683200826353,Prueba,155.7571428571429,LABS diario
2023-01-24,2023-02-08,15,Estabilidad,Regresión lineal,126.0,100.2476170435471,191.7,25.752382956452905,25.752382956452905,Prueba,161.74285714285716,LABS diario
2023-01-25,2023-02-09,15,Estabilidad,Regresión lineal,149.0,95.02977265055549,184.1,53.970227349444514,53.970227349444514,Prueba,166.42857142857142,LABS diario
2023-01-26,2023-02-10,15,Estabilidad,Regresión lineal,165.6,96.1142869277335,171.8,69.48571307226649,69.48571307226649,Prueba,167.87142857142857,LABS diario
2023-01-27,2023-02-11,15,Estabilidad,Regresión lineal,131.5,74.13306748294623,141.9,57.36693251705377,57.36693251705377,Prueba,166.8857142857143,LABS diario
2023-01-28,2023-02-12,15,Estabilidad,Regresión lineal,117.8,68.5619921298175,77.6,49.2380078701825,49.2380078701825,Prueba,155.5,LABS diario
2023-01-29,2023-02-13,15,Estabilidad,Regresión lineal,113.2,67.12267814294046,66.6,46.077321857059545,46.077321857059545,Prueba,142.9714285714286,LABS diario
2023-01-30,2023-02-14,15,Estabilidad,Regresión lineal,134.5,91.7413253220605,78.9,42.758674677939496,42.758674677939496,Prueba,130.37142857142857,LABS diario
2023-01-31,2023-02-15,15,Estabilidad,Regresión lineal,147.8,105.0397891729092,113.7,42.760210827090816,42.760210827090816,Prueba,119.22857142857143,LABS diario
2023-02-01,2023-02-16,15,Estabilidad,Regresión lineal,119.9,102.11267045359708,132.6,17.78732954640293,17.78732954640293,Prueba,111.87142857142855,LABS diario
2023-02-02,2023-02-17,15,Estabilidad,Regresión lineal,69.4,89.2646862000432,136.1,-19.864686200043195,19.864686200043195,Prueba,106.77142857142857,LABS diario
2023-02-03,2023-02-18,15,Estabilidad,Regresión lineal,85.1,84.7493423601605,122.7,0.35065763983949694,0.35065763983949694,Prueba,104.02857142857144,LABS diario
2023-02-04,2023-02-19,15,Estabilidad,Regresión lineal,83.4,68.63530048648096,78.7,14.764699513519048,14.764699513519048,Prueba,104.18571428571428,LABS diario
2023-02-05,2023-02-20,15,Estabilidad,Regresión lineal,63.9,65.73909903651318,62.9,-1.8390990365131827,1.8390990365131827,Prueba,103.65714285714286,LABS diario
2023-02-06,2023-02-21,15,Estabilidad,Regresión lineal,99.1,83.8715336217501,75.4,15.228466378249891,15.228466378249891,Prueba,103.15714285714286,LABS diario
2023-02-07,2023-02-22,15,Estabilidad,Regresión lineal,160.1,100.53151022216726,112.1,59.56848977783274,59.56848977783274,Prueba,102.92857142857143,LABS diario
2023-02-08,2023-02-23,15,Estabilidad,Regresión lineal,176.7,102.85632030147633,126.0,73.84367969852366,73.84367969852366,Prueba,101.9857142857143,LABS diario
2023-02-09,2023-02-24,15,Estabilidad,Regresión lineal,150.3,89.35465506619761,149.0,60.9453449338024,60.9453449338024,Prueba,103.82857142857144,LABS diario
2023-02-10,2023-02-25,15,Estabilidad,Regresión lineal,99.3,74.36934317189026,165.6,24.930656828109733,24.930656828109733,Prueba,109.95714285714287,LABS diario
2023-02-11,2023-02-26,15,Estabilidad,Regresión lineal,89.7,63.023814310781816,131.5,26.676185689218187,26.676185689218187,Prueba,117.5,LABS diario
2023-02-12,2023-02-27,15,Estabilidad,Regresión lineal,132.1,64.36990379134924,117.8,67.73009620865075,67.73009620865075,Prueba,125.34285714285714,LABS diario
2023-02-13,2023-02-28,15,Estabilidad,Regresión lineal,185.6,97.06561921905059,113.2,88.5343807809494,88.5343807809494,Prueba,130.74285714285716,LABS diario
2023-02-14,2023-03-01,15,Estabilidad,Regresión lineal,170.1,93.39794276546755,134.5,76.70205723453245,76.70205723453245,Prueba,133.94285714285712,LABS diario
2023-02-15,2023-03-02,15,Estabilidad,Regresión lineal,132.0,116.86301189188865,147.8,15.136988108111353,15.136988108111353,Prueba,137.05714285714285,LABS diario
2023-02-16,2023-03-03,15,Estabilidad,Regresión lineal,86.6,98.26829596376413,119.9,-11.668295963764137,11.668295963764137,Prueba,132.9,LABS diario
2023-02-17,2023-03-04,15,Estabilidad,Regresión lineal,72.8,92.05647137517175,69.4,-19.256471375171756,19.256471375171756,Prueba,119.15714285714287,LABS diario
2023-02-18,2023-03-05,15,Estabilidad,Regresión lineal,57.3,98.58728747836608,85.1,-41.28728747836608,41.28728747836608,Prueba,112.52857142857144,LABS diario
2023-02-19,2023-03-06,15,Estabilidad,Regresión lineal,58.2,107.15794952101648,83.4,-48.957949521016474,48.957949521016474,Prueba,107.61428571428571,LABS diario
2023-02-20,2023-03-07,15,Estabilidad,Regresión lineal,68.0,106.884370087193,63.9,-38.884370087193005,38.884370087193005,Prueba,100.57142857142857,LABS diario
2023-02-21,2023-03-08,15,Estabilidad,Regresión lineal,99.4,119.80539029785314,99.1,-20.40539029785313,20.40539029785313,Prueba,95.5142857142857,LABS diario
2023-02-22,2023-03-09,15,Estabilidad,Regresión lineal,138.8,102.46827849883853,160.1,36.33172150116148,36.33172150116148,Prueba,97.27142857142857,LABS diario
2023-02-23,2023-03-10,15,Estabilidad,Regresión lineal,133.5,107.70143348078948,176.7,25.798566519210524,25.798566519210524,Prueba,105.38571428571429,LABS diario
2023-02-24,2023-03-11,15,Estabilidad,Regresión lineal,81.6,92.5139509909628,150.3,-10.913950990962803,10.913950990962803,Prueba,116.94285714285714,LABS diario
2023-02-25,2023-03-12,15,Estabilidad,Regresión lineal,71.0,85.1857316500074,99.3,-14.185731650007398,14.185731650007398,Prueba,118.97142857142858,LABS diario
2023-02-26,2023-03-13,15,Estabilidad,Regresión lineal,96.2,84.21210402365121,89.7,11.987895976348796,11.987895976348796,Prueba,119.87142857142858,LABS diario
2023-02-27,2023-03-14,15,Estabilidad,Regresión lineal,107.5,114.78119582455042,132.1,-7.281195824550423,7.281195824550423,Prueba,129.6142857142857,LABS diario
2023-02-28,2023-03-15,15,Estabilidad,Regresión lineal,94.5,113.41971080803977,185.6,-18.919710808039767,18.919710808039767,Prueba,141.9714285714286,LABS diario
2023-03-01,2023-03-16,15,Estabilidad,Regresión lineal,139.7,120.48354229461876,170.1,19.21645770538123,19.21645770538123,Prueba,143.4,LABS diario
2023-03-02,2023-03-17,15,Estabilidad,Regresión lineal,161.5,98.7906687191056,132.0,62.7093312808944,62.7093312808944,Prueba,137.0142857142857,LABS diario
2023-03-03,2023-03-18,15,Estabilidad,Regresión lineal,126.8,94.93680085326663,86.6,31.863199146733365,31.863199146733365,Prueba,127.91428571428571,LABS diario
2023-03-04,2023-03-19,15,Estabilidad,Regresión lineal,187.9,94.3311877316471,72.8,93.5688122683529,93.5688122683529,Prueba,124.12857142857142,LABS diario
2023-03-05,2023-03-20,15,Estabilidad,Regresión lineal,161.5,103.72971726180079,57.3,57.770282738199214,57.770282738199214,Prueba,119.5,LABS diario
2023-03-06,2023-03-21,15,Estabilidad,Regresión lineal,126.8,107.38580216198392,58.2,19.41419783801608,19.41419783801608,Prueba,108.94285714285715,LABS diario
2023-03-07,2023-03-22,15,Estabilidad,Regresión lineal,107.2,114.81041799747057,68.0,-7.610417997470563,7.610417997470563,Prueba,92.14285714285714,LABS diario
2023-03-08,2023-03-23,15,Estabilidad,Regresión lineal,88.1,121.25627419572837,99.4,-33.15627419572837,33.15627419572837,Prueba,82.04285714285713,LABS diario
2023-03-09,2023-03-24,15,Estabilidad,Regresión lineal,98.5,130.31330528018353,138.8,-31.813305280183528,31.813305280183528,Prueba,83.01428571428572,LABS diario
2023-03-10,2023-03-25,15,Estabilidad,Regresión lineal,84.0,111.0163120827236,133.5,-27.0163120827236,27.0163120827236,Prueba,89.71428571428571,LABS diario
2023-03-11,2023-03-26,15,Estabilidad,Regresión lineal,72.1,110.57707685284446,81.6,-38.47707685284446,38.47707685284446,Prueba,90.97142857142858,LABS diario
2023-03-12,2023-03-27,15,Estabilidad,Regresión lineal,75.2,119.15836819403127,71.0,-43.958368194031266,43.958368194031266,Prueba,92.92857142857143,LABS diario
2023-03-13,2023-03-28,15,Estabilidad,Regresión lineal,83.3,137.00804227045012,96.2,-53.70804227045012,53.70804227045012,Prueba,98.35714285714286,LABS diario
2023-03-14,2023-03-29,15,Estabilidad,Regresión lineal,93.6,138.66931253037086,107.5,-45.069312530370865,45.069312530370865,Prueba,104.0,LABS diario
2023-03-15,2023-03-30,15,Estabilidad,Regresión lineal,62.0,134.56667694017244,94.5,-72.56667694017244,72.56667694017244,Prueba,103.3,LABS diario
2023-03-16,2023-03-31,15,Estabilidad,Regresión lineal,66.0,137.7542929884117,139.7,-71.75429298841169,71.75429298841169,Prueba,103.42857142857143,LABS diario
2022-09-01,2022-10-01,30,Operativo,Random Forest A,189.2,103.62897952380948,133.7,85.57102047619051,85.57102047619051,Prueba,123.65714285714284,LABS diario
2022-09-02,2022-10-02,30,Operativo,Random Forest A,166.4,116.54631523809519,136.8,49.853684761904816,49.853684761904816,Prueba,126.74285714285715,LABS diario
2022-09-03,2022-10-03,30,Operativo,Random Forest A,149.6,102.86634412698413,119.4,46.73365587301586,46.73365587301586,Prueba,126.07142857142857,LABS diario
2022-09-04,2022-10-04,30,Operativo,Random Forest A,154.7,121.85797920634921,74.3,32.842020793650775,32.842020793650775,Prueba,119.41428571428573,LABS diario
2022-09-05,2022-10-05,30,Operativo,Random Forest A,146.0,112.5247666666667,57.1,33.47523333333331,33.47523333333331,Prueba,109.87142857142855,LABS diario
2022-09-06,2022-10-06,30,Operativo,Random Forest A,148.8,116.96768793650796,83.9,31.832312063492054,31.832312063492054,Prueba,104.25714285714287,LABS diario
2022-09-07,2022-10-07,30,Operativo,Random Forest A,140.8,114.75682587301597,121.0,26.04317412698404,26.04317412698404,Prueba,103.74285714285715,LABS diario
2022-09-08,2022-10-08,30,Operativo,Random Forest A,125.3,113.75857523809529,107.9,11.541424761904707,11.541424761904707,Prueba,100.05714285714285,LABS diario
2022-09-09,2022-10-09,30,Operativo,Random Forest A,67.4,105.45132460317457,88.1,-38.051324603174564,38.051324603174564,Prueba,93.10000000000001,LABS diario
2022-09-10,2022-10-10,30,Operativo,Random Forest A,104.8,101.24069063492065,76.5,3.5593093650793435,3.5593093650793435,Prueba,86.97142857142858,LABS diario
2022-09-11,2022-10-11,30,Operativo,Random Forest A,109.3,95.20638718614717,66.9,14.093612813852829,14.093612813852829,Prueba,85.91428571428571,LABS diario
2022-09-12,2022-10-12,30,Operativo,Random Forest A,110.4,103.57788888888881,91.9,6.822111111111198,6.822111111111198,Prueba,90.88571428571429,LABS diario
2022-09-13,2022-10-13,30,Operativo,Random Forest A,131.9,106.47740380952382,97.8,25.422596190476185,25.422596190476185,Prueba,92.87142857142858,LABS diario
2022-09-14,2022-10-14,30,Operativo,Random Forest A,151.0,104.14643873015872,109.5,46.85356126984128,46.85356126984128,Prueba,91.22857142857143,LABS diario
2022-09-15,2022-10-15,30,Operativo,Random Forest A,137.3,101.83470190476187,116.5,35.46529809523814,35.46529809523814,Prueba,92.45714285714287,LABS diario
2022-09-16,2022-10-16,30,Operativo,Random Forest A,149.3,101.16638333333339,120.1,48.133616666666626,48.133616666666626,Prueba,97.02857142857142,LABS diario
2022-09-17,2022-10-17,30,Operativo,Random Forest A,142.6,102.20795476190484,131.6,40.39204523809515,40.39204523809515,Prueba,104.89999999999999,LABS diario
2022-09-18,2022-10-18,30,Operativo,Random Forest A,165.8,111.36074380952381,123.1,54.4392561904762,54.4392561904762,Prueba,112.92857142857143,LABS diario
2022-09-19,2022-10-19,30,Operativo,Random Forest A,166.0,127.31075523809527,124.7,38.68924476190473,38.68924476190473,Prueba,117.61428571428571,LABS diario
2022-09-20,2022-10-20,30,Operativo,Random Forest A,171.3,121.0431880952381,138.2,50.25681190476192,50.25681190476192,Prueba,123.38571428571427,LABS diario
2022-09-21,2022-10-21,30,Operativo,Random Forest A,170.0,112.35056571428574,142.6,57.649434285714264,57.649434285714264,Prueba,128.1142857142857,LABS diario
2022-09-22,2022-10-22,30,Operativo,Random Forest A,116.4,113.9142128571428,149.5,2.4857871428572054,2.4857871428572054,Prueba,132.82857142857142,LABS diario
2022-09-23,2022-10-23,30,Operativo,Random Forest A,89.1,110.65814380952374,153.8,-21.55814380952374,21.55814380952374,Prueba,137.64285714285714,LABS diario
2022-09-24,2022-10-24,30,Operativo,Random Forest A,81.8,101.78432142857145,148.2,-19.984321428571448,19.984321428571448,Prueba,140.0142857142857,LABS diario
2022-09-25,2022-10-25,30,Operativo,Random Forest A,48.0,111.7142904761905,137.1,-63.7142904761905,63.7142904761905,Prueba,142.0142857142857,LABS diario
2022-09-26,2022-10-26,30,Operativo,Random Forest A,35.2,109.9539280952381,141.1,-74.7539280952381,74.7539280952381,Prueba,144.35714285714286,LABS diario
2022-09-27,2022-10-27,30,Operativo,Random Forest A,62.9,110.26002238095234,141.6,-47.36002238095234,47.36002238095234,Prueba,144.84285714285713,LABS diario
2022-09-28,2022-10-28,30,Operativo,Random Forest A,92.2,106.61733428571425,141.7,-14.417334285714247,14.417334285714247,Prueba,144.71428571428572,LABS diario
2022-09-29,2022-10-29,30,Operativo,Random Forest A,78.5,99.91200952380954,143.5,-21.412009523809544,21.412009523809544,Prueba,143.85714285714286,LABS diario
2022-09-30,2022-10-30,30,Operativo,Random Forest A,69.2,99.36216285714288,157.4,-30.162162857142874,30.162162857142874,Prueba,144.37142857142857,LABS diario
2022-10-01,2022-10-31,30,Operativo,Random Forest A,84.0,90.96870285714283,189.2,-6.96870285714283,6.96870285714283,Prueba,150.22857142857143,LABS diario
2022-10-02,2022-11-01,30,Operativo,Random Forest A,108.2,101.0164304761905,166.4,7.18356952380951,7.18356952380951,Prueba,154.41428571428574,LABS diario
2022-10-03,2022-11-02,30,Operativo,Random Forest A,134.1,96.50847809523806,149.6,37.59152190476193,37.59152190476193,Prueba,155.62857142857143,LABS diario
2022-10-04,2022-11-03,30,Operativo,Random Forest A,148.5,87.58637666666664,154.7,60.91362333333336,60.91362333333336,Prueba,157.5,LABS diario
2022-10-05,2022-11-04,30,Operativo,Random Forest A,141.1,84.74369285714285,146.0,56.35630714285715,56.35630714285715,Prueba,158.1142857142857,LABS diario
2022-10-06,2022-11-05,30,Operativo,Random Forest A,105.1,87.99280952380953,148.8,17.107190476190468,17.107190476190468,Prueba,158.87142857142857,LABS diario
2022-10-07,2022-11-06,30,Operativo,Random Forest A,3.8,89.09748333333337,140.8,-85.29748333333337,85.29748333333337,Prueba,156.5,LABS diario
2022-10-08,2022-11-07,30,Operativo,Random Forest A,92.8,85.11748,125.3,7.682519999999997,7.682519999999997,Prueba,147.3714285714286,LABS diario
2022-10-09,2022-11-08,30,Operativo,Random Forest A,134.0,94.37890047619047,67.4,39.621099523809534,39.621099523809534,Prueba,133.22857142857143,LABS diario
2022-10-10,2022-11-09,30,Operativo,Random Forest A,178.0,106.806166984127,104.8,71.193833015873,71.193833015873,Prueba,126.82857142857144,LABS diario
2022-10-11,2022-11-10,30,Operativo,Random Forest A,183.5,106.02591047619049,109.3,77.47408952380951,77.47408952380951,Prueba,120.34285714285714,LABS diario
2022-10-12,2022-11-11,30,Operativo,Random Forest A,127.4,117.1817326984127,110.4,10.218267301587304,10.218267301587304,Prueba,115.25714285714285,LABS diario
2022-10-13,2022-11-12,30,Operativo,Random Forest A,93.4,110.50940666666672,131.9,-17.109406666666715,17.109406666666715,Prueba,112.84285714285716,LABS diario
2022-10-14,2022-11-13,30,Operativo,Random Forest A,77.0,107.17731126984127,151.0,-30.17731126984127,30.17731126984127,Prueba,114.29999999999998,LABS diario
2022-10-15,2022-11-14,30,Operativo,Random Forest A,75.4,103.56927190476186,137.3,-28.169271904761857,28.169271904761857,Prueba,116.01428571428572,LABS diario
2022-10-16,2022-11-15,30,Operativo,Random Forest A,72.7,101.89869761904767,149.3,-29.198697619047664,29.198697619047664,Prueba,127.71428571428571,LABS diario
2022-10-17,2022-11-16,30,Operativo,Random Forest A,113.6,107.67256730158728,142.6,5.927432698412716,5.927432698412716,Prueba,133.1142857142857,LABS diario
2022-10-18,2022-11-17,30,Operativo,Random Forest A,115.7,106.25558238095238,165.8,9.444417619047627,9.444417619047627,Prueba,141.18571428571428,LABS diario
2022-10-19,2022-11-18,30,Operativo,Random Forest A,151.8,111.57677587301592,166.0,40.22322412698409,40.22322412698409,Prueba,149.12857142857143,LABS diario
2022-10-20,2022-11-19,30,Operativo,Random Forest A,95.3,102.51014380952377,171.3,-7.210143809523771,7.210143809523771,Prueba,154.75714285714284,LABS diario
2022-10-21,2022-11-20,30,Operativo,Random Forest A,83.8,99.21233190476191,170.0,-15.412331904761913,15.412331904761913,Prueba,157.47142857142856,LABS diario
2022-10-22,2022-11-21,30,Operativo,Random Forest A,98.8,100.9636023809524,116.4,-2.1636023809523977,2.1636023809523977,Prueba,154.4857142857143,LABS diario
2022-10-23,2022-11-22,30,Operativo,Random Forest A,131.8,106.24333396825398,89.1,25.556666031746033,25.556666031746033,Prueba,145.8857142857143,LABS diario
2022-10-24,2022-11-23,30,Operativo,Random Forest A,142.7,104.46788095238098,81.8,38.23211904761901,38.23211904761901,Prueba,137.20000000000002,LABS diario
2022-10-25,2022-11-24,30,Operativo,Random Forest A,98.2,113.30034904761914,48.0,-15.100349047619133,15.100349047619133,Prueba,120.37142857142858,LABS diario
2022-10-26,2022-11-25,30,Operativo,Random Forest A,78.6,118.45334285714289,35.2,-39.85334285714289,39.85334285714289,Prueba,101.68571428571428,LABS diario
2022-10-27,2022-11-26,30,Operativo,Random Forest A,66.9,119.70486460317456,62.9,-52.80486460317455,52.80486460317455,Prueba,86.2,LABS diario
2022-10-28,2022-11-27,30,Operativo,Random Forest A,45.5,112.70579682539683,92.2,-67.20579682539683,67.20579682539683,Prueba,75.08571428571429,LABS diario
2022-10-29,2022-11-28,30,Operativo,Random Forest A,74.6,101.30286999999998,78.5,-26.70286999999999,26.70286999999999,Prueba,69.67142857142856,LABS diario
2022-10-30,2022-11-29,30,Operativo,Random Forest A,77.5,98.43731761904759,69.2,-20.93731761904759,20.93731761904759,Prueba,66.82857142857144,LABS diario
2022-10-31,2022-11-30,30,Operativo,Random Forest A,50.9,108.42316619047618,84.0,-57.52316619047618,57.52316619047618,Prueba,67.14285714285714,LABS diario
2022-11-01,2022-12-01,30,Operativo,Random Forest A,67.1,118.88558603174597,108.2,-51.78558603174598,51.78558603174598,Prueba,75.74285714285715,LABS diario
2022-11-02,2022-12-02,30,Operativo,Random Forest A,110.9,112.50233841269832,134.1,-1.602338412698316,1.602338412698316,Prueba,89.87142857142855,LABS diario
2022-11-03,2022-12-03,30,Operativo,Random Forest A,111.6,104.53617825396823,148.5,7.063821746031763,7.063821746031763,Prueba,102.10000000000001,LABS diario
2022-11-04,2022-12-04,30,Operativo,Random Forest A,103.5,89.31622952380954,141.1,14.18377047619046,14.18377047619046,Prueba,109.08571428571427,LABS diario
2022-11-05,2022-12-05,30,Operativo,Random Forest A,106.0,71.68683349206347,105.1,34.31316650793653,34.31316650793653,Prueba,112.88571428571427,LABS diario
2022-11-06,2022-12-06,30,Operativo,Random Forest A,135.4,104.49789619047621,3.8,30.902103809523794,30.902103809523794,Prueba,103.54285714285713,LABS diario
2022-11-07,2022-12-07,30,Operativo,Random Forest A,198.1,119.0242511111111,92.8,79.0757488888889,79.0757488888889,Prueba,104.8,LABS diario
2022-11-08,2022-12-08,30,Operativo,Random Forest A,216.9,125.84222714285723,134.0,91.05777285714278,91.05777285714278,Prueba,108.48571428571428,LABS diario
2022-11-09,2022-12-09,30,Operativo,Random Forest A,211.9,119.47922238095235,178.0,92.42077761904766,92.42077761904766,Prueba,114.75714285714285,LABS diario
2022-11-10,2022-12-10,30,Operativo,Random Forest A,173.6,92.51494238095236,183.5,81.08505761904763,81.08505761904763,Prueba,119.75714285714285,LABS diario
2022-11-11,2022-12-11,30,Operativo,Random Forest A,143.8,79.38056476190474,127.4,64.41943523809528,64.41943523809528,Prueba,117.8,LABS diario
2022-11-12,2022-12-12,30,Operativo,Random Forest A,111.3,79.37928523809522,93.4,31.920714761904776,31.920714761904776,Prueba,116.12857142857142,LABS diario
2022-11-13,2022-12-13,30,Operativo,Random Forest A,118.4,93.32044190476198,77.0,25.079558095238028,25.079558095238028,Prueba,126.58571428571429,LABS diario
2022-11-14,2022-12-14,30,Operativo,Random Forest A,146.7,113.29946380952389,75.4,33.4005361904761,33.4005361904761,Prueba,124.10000000000001,LABS diario
2022-11-15,2022-12-15,30,Operativo,Random Forest A,120.2,111.24924841269848,72.7,8.950751587301525,8.950751587301525,Prueba,115.34285714285714,LABS diario
2022-11-16,2022-12-16,30,Operativo,Random Forest A,114.1,116.32192809523809,113.6,-2.2219280952380984,2.2219280952380984,Prueba,106.14285714285714,LABS diario
2022-11-17,2022-12-17,30,Operativo,Random Forest A,86.2,101.26679714285714,115.7,-15.06679714285714,15.06679714285714,Prueba,96.45714285714287,LABS diario
2022-11-18,2022-12-18,30,Operativo,Random Forest A,74.2,112.33709126984121,151.8,-38.13709126984121,38.13709126984121,Prueba,99.94285714285715,LABS diario
2022-11-19,2022-12-19,30,Operativo,Random Forest A,92.0,93.43385174603176,95.3,-1.4338517460317632,1.4338517460317632,Prueba,100.21428571428571,LABS diario
2022-11-20,2022-12-20,30,Operativo,Random Forest A,131.1,98.95082476190473,83.8,32.14917523809527,32.14917523809527,Prueba,101.1857142857143,LABS diario
2022-11-21,2022-12-21,30,Operativo,Random Forest A,202.1,111.15821238095238,98.8,90.94178761904762,90.94178761904762,Prueba,104.52857142857144,LABS diario
2022-11-22,2022-12-22,30,Operativo,Random Forest A,197.7,117.21259936507934,131.8,80.48740063492065,80.48740063492065,Prueba,112.97142857142856,LABS diario
2022-11-23,2022-12-23,30,Operativo,Random Forest A,123.1,103.97461746031746,142.7,19.125382539682533,19.125382539682533,Prueba,117.12857142857142,LABS diario
2022-11-24,2022-12-24,30,Operativo,Random Forest A,87.1,99.42961047619045,98.2,-12.329610476190453,12.329610476190453,Prueba,114.62857142857145,LABS diario
2022-11-25,2022-12-25,30,Operativo,Random Forest A,57.1,102.27198095238094,78.6,-45.17198095238094,45.17198095238094,Prueba,104.17142857142856,LABS diario
2022-11-26,2022-12-26,30,Operativo,Random Forest A,43.5,102.71337904761899,66.9,-59.213379047618986,59.213379047618986,Prueba,100.11428571428573,LABS diario
2022-11-27,2022-12-27,30,Operativo,Random Forest A,111.8,99.62186333333327,45.5,12.178136666666731,12.178136666666731,Prueba,94.64285714285714,LABS diario
2022-11-28,2022-12-28,30,Operativo,Random Forest A,220.2,114.37882238095239,74.6,105.8211776190476,105.8211776190476,Prueba,91.18571428571428,LABS diario
2022-11-29,2022-12-29,30,Operativo,Random Forest A,229.3,114.46863492063491,77.5,114.8313650793651,114.8313650793651,Prueba,83.42857142857143,LABS diario
2022-11-30,2022-12-30,30,Operativo,Random Forest A,200.9,100.33316634920631,50.9,100.5668336507937,100.5668336507937,Prueba,70.31428571428572,LABS diario
2022-12-01,2022-12-31,30,Operativo,Random Forest A,112.9,98.35638333333328,67.1,14.543616666666722,14.543616666666722,Prueba,65.87142857142858,LABS diario
2022-12-02,2023-01-01,30,Operativo,Random Forest A,80.3,109.28101269841265,110.9,-28.981012698412655,28.981012698412655,Prueba,70.48571428571428,LABS diario
2022-12-03,2023-01-02,30,Operativo,Random Forest A,78.9,107.65315031746037,111.6,-28.753150317460367,28.753150317460367,Prueba,76.87142857142858,LABS diario
2022-12-04,2023-01-03,30,Operativo,Random Forest A,146.7,99.56455556998559,103.5,47.1354444300144,47.1354444300144,Prueba,85.15714285714286,LABS diario
2022-12-05,2023-01-04,30,Operativo,Random Forest A,187.1,106.49595476190484,106.0,80.60404523809515,80.60404523809515,Prueba,89.64285714285714,LABS diario
2022-12-06,2023-01-05,30,Operativo,Random Forest A,146.1,118.00603523809524,135.4,28.093964761904758,28.093964761904758,Prueba,97.91428571428571,LABS diario
2022-12-07,2023-01-06,30,Operativo,Random Forest A,107.9,108.67571285714286,198.1,-0.7757128571428495,0.7757128571428495,Prueba,118.94285714285715,LABS diario
2022-12-08,2023-01-07,30,Operativo,Random Forest A,78.5,105.70917904761905,216.9,-27.209179047619045,27.209179047619045,Prueba,140.34285714285713,LABS diario
2022-12-09,2023-01-08,30,Operativo,Random Forest A,76.2,89.53478968253965,211.9,-13.33478968253965,13.33478968253965,Prueba,154.77142857142857,LABS diario
2022-12-10,2023-01-09,30,Operativo,Random Forest A,113.7,107.85137666666671,173.6,5.848623333333293,5.848623333333293,Prueba,163.62857142857143,LABS diario
2022-12-11,2023-01-10,30,Operativo,Random Forest A,144.1,110.00804222222229,143.8,34.09195777777771,34.09195777777771,Prueba,169.3857142857143,LABS diario
2022-12-12,2023-01-11,30,Operativo,Random Forest A,136.5,106.12040380952378,111.3,30.37959619047622,30.37959619047622,Prueba,170.14285714285714,LABS diario
2022-12-13,2023-01-12,30,Operativo,Random Forest A,70.9,99.47739142857137,118.4,-28.57739142857136,28.57739142857136,Prueba,167.71428571428572,LABS diario
2022-12-14,2023-01-13,30,Operativo,Random Forest A,95.7,101.58860904761904,146.7,-5.888609047619042,5.888609047619042,Prueba,160.37142857142857,LABS diario
2022-12-15,2023-01-14,30,Operativo,Random Forest A,92.9,101.45968095238092,120.2,-8.559680952380916,8.559680952380916,Prueba,146.55714285714288,LABS diario
2022-12-16,2023-01-15,30,Operativo,Random Forest A,74.5,98.83458619047623,114.1,-24.33458619047623,24.33458619047623,Prueba,132.5857142857143,LABS diario
2022-12-17,2023-01-16,30,Operativo,Random Forest A,97.0,91.29455349206353,86.2,5.705446507936472,5.705446507936472,Prueba,120.10000000000001,LABS diario
2022-12-18,2023-01-17,30,Operativo,Random Forest A,149.8,96.8404049206349,74.2,52.959595079365116,52.959595079365116,Prueba,110.15714285714286,LABS diario
2022-12-19,2023-01-18,30,Operativo,Random Forest A,151.3,108.13320000000003,92.0,43.16679999999998,43.16679999999998,Prueba,107.39999999999999,LABS diario
2022-12-20,2023-01-19,30,Operativo,Random Forest A,161.7,102.77115936507944,131.1,58.92884063492055,58.92884063492055,Prueba,109.21428571428571,LABS diario
2022-12-21,2023-01-20,30,Operativo,Random Forest A,148.8,106.83387000000005,202.1,41.966129999999964,41.966129999999964,Prueba,117.12857142857142,LABS diario
2022-12-22,2023-01-21,30,Operativo,Random Forest A,157.3,91.10912380952382,197.7,66.19087619047619,66.19087619047619,Prueba,128.2,LABS diario
2022-12-23,2023-01-22,30,Operativo,Random Forest A,154.3,76.95586650793652,123.1,77.34413349206349,77.34413349206349,Prueba,129.4857142857143,LABS diario
2022-12-24,2023-01-23,30,Operativo,Random Forest A,167.1,89.10644857142853,87.1,77.99355142857146,77.99355142857146,Prueba,129.61428571428573,LABS diario
2022-12-25,2023-01-24,30,Operativo,Random Forest A,191.7,98.89564666666669,57.1,92.8043533333333,92.8043533333333,Prueba,127.17142857142858,LABS diario
2022-12-26,2023-01-25,30,Operativo,Random Forest A,184.1,105.9003485714286,43.5,78.1996514285714,78.1996514285714,Prueba,120.24285714285715,LABS diario
2022-12-27,2023-01-26,30,Operativo,Random Forest A,171.8,115.5079033333333,111.8,56.29209666666671,56.29209666666671,Prueba,117.48571428571428,LABS diario
2022-12-28,2023-01-27,30,Operativo,Random Forest A,141.9,114.40502063492059,220.2,27.494979365079416,27.494979365079416,Prueba,120.07142857142857,LABS diario
2022-12-29,2023-01-28,30,Operativo,Random Forest A,77.6,108.30830539682529,229.3,-30.708305396825295,30.708305396825295,Prueba,124.58571428571429,LABS diario
2022-12-30,2023-01-29,30,Operativo,Random Forest A,66.6,87.88146761904761,200.9,-21.281467619047618,21.281467619047618,Prueba,135.7,LABS diario
2022-12-31,2023-01-30,30,Operativo,Random Forest A,78.9,80.62350444444436,112.9,-1.7235044444443588,1.7235044444443588,Prueba,139.3857142857143,LABS diario
2023-01-01,2023-01-31,30,Operativo,Random Forest A,113.7,91.75978444444443,80.3,21.940215555555568,21.940215555555568,Prueba,142.7,LABS diario
2023-01-02,2023-02-01,30,Operativo,Random Forest A,132.6,99.68974555555556,78.9,32.91025444444443,32.91025444444443,Prueba,147.75714285714284,LABS diario
2023-01-03,2023-02-02,30,Operativo,Random Forest A,136.1,125.25587968253973,146.7,10.844120317460266,10.844120317460266,Prueba,152.74285714285716,LABS diario
2023-01-04,2023-02-03,30,Operativo,Random Forest A,122.7,103.0326844444444,187.1,19.667315555555604,19.667315555555604,Prueba,148.0142857142857,LABS diario
2023-01-05,2023-02-04,30,Operativo,Random Forest A,78.7,86.95802238095236,146.1,-8.258022380952355,8.258022380952355,Prueba,136.12857142857143,LABS diario
2023-01-06,2023-02-05,30,Operativo,Random Forest A,62.9,71.41645238095238,107.9,-8.51645238095238,8.51645238095238,Prueba,122.84285714285714,LABS diario
2023-01-07,2023-02-06,30,Operativo,Random Forest A,75.4,87.63383873015874,78.5,-12.233838730158737,12.233838730158737,Prueba,117.92857142857143,LABS diario
2023-01-08,2023-02-07,30,Operativo,Random Forest A,112.1,100.49584634920645,76.2,11.604153650793549,11.604153650793549,Prueba,117.34285714285714,LABS diario
2023-01-09,2023-02-08,30,Operativo,Random Forest A,126.0,112.41951174603174,113.7,13.580488253968255,13.580488253968255,Prueba,122.31428571428572,LABS diario
2023-01-10,2023-02-09,30,Operativo,Random Forest A,149.0,113.04521793650788,144.1,35.95478206349212,35.95478206349212,Prueba,121.94285714285714,LABS diario
2023-01-11,2023-02-10,30,Operativo,Random Forest A,165.6,99.92741428571426,136.5,65.67258571428573,65.67258571428573,Prueba,114.71428571428571,LABS diario
2023-01-12,2023-02-11,30,Operativo,Random Forest A,131.5,88.20718111111113,70.9,43.292818888888874,43.292818888888874,Prueba,103.97142857142856,LABS diario
2023-01-13,2023-02-12,30,Operativo,Random Forest A,117.8,99.11100492063497,95.7,18.68899507936503,18.68899507936503,Prueba,102.22857142857143,LABS diario
2023-01-14,2023-02-13,30,Operativo,Random Forest A,113.2,96.27756190476194,92.9,16.922438095238064,16.922438095238064,Prueba,104.28571428571429,LABS diario
2023-01-15,2023-02-14,30,Operativo,Random Forest A,134.5,99.5014633766234,74.5,34.998536623376594,34.998536623376594,Prueba,104.04285714285713,LABS diario
2023-01-16,2023-02-15,30,Operativo,Random Forest A,147.8,114.26257650793644,97.0,33.53742349206357,33.53742349206357,Prueba,101.65714285714284,LABS diario
2023-01-17,2023-02-16,30,Operativo,Random Forest A,119.9,114.41476746031746,149.8,5.485232539682542,5.485232539682542,Prueba,102.47142857142858,LABS diario
2023-01-18,2023-02-17,30,Operativo,Random Forest A,69.4,110.45799825396824,151.3,-41.057998253968236,41.057998253968236,Prueba,104.5857142857143,LABS diario
2023-01-19,2023-02-18,30,Operativo,Random Forest A,85.1,82.55489952380952,161.7,2.54510047619047,2.54510047619047,Prueba,117.55714285714285,LABS diario
2023-01-20,2023-02-19,30,Operativo,Random Forest A,83.4,82.45078269841274,148.8,0.949217301587268,0.949217301587268,Prueba,125.14285714285714,LABS diario
2023-01-21,2023-02-20,30,Operativo,Random Forest A,63.9,84.24418666666665,157.3,-20.34418666666665,20.34418666666665,Prueba,134.34285714285716,LABS diario
2023-01-22,2023-02-21,30,Operativo,Random Forest A,99.1,80.82434857142852,154.3,18.27565142857148,18.27565142857148,Prueba,145.74285714285716,LABS diario
2023-01-23,2023-02-22,30,Operativo,Random Forest A,160.1,90.2663061904762,167.1,69.8336938095238,69.8336938095238,Prueba,155.7571428571429,LABS diario
2023-01-24,2023-02-23,30,Operativo,Random Forest A,176.7,86.41450666666667,191.7,90.28549333333332,90.28549333333332,Prueba,161.74285714285716,LABS diario
2023-01-25,2023-02-24,30,Operativo,Random Forest A,150.3,85.92385380952379,184.1,64.37614619047622,64.37614619047622,Prueba,166.42857142857142,LABS diario
2023-01-26,2023-02-25,30,Operativo,Random Forest A,99.3,83.4714642857143,171.8,15.828535714285692,15.828535714285692,Prueba,167.87142857142857,LABS diario
2023-01-27,2023-02-26,30,Operativo,Random Forest A,89.7,83.77710428571433,141.9,5.922895714285673,5.922895714285673,Prueba,166.8857142857143,LABS diario
2023-01-28,2023-02-27,30,Operativo,Random Forest A,132.1,87.32826793650793,77.6,44.77173206349207,44.77173206349207,Prueba,155.5,LABS diario
2023-01-29,2023-02-28,30,Operativo,Random Forest A,185.6,91.38332365079367,66.6,94.21667634920632,94.21667634920632,Prueba,142.9714285714286,LABS diario
2023-01-30,2023-03-01,30,Operativo,Random Forest A,170.1,110.12482333333337,78.9,59.97517666666663,59.97517666666663,Prueba,130.37142857142857,LABS diario
2023-01-31,2023-03-02,30,Operativo,Random Forest A,132.0,109.62876333333334,113.7,22.37123666666666,22.37123666666666,Prueba,119.22857142857143,LABS diario
2023-02-01,2023-03-03,30,Operativo,Random Forest A,86.6,109.06178809523811,132.6,-22.46178809523812,22.46178809523812,Prueba,111.87142857142855,LABS diario
2023-02-02,2023-03-04,30,Operativo,Random Forest A,72.8,98.35461460317457,136.1,-25.55461460317457,25.55461460317457,Prueba,106.77142857142857,LABS diario
2023-02-03,2023-03-05,30,Operativo,Random Forest A,57.3,86.59372458874459,122.7,-29.293724588744595,29.293724588744595,Prueba,104.02857142857144,LABS diario
2023-02-04,2023-03-06,30,Operativo,Random Forest A,58.2,77.91542380952386,78.7,-19.715423809523855,19.715423809523855,Prueba,104.18571428571428,LABS diario
2023-02-05,2023-03-07,30,Operativo,Random Forest A,68.0,88.84834380952381,62.9,-20.84834380952381,20.84834380952381,Prueba,103.65714285714286,LABS diario
2023-02-06,2023-03-08,30,Operativo,Random Forest A,99.4,106.9123147619048,75.4,-7.51231476190479,7.51231476190479,Prueba,103.15714285714286,LABS diario
2023-02-07,2023-03-09,30,Operativo,Random Forest A,138.8,112.30536460317458,112.1,26.49463539682543,26.49463539682543,Prueba,102.92857142857143,LABS diario
2023-02-08,2023-03-10,30,Operativo,Random Forest A,133.5,106.4353901587302,126.0,27.0646098412698,27.0646098412698,Prueba,101.9857142857143,LABS diario
2023-02-09,2023-03-11,30,Operativo,Random Forest A,81.6,101.5942668253968,149.0,-19.994266825396807,19.994266825396807,Prueba,103.82857142857144,LABS diario
2023-02-10,2023-03-12,30,Operativo,Random Forest A,71.0,96.03469476190466,165.6,-25.03469476190466,25.03469476190466,Prueba,109.95714285714287,LABS diario
2023-02-11,2023-03-13,30,Operativo,Random Forest A,96.2,81.34296380952378,131.5,14.857036190476222,14.857036190476222,Prueba,117.5,LABS diario
2023-02-12,2023-03-14,30,Operativo,Random Forest A,107.5,74.72841015873018,117.8,32.771589841269815,32.771589841269815,Prueba,125.34285714285714,LABS diario
2023-02-13,2023-03-15,30,Operativo,Random Forest A,94.5,93.07177619047624,113.2,1.4282238095237574,1.4282238095237574,Prueba,130.74285714285716,LABS diario
2023-02-14,2023-03-16,30,Operativo,Random Forest A,139.7,106.95797730158733,134.5,32.742022698412654,32.742022698412654,Prueba,133.94285714285712,LABS diario
2023-02-15,2023-03-17,30,Operativo,Random Forest A,161.5,103.09937285714285,147.8,58.40062714285715,58.40062714285715,Prueba,137.05714285714285,LABS diario
2023-02-16,2023-03-18,30,Operativo,Random Forest A,126.8,93.00039619047617,119.9,33.79960380952383,33.79960380952383,Prueba,132.9,LABS diario
2023-02-17,2023-03-19,30,Operativo,Random Forest A,187.9,83.89480984126985,69.4,104.00519015873016,104.00519015873016,Prueba,119.15714285714287,LABS diario
2023-02-18,2023-03-20,30,Operativo,Random Forest A,161.5,94.64729714285723,85.1,66.85270285714277,66.85270285714277,Prueba,112.52857142857144,LABS diario
2023-02-19,2023-03-21,30,Operativo,Random Forest A,126.8,103.65421523809516,83.4,23.145784761904835,23.145784761904835,Prueba,107.61428571428571,LABS diario
2023-02-20,2023-03-22,30,Operativo,Random Forest A,107.2,89.4827095238095,63.9,17.7172904761905,17.7172904761905,Prueba,100.57142857142857,LABS diario
2023-02-21,2023-03-23,30,Operativo,Random Forest A,88.1,100.97084173160178,99.1,-12.870841731601786,12.870841731601786,Prueba,95.5142857142857,LABS diario
2023-02-22,2023-03-24,30,Operativo,Random Forest A,98.5,110.75124126984133,160.1,-12.25124126984133,12.25124126984133,Prueba,97.27142857142857,LABS diario
2023-02-23,2023-03-25,30,Operativo,Random Forest A,84.0,106.11372460317452,176.7,-22.113724603174518,22.113724603174518,Prueba,105.38571428571429,LABS diario
2023-02-24,2023-03-26,30,Operativo,Random Forest A,72.1,90.45953484848485,150.3,-18.359534848484856,18.359534848484856,Prueba,116.94285714285714,LABS diario
2023-02-25,2023-03-27,30,Operativo,Random Forest A,75.2,88.63316761904765,99.3,-13.433167619047651,13.433167619047651,Prueba,118.97142857142858,LABS diario
2023-02-26,2023-03-28,30,Operativo,Random Forest A,83.3,82.42154444444449,89.7,0.8784555555555045,0.8784555555555045,Prueba,119.87142857142858,LABS diario
2023-02-27,2023-03-29,30,Operativo,Random Forest A,93.6,111.6088665079365,132.1,-18.008866507936503,18.008866507936503,Prueba,129.6142857142857,LABS diario
2023-02-28,2023-03-30,30,Operativo,Random Forest A,62.0,103.6511717460317,185.6,-41.65117174603169,41.65117174603169,Prueba,141.9714285714286,LABS diario
2023-03-01,2023-03-31,30,Operativo,Random Forest A,66.0,92.4399873881674,170.1,-26.439987388167395,26.439987388167395,Prueba,143.4,LABS diario
2022-12-31,2023-01-01,1,,Regresión lineal,80.18078263320625,55.14841499414367,112.99782403485,25.032367639062578,25.032367639062578,Prueba,,SCADA diario
2023-01-01,2023-01-02,1,,Regresión lineal,78.9954602079125,76.60789736633002,80.18078263320625,2.3875628415824792,2.3875628415824792,Prueba,,SCADA diario
2023-01-02,2023-01-03,1,,Regresión lineal,146.58390218655555,101.48461028102845,78.9954602079125,45.099291905527096,45.099291905527096,Prueba,,SCADA diario
2023-01-03,2023-01-04,1,,Regresión lineal,187.00010610555555,184.88288954915186,146.58390218655555,2.11721655640369,2.11721655640369,Prueba,,SCADA diario
2023-01-04,2023-01-05,1,,Regresión lineal,146.07916719890972,174.00719431401586,187.00010610555555,-27.928027115106147,27.928027115106147,Prueba,,SCADA diario
2023-01-05,2023-01-06,1,,Regresión lineal,107.85673232559445,102.26171016128752,146.07916719890972,5.595022164306926,5.595022164306926,Prueba,,SCADA diario
2023-01-06,2023-01-07,1,,Regresión lineal,78.52955535486875,73.37207762369603,107.85673232559445,5.157477731172719,5.157477731172719,Prueba,,SCADA diario
2023-01-07,2023-01-08,1,,Regresión lineal,76.34335276865069,60.017918977295864,78.52955535486875,16.325433791354826,16.325433791354826,Prueba,,SCADA diario
2023-01-08,2023-01-09,1,,Regresión lineal,113.78107634597639,86.15418288223607,76.34335276865069,27.626893463740316,27.626893463740316,Prueba,,SCADA diario
2023-01-09,2023-01-10,1,,Regresión lineal,143.9836122749368,145.27549335004258,113.78107634597639,-1.2918810751057777,1.2918810751057777,Prueba,,SCADA diario
2023-01-10,2023-01-11,1,,Regresión lineal,136.53731412215208,154.33693354993866,143.9836122749368,-17.79961942778658,17.79961942778658,Prueba,,SCADA diario
2023-01-11,2023-01-12,1,,Regresión lineal,70.82207204816945,121.09619025562813,136.53731412215208,-50.274118207458685,50.274118207458685,Prueba,,SCADA diario
2023-01-12,2023-01-13,1,,Regresión lineal,95.73587550180557,56.416408445669724,70.82207204816945,39.31946705613584,39.31946705613584,Prueba,,SCADA diario
2023-01-13,2023-01-14,1,,Regresión lineal,92.89164404155001,114.8352784589291,95.73587550180557,-21.943634417379087,21.943634417379087,Prueba,,SCADA diario
2023-01-14,2023-01-15,1,,Regresión lineal,74.42980652276319,98.52552608153027,92.89164404155001,-24.095719558767087,24.095719558767087,Prueba,,SCADA diario
2023-01-15,2023-01-16,1,,Regresión lineal,97.01577506554861,92.48249645787824,74.42980652276319,4.533278607670368,4.533278607670368,Prueba,,SCADA diario
2023-01-16,2023-01-17,1,,Regresión lineal,149.77737681854165,123.24428820316288,97.01577506554861,26.533088615378773,26.533088615378773,Prueba,,SCADA diario
2023-01-17,2023-01-18,1,,Regresión lineal,151.26455833965278,161.73467712241776,149.77737681854165,-10.470118782764985,10.470118782764985,Prueba,,SCADA diario
2023-01-18,2023-01-19,1,,Regresión lineal,161.7522819070139,137.33573736358008,151.26455833965278,24.416544543433815,24.416544543433815,Prueba,,SCADA diario
2023-01-19,2023-01-20,1,,Regresión lineal,148.7933527688889,149.0730714665722,161.7522819070139,-0.2797186976833075,0.2797186976833075,Prueba,,SCADA diario
2023-01-20,2023-01-21,1,,Regresión lineal,157.34190209909724,120.79024158958173,148.7933527688889,36.551660509515514,36.551660509515514,Prueba,,SCADA diario
2023-01-21,2023-01-22,1,,Regresión lineal,154.25964758194445,140.0554201072812,157.34190209909724,14.204227474663242,14.204227474663242,Prueba,,SCADA diario
2023-01-22,2023-01-23,1,,Regresión lineal,167.0309772717361,140.70250138714354,154.25964758194445,26.328475884592564,26.328475884592564,Prueba,,SCADA diario
2023-01-23,2023-01-24,1,,Regresión lineal,191.64682237729167,167.6711810899798,167.0309772717361,23.975641287311873,23.975641287311873,Prueba,,SCADA diario
2023-01-24,2023-01-25,1,,Regresión lineal,184.04020955104167,175.36287598102433,191.64682237729167,8.677333570017339,8.677333570017339,Prueba,,SCADA diario
2023-01-25,2023-01-26,1,,Regresión lineal,171.7754768420139,155.7681572528253,184.04020955104167,16.007319589188597,16.007319589188597,Prueba,,SCADA diario
2023-01-26,2023-01-27,1,,Regresión lineal,142.0815475536389,150.2942494136358,171.7754768420139,-8.212701859996912,8.212701859996912,Prueba,,SCADA diario
2023-01-27,2023-01-28,1,,Regresión lineal,77.53336022465417,116.40687967408661,142.0815475536389,-38.873519449432436,38.873519449432436,Prueba,,SCADA diario
2023-01-28,2023-01-29,1,,Regresión lineal,66.52426164737777,56.53244326358963,77.53336022465417,9.991818383788143,9.991818383788143,Prueba,,SCADA diario
2023-01-29,2023-01-30,1,,Regresión lineal,78.87811402251181,76.38506784939716,66.52426164737777,2.4930461731146494,2.4930461731146494,Prueba,,SCADA diario
2023-01-30,2023-01-31,1,,Regresión lineal,113.70234312956251,96.5341769727903,78.87811402251181,17.1681661567722,17.1681661567722,Prueba,,SCADA diario
2023-01-31,2023-02-01,1,,Regresión lineal,132.65464369713195,130.2633828588979,113.70234312956251,2.3912608382340466,2.3912608382340466,Prueba,,SCADA diario
2023-02-01,2023-02-02,1,,Regresión lineal,136.04994126805556,127.50382161296056,132.65464369713195,8.546119655094998,8.546119655094998,Prueba,,SCADA diario
2023-02-02,2023-02-03,1,,Regresión lineal,122.76998745522222,118.57283423353502,136.04994126805556,4.197153221687202,4.197153221687202,Prueba,,SCADA diario
2023-02-03,2023-02-04,1,,Regresión lineal,78.66295843862846,98.71434946484986,122.76998745522222,-20.051391026221395,20.051391026221395,Prueba,,SCADA diario
2023-02-04,2023-02-05,1,,Regresión lineal,62.86445461278402,65.3599924211301,78.66295843862846,-2.4955378083460786,2.4955378083460786,Prueba,,SCADA diario
2023-02-05,2023-02-06,1,,Regresión lineal,75.34285404903889,74.93626251654447,62.86445461278402,0.40659153249441715,0.40659153249441715,Prueba,,SCADA diario
2023-02-06,2023-02-07,1,,Regresión lineal,112.16303345500694,100.36479019495866,75.34285404903889,11.798243260048281,11.798243260048281,Prueba,,SCADA diario
2023-02-07,2023-02-08,1,,Regresión lineal,125.9413038377361,134.59869751118106,112.16303345500694,-8.657393673444957,8.657393673444957,Prueba,,SCADA diario
2023-02-08,2023-02-09,1,,Regresión lineal,148.96966054715278,124.61357311993419,125.9413038377361,24.356087427218597,24.356087427218597,Prueba,,SCADA diario
2023-02-09,2023-02-10,1,,Regresión lineal,165.57050312770832,143.07796383938083,148.96966054715278,22.492539288327492,22.492539288327492,Prueba,,SCADA diario
2023-02-10,2023-02-11,1,,Regresión lineal,131.52156345381945,137.91233691308474,165.57050312770832,-6.39077345926529,6.39077345926529,Prueba,,SCADA diario
2023-02-11,2023-02-12,1,,Regresión lineal,117.72094485688889,101.32929506610833,131.52156345381945,16.391649790780562,16.391649790780562,Prueba,,SCADA diario
2023-02-12,2023-02-13,1,,Regresión lineal,113.19716304833334,113.39045409337454,117.72094485688889,-0.19329104504120664,0.19329104504120664,Prueba,,SCADA diario
2023-02-13,2023-02-14,1,,Regresión lineal,134.47288199875695,118.11494811941076,113.19716304833334,16.35793387934619,16.35793387934619,Prueba,,SCADA diario
2023-02-14,2023-02-15,1,,Regresión lineal,147.8343875451389,141.28280968186144,134.47288199875695,6.551577863277458,6.551577863277458,Prueba,,SCADA diario
2023-02-15,2023-02-16,1,,Regresión lineal,120.041351707875,148.9535211815214,147.8343875451389,-28.912169473646415,28.912169473646415,Prueba,,SCADA diario
2023-02-16,2023-02-17,1,,Regresión lineal,69.38329071944861,103.9102274036404,120.041351707875,-34.526936684191796,34.526936684191796,Prueba,,SCADA diario
2023-02-17,2023-02-18,1,,Regresión lineal,85.05227802860902,53.926751533468725,69.38329071944861,31.1255264951403,31.1255264951403,Prueba,,SCADA diario
2023-02-18,2023-02-19,1,,Regresión lineal,83.3714606272979,92.5461225772115,85.05227802860902,-9.174661949913599,9.174661949913599,Prueba,,SCADA diario
2023-02-19,2023-02-20,1,,Regresión lineal,63.88570468501736,84.81007420663526,83.3714606272979,-20.924369521617905,20.924369521617905,Prueba,,SCADA diario
2023-02-20,2023-02-21,1,,Regresión lineal,99.14081910150625,69.40630213775242,63.88570468501736,29.734516963753833,29.734516963753833,Prueba,,SCADA diario
2023-02-21,2023-02-22,1,,Regresión lineal,160.12978204881944,119.4614425423134,99.14081910150625,40.66833950650603,40.66833950650603,Prueba,,SCADA diario
2023-02-22,2023-02-23,1,,Regresión lineal,176.67261511541665,161.95570572306752,160.12978204881944,14.716909392349123,14.716909392349123,Prueba,,SCADA diario
2023-02-23,2023-02-24,1,,Regresión lineal,150.2646608388889,163.08574303559593,176.67261511541665,-12.821082196707039,12.821082196707039,Prueba,,SCADA diario
2023-02-24,2023-02-25,1,,Regresión lineal,99.28528730170834,132.10598716775738,150.2646608388889,-32.82069986604904,32.82069986604904,Prueba,,SCADA diario
2023-02-25,2023-02-26,1,,Regresión lineal,89.78475489644445,83.31874542885605,99.28528730170834,6.466009467588407,6.466009467588407,Prueba,,SCADA diario
2023-02-26,2023-02-27,1,,Regresión lineal,132.1117631027361,98.51850044248037,89.78475489644445,33.59326266025572,33.59326266025572,Prueba,,SCADA diario
2022-12-29,2023-01-01,3,,Random Forest A,80.18078263320625,107.81822898453517,229.22934277368057,-27.63744635132892,27.63744635132892,Prueba,,SCADA diario
2022-12-30,2023-01-02,3,,Random Forest A,78.9954602079125,106.59001650251126,200.89446525715277,-27.59455629459876,27.59455629459876,Prueba,,SCADA diario
2022-12-31,2023-01-03,3,,Random Forest A,146.58390218655555,110.26577182059108,112.99782403485,36.318130365964464,36.318130365964464,Prueba,,SCADA diario
2023-01-01,2023-01-04,3,,Random Forest A,187.00010610555555,133.67941221077243,80.18078263320625,53.32069389478312,53.32069389478312,Prueba,,SCADA diario
2023-01-02,2023-01-05,3,,Random Forest A,146.07916719890972,145.470018253234,78.9954602079125,0.6091489456757131,0.6091489456757131,Prueba,,SCADA diario
2023-01-03,2023-01-06,3,,Random Forest A,107.85673232559445,128.00402337899627,146.58390218655555,-20.147291053401815,20.147291053401815,Prueba,,SCADA diario
2023-01-04,2023-01-07,3,,Random Forest A,78.52955535486875,103.10414614731744,187.00010610555555,-24.57459079244869,24.57459079244869,Prueba,,SCADA diario
2023-01-05,2023-01-08,3,,Random Forest A,76.34335276865069,95.7042212490789,146.07916719890972,-19.36086848042821,19.36086848042821,Prueba,,SCADA diario
2023-01-06,2023-01-09,3,,Random Forest A,113.78107634597639,88.76009511969316,107.85673232559445,25.020981226283226,25.020981226283226,Prueba,,SCADA diario
2023-01-07,2023-01-10,3,,Random Forest A,143.9836122749368,107.25480319111414,78.52955535486875,36.72880908382267,36.72880908382267,Prueba,,SCADA diario
2023-01-08,2023-01-11,3,,Random Forest A,136.53731412215208,125.0228018113871,76.34335276865069,11.514512310764985,11.514512310764985,Prueba,,SCADA diario
2023-01-09,2023-01-12,3,,Random Forest A,70.82207204816945,116.75167305372835,113.78107634597639,-45.92960100555891,45.92960100555891,Prueba,,SCADA diario
2023-01-10,2023-01-13,3,,Random Forest A,95.73587550180557,99.72532780639445,143.9836122749368,-3.9894523045888803,3.9894523045888803,Prueba,,SCADA diario
2023-01-11,2023-01-14,3,,Random Forest A,92.89164404155001,100.4767844726515,136.53731412215208,-7.585140431101493,7.585140431101493,Prueba,,SCADA diario
2023-01-12,2023-01-15,3,,Random Forest A,74.42980652276319,103.68057439582331,70.82207204816945,-29.250767873060127,29.250767873060127,Prueba,,SCADA diario
2023-01-13,2023-01-16,3,,Random Forest A,97.01577506554861,106.58810912175875,95.73587550180557,-9.572334056210138,9.572334056210138,Prueba,,SCADA diario
2023-01-14,2023-01-17,3,,Random Forest A,149.77737681854165,121.73469606875561,92.89164404155001,28.042680749786044,28.042680749786044,Prueba,,SCADA diario
2023-01-15,2023-01-18,3,,Random Forest A,151.26455833965278,129.96254178093255,74.42980652276319,21.302016558720226,21.302016558720226,Prueba,,SCADA diario
2023-01-16,2023-01-19,3,,Random Forest A,161.7522819070139,114.8581455767745,97.01577506554861,46.89413633023939,46.89413633023939,Prueba,,SCADA diario
2023-01-17,2023-01-20,3,,Random Forest A,148.7933527688889,105.0940854730947,149.77737681854165,43.6992672957942,43.6992672957942,Prueba,,SCADA diario
2023-01-18,2023-01-21,3,,Random Forest A,157.34190209909724,101.83327747093672,151.26455833965278,55.50862462816052,55.50862462816052,Prueba,,SCADA diario
2023-01-19,2023-01-22,3,,Random Forest A,154.25964758194445,105.81534649339743,161.7522819070139,48.44430108854702,48.44430108854702,Prueba,,SCADA diario
2023-01-20,2023-01-23,3,,Random Forest A,167.0309772717361,107.99497696445904,148.7933527688889,59.036000307277064,59.036000307277064,Prueba,,SCADA diario
2023-01-21,2023-01-24,3,,Random Forest A,191.64682237729167,117.14512501893519,157.34190209909724,74.50169735835648,74.50169735835648,Prueba,,SCADA diario
2023-01-22,2023-01-25,3,,Random Forest A,184.04020955104167,125.56970097866608,154.25964758194445,58.47050857237559,58.47050857237559,Prueba,,SCADA diario
2023-01-23,2023-01-26,3,,Random Forest A,171.7754768420139,114.43146191705895,167.0309772717361,57.344014924954934,57.344014924954934,Prueba,,SCADA diario
2023-01-24,2023-01-27,3,,Random Forest A,142.0815475536389,107.06652969822399,191.64682237729167,35.01501785541491,35.01501785541491,Prueba,,SCADA diario
2023-01-25,2023-01-28,3,,Random Forest A,77.53336022465417,99.21125035578392,184.04020955104167,-21.677890131129743,21.677890131129743,Prueba,,SCADA diario
2023-01-26,2023-01-29,3,,Random Forest A,66.52426164737777,97.92815546990549,171.7754768420139,-31.40389382252772,31.40389382252772,Prueba,,SCADA diario
2023-01-27,2023-01-30,3,,Random Forest A,78.87811402251181,97.92062407462139,142.0815475536389,-19.042510052109577,19.042510052109577,Prueba,,SCADA diario
2023-01-28,2023-01-31,3,,Random Forest A,113.70234312956251,96.03917377208357,77.53336022465417,17.663169357478935,17.663169357478935,Prueba,,SCADA diario
2023-01-29,2023-02-01,3,,Random Forest A,132.65464369713195,101.73856300014394,66.52426164737777,30.916080696988004,30.916080696988004,Prueba,,SCADA diario
2023-01-30,2023-02-02,3,,Random Forest A,136.04994126805556,102.98843416025488,78.87811402251181,33.06150710780068,33.06150710780068,Prueba,,SCADA diario
2023-01-31,2023-02-03,3,,Random Forest A,122.76998745522222,104.63764534068233,113.70234312956251,18.132342114539895,18.132342114539895,Prueba,,SCADA diario
2023-02-01,2023-02-04,3,,Random Forest A,78.66295843862846,96.31364835732633,132.65464369713195,-17.650689918697864,17.650689918697864,Prueba,,SCADA diario
2023-02-02,2023-02-05,3,,Random Forest A,62.86445461278402,89.8260224354527,136.04994126805556,-26.961567822668677,26.961567822668677,Prueba,,SCADA diario
2023-02-03,2023-02-06,3,,Random Forest A,75.34285404903889,95.34948332798282,122.76998745522222,-20.006629278943933,20.006629278943933,Prueba,,SCADA diario
2023-02-04,2023-02-07,3,,Random Forest A,112.16303345500694,120.13613751620952,78.66295843862846,-7.9731040612025765,7.9731040612025765,Prueba,,SCADA diario
2023-02-05,2023-02-08,3,,Random Forest A,125.9413038377361,127.44355189966385,62.86445461278402,-1.5022480619277445,1.5022480619277445,Prueba,,SCADA diario
2023-02-06,2023-02-09,3,,Random Forest A,148.96966054715278,121.63487514299756,75.34285404903889,27.334785404155227,27.334785404155227,Prueba,,SCADA diario
2023-02-07,2023-02-10,3,,Random Forest A,165.57050312770832,112.96768413151372,112.16303345500694,52.6028189961946,52.6028189961946,Prueba,,SCADA diario
2023-02-08,2023-02-11,3,,Random Forest A,131.52156345381945,95.48748484033223,125.9413038377361,36.034078613487225,36.034078613487225,Prueba,,SCADA diario
2023-02-09,2023-02-12,3,,Random Forest A,117.72094485688889,94.16221523695195,148.96966054715278,23.55872961993694,23.55872961993694,Prueba,,SCADA diario
2023-02-10,2023-02-13,3,,Random Forest A,113.19716304833334,98.41927503303879,165.57050312770832,14.77788801529455,14.77788801529455,Prueba,,SCADA diario
2023-02-11,2023-02-14,3,,Random Forest A,134.47288199875695,108.56234418550169,131.52156345381945,25.91053781325526,25.91053781325526,Prueba,,SCADA diario
2023-02-12,2023-02-15,3,,Random Forest A,147.8343875451389,119.28353358655534,117.72094485688889,28.55085395858356,28.55085395858356,Prueba,,SCADA diario
2023-02-13,2023-02-16,3,,Random Forest A,120.041351707875,110.09452921791839,113.19716304833334,9.946822489956602,9.946822489956602,Prueba,,SCADA diario
2023-02-14,2023-02-17,3,,Random Forest A,69.38329071944861,97.84274471140527,134.47288199875695,-28.459453991956664,28.459453991956664,Prueba,,SCADA diario
2023-02-15,2023-02-18,3,,Random Forest A,85.05227802860902,108.17278517789197,147.8343875451389,-23.120507149282943,23.120507149282943,Prueba,,SCADA diario
2023-02-16,2023-02-19,3,,Random Forest A,83.3714606272979,88.22417780188968,120.041351707875,-4.852717174591774,4.852717174591774,Prueba,,SCADA diario
2023-02-17,2023-02-20,3,,Random Forest A,63.88570468501736,103.1882145823559,69.38329071944861,-39.30250989733854,39.30250989733854,Prueba,,SCADA diario
2023-02-18,2023-02-21,3,,Random Forest A,99.14081910150625,110.97786264332663,85.05227802860902,-11.837043541820378,11.837043541820378,Prueba,,SCADA diario
2023-02-19,2023-02-22,3,,Random Forest A,160.12978204881944,116.73131861591509,83.3714606272979,43.39846343290435,43.39846343290435,Prueba,,SCADA diario
2023-02-20,2023-02-23,3,,Random Forest A,176.67261511541665,110.18078838866627,63.88570468501736,66.49182672675038,66.49182672675038,Prueba,,SCADA diario
2023-02-21,2023-02-24,3,,Random Forest A,150.2646608388889,107.8183237974909,99.14081910150625,42.44633704139798,42.44633704139798,Prueba,,SCADA diario
2023-02-22,2023-02-25,3,,Random Forest A,99.28528730170834,98.95773133816189,160.12978204881944,0.3275559635464447,0.3275559635464447,Prueba,,SCADA diario
2023-02-23,2023-02-26,3,,Random Forest A,89.78475489644445,100.95341700662281,176.67261511541665,-11.16866211017836,11.16866211017836,Prueba,,SCADA diario
2023-02-24,2023-02-27,3,,Random Forest A,132.1117631027361,98.43923147215546,150.2646608388889,33.672531630580636,33.672531630580636,Prueba,,SCADA diario
2022-12-25,2023-01-01,7,,Random Forest A,80.18078263320625,83.62402348463961,56.937947649521526,-3.443240851433359,3.443240851433359,Prueba,,SCADA diario
2022-12-26,2023-01-02,7,,Random Forest A,78.9954602079125,90.98176726240114,43.45106067909097,-11.986307054488634,11.986307054488634,Prueba,,SCADA diario
2022-12-27,2023-01-03,7,,Random Forest A,146.58390218655555,116.67681687045489,111.77793804454652,29.907085316100662,29.907085316100662,Prueba,,SCADA diario
2022-12-28,2023-01-04,7,,Random Forest A,187.00010610555555,162.59757221392488,220.24545812180554,24.402533891630668,24.402533891630668,Prueba,,SCADA diario
2022-12-29,2023-01-05,7,,Random Forest A,146.07916719890972,166.6285099333342,229.22934277368057,-20.54934273442447,20.54934273442447,Prueba,,SCADA diario
2022-12-30,2023-01-06,7,,Random Forest A,107.85673232559445,132.9907479951404,200.89446525715277,-25.134015669545946,25.134015669545946,Prueba,,SCADA diario
2022-12-31,2023-01-07,7,,Random Forest A,78.52955535486875,113.70340648892856,112.99782403485,-35.17385113405982,35.17385113405982,Prueba,,SCADA diario
2023-01-01,2023-01-08,7,,Random Forest A,76.34335276865069,97.47180016958436,80.18078263320625,-21.128447400933666,21.128447400933666,Prueba,,SCADA diario
2023-01-02,2023-01-09,7,,Random Forest A,113.78107634597639,92.16579543756927,78.9954602079125,21.615280908407115,21.615280908407115,Prueba,,SCADA diario
2023-01-03,2023-01-10,7,,Random Forest A,143.9836122749368,115.84258684251859,146.58390218655555,28.141025432418218,28.141025432418218,Prueba,,SCADA diario
2023-01-04,2023-01-11,7,,Random Forest A,136.53731412215208,166.81569721612044,187.00010610555555,-30.27838309396836,30.27838309396836,Prueba,,SCADA diario
2023-01-05,2023-01-12,7,,Random Forest A,70.82207204816945,136.44935095756182,146.07916719890972,-65.62727890939237,65.62727890939237,Prueba,,SCADA diario
2023-01-06,2023-01-13,7,,Random Forest A,95.73587550180557,119.79116211182053,107.85673232559445,-24.05528661001496,24.05528661001496,Prueba,,SCADA diario
2023-01-07,2023-01-14,7,,Random Forest A,92.89164404155001,89.77317843113413,78.52955535486875,3.118465610415882,3.118465610415882,Prueba,,SCADA diario
2023-01-08,2023-01-15,7,,Random Forest A,74.42980652276319,94.38878628429543,76.34335276865069,-19.958979761532248,19.958979761532248,Prueba,,SCADA diario
2023-01-09,2023-01-16,7,,Random Forest A,97.01577506554861,109.28436347015602,113.78107634597639,-12.268588404607414,12.268588404607414,Prueba,,SCADA diario
2023-01-10,2023-01-17,7,,Random Forest A,149.77737681854165,139.0290346023378,143.9836122749368,10.748342216203866,10.748342216203866,Prueba,,SCADA diario
2023-01-11,2023-01-18,7,,Random Forest A,151.26455833965278,141.35881468954966,136.53731412215208,9.905743650103119,9.905743650103119,Prueba,,SCADA diario
2023-01-12,2023-01-19,7,,Random Forest A,161.7522819070139,122.68133603776613,70.82207204816945,39.070945869247765,39.070945869247765,Prueba,,SCADA diario
2023-01-13,2023-01-20,7,,Random Forest A,148.7933527688889,102.27568142085804,95.73587550180557,46.51767134803086,46.51767134803086,Prueba,,SCADA diario
2023-01-14,2023-01-21,7,,Random Forest A,157.34190209909724,100.65884287800795,92.89164404155001,56.683059221089295,56.683059221089295,Prueba,,SCADA diario
2023-01-15,2023-01-22,7,,Random Forest A,154.25964758194445,102.89702590799735,74.42980652276319,51.3626216739471,51.3626216739471,Prueba,,SCADA diario
2023-01-16,2023-01-23,7,,Random Forest A,167.0309772717361,106.53459792550755,97.01577506554861,60.49637934622855,60.49637934622855,Prueba,,SCADA diario
2023-01-17,2023-01-24,7,,Random Forest A,191.64682237729167,138.7301771217604,149.77737681854165,52.91664525553128,52.91664525553128,Prueba,,SCADA diario
2023-01-18,2023-01-25,7,,Random Forest A,184.04020955104167,139.12461757722127,151.26455833965278,44.9155919738204,44.9155919738204,Prueba,,SCADA diario
2023-01-19,2023-01-26,7,,Random Forest A,171.7754768420139,113.97313457861712,161.7522819070139,57.80234226339677,57.80234226339677,Prueba,,SCADA diario
2023-01-20,2023-01-27,7,,Random Forest A,142.0815475536389,104.8033614408233,148.7933527688889,37.278186112815604,37.278186112815604,Prueba,,SCADA diario
2023-01-21,2023-01-28,7,,Random Forest A,77.53336022465417,105.3213861489579,157.34190209909724,-27.788025924303724,27.788025924303724,Prueba,,SCADA diario
2023-01-22,2023-01-29,7,,Random Forest A,66.52426164737777,98.23979424784699,154.25964758194445,-31.715532600469217,31.715532600469217,Prueba,,SCADA diario
2023-01-23,2023-01-30,7,,Random Forest A,78.87811402251181,98.64376603376888,167.0309772717361,-19.765652011257075,19.765652011257075,Prueba,,SCADA diario
2023-01-24,2023-01-31,7,,Random Forest A,113.70234312956251,115.64306064348388,191.64682237729167,-1.9407175139213706,1.9407175139213706,Prueba,,SCADA diario
2023-01-25,2023-02-01,7,,Random Forest A,132.65464369713195,114.94369197642978,184.04020955104167,17.71095172070217,17.71095172070217,Prueba,,SCADA diario
2023-01-26,2023-02-02,7,,Random Forest A,136.04994126805556,112.7281094894446,171.7754768420139,23.321831778610957,23.321831778610957,Prueba,,SCADA diario
2023-01-27,2023-02-03,7,,Random Forest A,122.76998745522222,105.06772254589215,142.0815475536389,17.70226490933007,17.70226490933007,Prueba,,SCADA diario
2023-01-28,2023-02-04,7,,Random Forest A,78.66295843862846,108.5953322402097,77.53336022465417,-29.932373801581235,29.932373801581235,Prueba,,SCADA diario
2023-01-29,2023-02-05,7,,Random Forest A,62.86445461278402,104.85941193456236,66.52426164737777,-41.99495732177834,41.99495732177834,Prueba,,SCADA diario
2023-01-30,2023-02-06,7,,Random Forest A,75.34285404903889,112.13000020449753,78.87811402251181,-36.78714615545864,36.78714615545864,Prueba,,SCADA diario
2023-01-31,2023-02-07,7,,Random Forest A,112.16303345500694,136.25177919263504,113.70234312956251,-24.088745737628102,24.088745737628102,Prueba,,SCADA diario
2023-02-01,2023-02-08,7,,Random Forest A,125.9413038377361,141.99055871295178,132.65464369713195,-16.04925487521568,16.04925487521568,Prueba,,SCADA diario
2023-02-02,2023-02-09,7,,Random Forest A,148.96966054715278,131.9350992892593,136.04994126805556,17.034561257893472,17.034561257893472,Prueba,,SCADA diario
2023-02-03,2023-02-10,7,,Random Forest A,165.57050312770832,110.15188261872247,122.76998745522222,55.41862050898585,55.41862050898585,Prueba,,SCADA diario
2023-02-04,2023-02-11,7,,Random Forest A,131.52156345381945,82.7605031654679,78.66295843862846,48.76106028835156,48.76106028835156,Prueba,,SCADA diario
2023-02-05,2023-02-12,7,,Random Forest A,117.72094485688889,80.68143448454957,62.86445461278402,37.03951037233932,37.03951037233932,Prueba,,SCADA diario
2023-02-06,2023-02-13,7,,Random Forest A,113.19716304833334,91.4137230765581,75.34285404903889,21.783439971775238,21.783439971775238,Prueba,,SCADA diario
2023-02-07,2023-02-14,7,,Random Forest A,134.47288199875695,112.37896443008606,112.16303345500694,22.09391756867089,22.09391756867089,Prueba,,SCADA diario
2023-02-08,2023-02-15,7,,Random Forest A,147.8343875451389,122.25891283810829,125.9413038377361,25.575474707030608,25.575474707030608,Prueba,,SCADA diario
2023-02-09,2023-02-16,7,,Random Forest A,120.041351707875,132.17716664873095,148.96966054715278,-12.135814940855951,12.135814940855951,Prueba,,SCADA diario
2023-02-10,2023-02-17,7,,Random Forest A,69.38329071944861,118.39996177748773,165.57050312770832,-49.01667105803912,49.01667105803912,Prueba,,SCADA diario
2023-02-11,2023-02-18,7,,Random Forest A,85.05227802860902,98.32370696202669,131.52156345381945,-13.271428933417667,13.271428933417667,Prueba,,SCADA diario
2023-02-12,2023-02-19,7,,Random Forest A,83.3714606272979,97.60151971373864,117.72094485688889,-14.230059086440733,14.230059086440733,Prueba,,SCADA diario
2023-02-13,2023-02-20,7,,Random Forest A,63.88570468501736,90.4926271957973,113.19716304833334,-26.60692251077994,26.60692251077994,Prueba,,SCADA diario
2023-02-14,2023-02-21,7,,Random Forest A,99.14081910150625,101.34482230986097,134.47288199875695,-2.2040032083547203,2.2040032083547203,Prueba,,SCADA diario
2023-02-15,2023-02-22,7,,Random Forest A,160.12978204881944,122.27450398852937,147.8343875451389,37.85527806029006,37.85527806029006,Prueba,,SCADA diario
2023-02-16,2023-02-23,7,,Random Forest A,176.67261511541665,123.63549301559604,120.041351707875,53.03712209982061,53.03712209982061,Prueba,,SCADA diario
2023-02-17,2023-02-24,7,,Random Forest A,150.2646608388889,109.62970729134884,69.38329071944861,40.63495354754005,40.63495354754005,Prueba,,SCADA diario
2023-02-18,2023-02-25,7,,Random Forest A,99.28528730170834,88.20114593321719,85.05227802860902,11.084141368491146,11.084141368491146,Prueba,,SCADA diario
2023-02-19,2023-02-26,7,,Random Forest A,89.78475489644445,92.22248868597069,83.3714606272979,-2.4377337895262343,2.4377337895262343,Prueba,,SCADA diario
2023-02-20,2023-02-27,7,,Random Forest A,132.1117631027361,98.77524248605462,63.88570468501736,33.33652061668147,33.33652061668147,Prueba,,SCADA diario
2022-12-17,2023-01-01,15,,Random Forest A,80.18078263320625,104.10018989788601,86.11494554619792,-23.919407264679762,23.919407264679762,Prueba,,SCADA diario
2022-12-18,2023-01-02,15,,Random Forest A,78.9954602079125,102.09689030761243,74.22534945770833,-23.101430099699925,23.101430099699925,Prueba,,SCADA diario
2022-12-19,2023-01-03,15,,Random Forest A,146.58390218655555,112.48779900867707,92.08066578754861,34.096103177878476,34.096103177878476,Prueba,,SCADA diario
2022-12-20,2023-01-04,15,,Random Forest A,187.00010610555555,120.62298291307526,131.02723828003957,66.37712319248028,66.37712319248028,Prueba,,SCADA diario
2022-12-21,2023-01-05,15,,Random Forest A,146.07916719890972,132.54571590912602,202.11044608458332,13.533451289783699,13.533451289783699,Prueba,,SCADA diario
2022-12-22,2023-01-06,15,,Random Forest A,107.85673232559445,99.77809396129902,197.7043853552778,8.07863836429543,8.07863836429543,Prueba,,SCADA diario
2022-12-23,2023-01-07,15,,Random Forest A,78.52955535486875,89.58831112946052,123.10845170521459,-11.058755774591774,11.058755774591774,Prueba,,SCADA diario
2022-12-24,2023-01-08,15,,Random Forest A,76.34335276865069,90.23121305952998,87.14961726256666,-13.887860290879289,13.887860290879289,Prueba,,SCADA diario
2022-12-25,2023-01-09,15,,Random Forest A,113.78107634597639,94.05379852267409,56.937947649521526,19.727277823302302,19.727277823302302,Prueba,,SCADA diario
2022-12-26,2023-01-10,15,,Random Forest A,143.9836122749368,114.82726597829203,43.45106067909097,29.15634629664477,29.15634629664477,Prueba,,SCADA diario
2022-12-27,2023-01-11,15,,Random Forest A,136.53731412215208,122.03036301302127,111.77793804454652,14.50695110913081,14.50695110913081,Prueba,,SCADA diario
2022-12-28,2023-01-12,15,,Random Forest A,70.82207204816945,156.51449990596294,220.24545812180554,-85.69242785779349,85.69242785779349,Prueba,,SCADA diario
2022-12-29,2023-01-13,15,,Random Forest A,95.73587550180557,140.8850733906098,229.22934277368057,-45.149197888804224,45.149197888804224,Prueba,,SCADA diario
2022-12-30,2023-01-14,15,,Random Forest A,92.89164404155001,96.62753370240043,200.89446525715277,-3.735889660850418,3.735889660850418,Prueba,,SCADA diario
2022-12-31,2023-01-15,15,,Random Forest A,74.42980652276319,90.08216657377241,112.99782403485,-15.652360051009225,15.652360051009225,Prueba,,SCADA diario
2023-01-01,2023-01-16,15,,Random Forest A,97.01577506554861,99.16076829160195,80.18078263320625,-2.1449932260533444,2.1449932260533444,Prueba,,SCADA diario
2023-01-02,2023-01-17,15,,Random Forest A,149.77737681854165,98.0834517714368,78.9954602079125,51.693925047104855,51.693925047104855,Prueba,,SCADA diario
2023-01-03,2023-01-18,15,,Random Forest A,151.26455833965278,127.37611014784974,146.58390218655555,23.888448191803036,23.888448191803036,Prueba,,SCADA diario
2023-01-04,2023-01-19,15,,Random Forest A,161.7522819070139,152.47006326051638,187.00010610555555,9.282218646497512,9.282218646497512,Prueba,,SCADA diario
2023-01-05,2023-01-20,15,,Random Forest A,148.7933527688889,126.88153404988297,146.07916719890972,21.91181871900592,21.91181871900592,Prueba,,SCADA diario
2023-01-06,2023-01-21,15,,Random Forest A,157.34190209909724,109.09862449226543,107.85673232559445,48.24327760683181,48.24327760683181,Prueba,,SCADA diario
2023-01-07,2023-01-22,15,,Random Forest A,154.25964758194445,93.9901381646222,78.52955535486875,60.269509417322254,60.269509417322254,Prueba,,SCADA diario
2023-01-08,2023-01-23,15,,Random Forest A,167.0309772717361,101.82660640094278,76.34335276865069,65.20437087079333,65.20437087079333,Prueba,,SCADA diario
2023-01-09,2023-01-24,15,,Random Forest A,191.64682237729167,132.08212964277462,113.78107634597639,59.56469273451705,59.56469273451705,Prueba,,SCADA diario
2023-01-10,2023-01-25,15,,Random Forest A,184.04020955104167,143.7493864580573,143.9836122749368,40.29082309298437,40.29082309298437,Prueba,,SCADA diario
2023-01-11,2023-01-26,15,,Random Forest A,171.7754768420139,127.10727029412014,136.53731412215208,44.668206547893746,44.668206547893746,Prueba,,SCADA diario
2023-01-12,2023-01-27,15,,Random Forest A,142.0815475536389,116.44995510925628,70.82207204816945,25.63159244438262,25.63159244438262,Prueba,,SCADA diario
2023-01-13,2023-01-28,15,,Random Forest A,77.53336022465417,121.0792152009966,95.73587550180557,-43.545854976342426,43.545854976342426,Prueba,,SCADA diario
2023-01-14,2023-01-29,15,,Random Forest A,66.52426164737777,106.03355112949262,92.89164404155001,-39.50928948211485,39.50928948211485,Prueba,,SCADA diario
2023-01-15,2023-01-30,15,,Random Forest A,78.87811402251181,107.47428797235455,74.42980652276319,-28.596173949842736,28.596173949842736,Prueba,,SCADA diario
2023-01-16,2023-01-31,15,,Random Forest A,113.70234312956251,133.53873332437905,97.01577506554861,-19.836390194816545,19.836390194816545,Prueba,,SCADA diario
2023-01-17,2023-02-01,15,,Random Forest A,132.65464369713195,130.976604247173,149.77737681854165,1.678039449958959,1.678039449958959,Prueba,,SCADA diario
2023-01-18,2023-02-02,15,,Random Forest A,136.04994126805556,131.96639712898119,151.26455833965278,4.083544139074377,4.083544139074377,Prueba,,SCADA diario
2023-01-19,2023-02-03,15,,Random Forest A,122.76998745522222,99.49991016829946,161.7522819070139,23.270077286922756,23.270077286922756,Prueba,,SCADA diario
2023-01-20,2023-02-04,15,,Random Forest A,78.66295843862846,97.59137971056396,148.7933527688889,-18.92842127193549,18.92842127193549,Prueba,,SCADA diario
2023-01-21,2023-02-05,15,,Random Forest A,62.86445461278402,99.31182332473007,157.34190209909724,-36.44736871194605,36.44736871194605,Prueba,,SCADA diario
2023-01-22,2023-02-06,15,,Random Forest A,75.34285404903889,108.26825189280638,154.25964758194445,-32.925397843767485,32.925397843767485,Prueba,,SCADA diario
2023-01-23,2023-02-07,15,,Random Forest A,112.16303345500694,126.19270239193067,167.0309772717361,-14.029668936923727,14.029668936923727,Prueba,,SCADA diario
2023-01-24,2023-02-08,15,,Random Forest A,125.9413038377361,132.7891553137789,191.64682237729167,-6.8478514760428055,6.8478514760428055,Prueba,,SCADA diario
2023-01-25,2023-02-09,15,,Random Forest A,148.96966054715278,127.8858878305674,184.04020955104167,21.083772716585386,21.083772716585386,Prueba,,SCADA diario
2023-01-26,2023-02-10,15,,Random Forest A,165.57050312770832,132.340312300934,171.7754768420139,33.23019082677433,33.23019082677433,Prueba,,SCADA diario
2023-01-27,2023-02-11,15,,Random Forest A,131.52156345381945,100.06122005063604,142.0815475536389,31.460343403183415,31.460343403183415,Prueba,,SCADA diario
2023-01-28,2023-02-12,15,,Random Forest A,117.72094485688889,99.5320842597603,77.53336022465417,18.188860597128595,18.188860597128595,Prueba,,SCADA diario
2023-01-29,2023-02-13,15,,Random Forest A,113.19716304833334,100.43347282673462,66.52426164737777,12.763690221598722,12.763690221598722,Prueba,,SCADA diario
2023-01-30,2023-02-14,15,,Random Forest A,134.47288199875695,101.90683084298816,78.87811402251181,32.56605115576879,32.56605115576879,Prueba,,SCADA diario
2023-01-31,2023-02-15,15,,Random Forest A,147.8343875451389,134.35489785312546,113.70234312956251,13.47948969201343,13.47948969201343,Prueba,,SCADA diario
2023-02-01,2023-02-16,15,,Random Forest A,120.041351707875,123.65740612434564,132.65464369713195,-3.6160544164706465,3.6160544164706465,Prueba,,SCADA diario
2023-02-02,2023-02-17,15,,Random Forest A,69.38329071944861,130.00705633691587,136.04994126805556,-60.62376561746726,60.62376561746726,Prueba,,SCADA diario
2023-02-03,2023-02-18,15,,Random Forest A,85.05227802860902,104.7074245621424,122.76998745522222,-19.655146533533383,19.655146533533383,Prueba,,SCADA diario
2023-02-04,2023-02-19,15,,Random Forest A,83.3714606272979,97.94108303189927,78.66295843862846,-14.569622404601361,14.569622404601361,Prueba,,SCADA diario
2023-02-05,2023-02-20,15,,Random Forest A,63.88570468501736,99.37128045488784,62.86445461278402,-35.48557576987048,35.48557576987048,Prueba,,SCADA diario
2023-02-06,2023-02-21,15,,Random Forest A,99.14081910150625,104.37296651839786,75.34285404903889,-5.232147416891607,5.232147416891607,Prueba,,SCADA diario
2023-02-07,2023-02-22,15,,Random Forest A,160.12978204881944,115.95823210367605,112.16303345500694,44.17154994514338,44.17154994514338,Prueba,,SCADA diario
2023-02-08,2023-02-23,15,,Random Forest A,176.67261511541665,123.365186405626,125.9413038377361,53.30742870979064,53.30742870979064,Prueba,,SCADA diario
2023-02-09,2023-02-24,15,,Random Forest A,150.2646608388889,130.22018393047733,148.96966054715278,20.044476908411553,20.044476908411553,Prueba,,SCADA diario
2023-02-10,2023-02-25,15,,Random Forest A,99.28528730170834,120.21933828274283,165.57050312770832,-20.93405098103449,20.93405098103449,Prueba,,SCADA diario
2023-02-11,2023-02-26,15,,Random Forest A,89.78475489644445,88.89368499167641,131.52156345381945,0.8910699047680453,0.8910699047680453,Prueba,,SCADA diario
2023-02-12,2023-02-27,15,,Random Forest A,132.1117631027361,91.6566410080865,117.72094485688889,40.455122094649596,40.455122094649596,Prueba,,SCADA diario
2022-12-02,2023-01-01,30,,Regresión lineal,80.18078263320625,137.71378871303884,110.90848170860694,-57.53300607983259,57.53300607983259,Prueba,,SCADA diario
2022-12-03,2023-01-02,30,,Regresión lineal,78.9954602079125,111.18183734243895,111.57238651027083,-32.18637713452645,32.18637713452645,Prueba,,SCADA diario
2022-12-04,2023-01-03,30,,Regresión lineal,146.58390218655555,108.92134141936424,103.45421505393749,37.66256076719131,37.66256076719131,Prueba,,SCADA diario
2022-12-05,2023-01-04,30,,Regresión lineal,187.00010610555555,97.94782630449413,106.00901964842848,89.05227980106142,89.05227980106142,Prueba,,SCADA diario
2022-12-06,2023-01-05,30,,Regresión lineal,146.07916719890972,113.32708032061657,135.39657948890974,32.75208687829314,32.75208687829314,Prueba,,SCADA diario
2022-12-07,2023-01-06,30,,Regresión lineal,107.85673232559445,123.61414337053944,198.08815027013887,-15.757411044944988,15.757411044944988,Prueba,,SCADA diario
2022-12-08,2023-01-07,30,,Regresión lineal,78.52955535486875,94.38483259547732,216.89442767694447,-15.855277240608572,15.855277240608572,Prueba,,SCADA diario
2022-12-09,2023-01-08,30,,Regresión lineal,76.34335276865069,61.63170718204444,211.917173810625,14.711645586606252,14.711645586606252,Prueba,,SCADA diario
2022-12-10,2023-01-09,30,,Regresión lineal,113.78107634597639,64.14470062621672,173.63787126652778,49.63637571975967,49.63637571975967,Prueba,,SCADA diario
2022-12-11,2023-01-10,30,,Regresión lineal,143.9836122749368,92.86220953114959,143.88477318320346,51.121402743787215,51.121402743787215,Prueba,,SCADA diario
2022-12-12,2023-01-11,30,,Regresión lineal,136.53731412215208,126.89348032416015,111.34470591944027,9.643833797991931,9.643833797991931,Prueba,,SCADA diario
2022-12-13,2023-01-12,30,,Regresión lineal,70.82207204816945,141.80514914281457,118.27428961654445,-70.98307709464513,70.98307709464513,Prueba,,SCADA diario
2022-12-14,2023-01-13,30,,Regresión lineal,95.73587550180557,123.7710913945563,146.71082554805557,-28.035215892750728,28.035215892750728,Prueba,,SCADA diario
2022-12-15,2023-01-14,30,,Regresión lineal,92.89164404155001,97.53861977605501,120.29851185526111,-4.646975734505006,4.646975734505006,Prueba,,SCADA diario
2022-12-16,2023-01-15,30,,Regresión lineal,74.42980652276319,90.8613358980707,114.0141455496007,-16.43152937530752,16.43152937530752,Prueba,,SCADA diario
2022-12-17,2023-01-16,30,,Regresión lineal,97.01577506554861,89.70504595141276,86.11494554619792,7.310729114135853,7.310729114135853,Prueba,,SCADA diario
2022-12-18,2023-01-17,30,,Regresión lineal,149.77737681854165,104.99046006384714,74.22534945770833,44.786916754694516,44.786916754694516,Prueba,,SCADA diario
2022-12-19,2023-01-18,30,,Regresión lineal,151.26455833965278,127.40734694511265,92.08066578754861,23.85721139454013,23.85721139454013,Prueba,,SCADA diario
2022-12-20,2023-01-19,30,,Regresión lineal,161.7522819070139,116.22656189517699,131.02723828003957,45.52572001183691,45.52572001183691,Prueba,,SCADA diario
2022-12-21,2023-01-20,30,,Regresión lineal,148.7933527688889,85.43641198419287,202.11044608458332,63.35694078469602,63.35694078469602,Prueba,,SCADA diario
2022-12-22,2023-01-21,30,,Regresión lineal,157.34190209909724,61.89416648162658,197.7043853552778,95.44773561747067,95.44773561747067,Prueba,,SCADA diario
2022-12-23,2023-01-22,30,,Regresión lineal,154.25964758194445,67.24079246566795,123.10845170521459,87.0188551162765,87.0188551162765,Prueba,,SCADA diario
2022-12-24,2023-01-23,30,,Regresión lineal,167.0309772717361,100.26417570918957,87.14961726256666,66.76680156254653,66.76680156254653,Prueba,,SCADA diario
2022-12-25,2023-01-24,30,,Regresión lineal,191.64682237729167,128.51247392692807,56.937947649521526,63.1343484503636,63.1343484503636,Prueba,,SCADA diario
2022-12-26,2023-01-25,30,,Regresión lineal,184.04020955104167,139.68205262245377,43.45106067909097,44.3581569285879,44.3581569285879,Prueba,,SCADA diario
2022-12-27,2023-01-26,30,,Regresión lineal,171.7754768420139,139.79832003710308,111.77793804454652,31.977156804910805,31.977156804910805,Prueba,,SCADA diario
2022-12-28,2023-01-27,30,,Regresión lineal,142.0815475536389,91.0781780113969,220.24545812180554,51.003369542242,51.003369542242,Prueba,,SCADA diario
2022-12-29,2023-01-28,30,,Regresión lineal,77.53336022465417,53.272866657036595,229.22934277368057,24.26049356761758,24.26049356761758,Prueba,,SCADA diario
2022-12-30,2023-01-29,30,,Regresión lineal,66.52426164737777,44.355428814019334,200.89446525715277,22.168832833358437,22.168832833358437,Prueba,,SCADA diario
2022-12-31,2023-01-30,30,,Regresión lineal,78.87811402251181,75.48192006614224,112.99782403485,3.396193956369572,3.396193956369572,Prueba,,SCADA diario
2023-01-01,2023-01-31,30,,Regresión lineal,113.70234312956251,122.22817468441983,80.18078263320625,-8.52583155485732,8.52583155485732,Prueba,,SCADA diario
2023-01-02,2023-02-01,30,,Regresión lineal,132.65464369713195,147.6439166047604,78.9954602079125,-14.989272907628447,14.989272907628447,Prueba,,SCADA diario
2023-01-03,2023-02-02,30,,Regresión lineal,136.04994126805556,139.71949811781738,146.58390218655555,-3.6695568497618183,3.6695568497618183,Prueba,,SCADA diario
2023-01-04,2023-02-03,30,,Regresión lineal,122.76998745522222,97.1707806653919,187.00010610555555,25.59920678983032,25.59920678983032,Prueba,,SCADA diario
2023-01-05,2023-02-04,30,,Regresión lineal,78.66295843862846,71.5039019273863,146.07916719890972,7.15905651124217,7.15905651124217,Prueba,,SCADA diario
2023-01-06,2023-02-05,30,,Regresión lineal,62.86445461278402,72.00103408545486,107.85673232559445,-9.136579472670839,9.136579472670839,Prueba,,SCADA diario
2023-01-07,2023-02-06,30,,Regresión lineal,75.34285404903889,96.33688926755556,78.52955535486875,-20.99403521851667,20.99403521851667,Prueba,,SCADA diario
2023-01-08,2023-02-07,30,,Regresión lineal,112.16303345500694,118.53334339274264,76.34335276865069,-6.370309937735698,6.370309937735698,Prueba,,SCADA diario
2023-01-09,2023-02-08,30,,Regresión lineal,125.9413038377361,142.91318186531146,113.78107634597639,-16.971878027575357,16.971878027575357,Prueba,,SCADA diario
2023-01-10,2023-02-09,30,,Regresión lineal,148.96966054715278,131.60914828277902,143.9836122749368,17.360512264373767,17.360512264373767,Prueba,,SCADA diario
2023-01-11,2023-02-10,30,,Regresión lineal,165.57050312770832,106.75832028569124,136.53731412215208,58.81218284201708,58.81218284201708,Prueba,,SCADA diario
2023-01-12,2023-02-11,30,,Regresión lineal,131.52156345381945,135.57949336411139,70.82207204816945,-4.057929910291932,4.057929910291932,Prueba,,SCADA diario
2023-01-13,2023-02-12,30,,Regresión lineal,117.72094485688889,139.79458504458887,95.73587550180557,-22.07364018769998,22.07364018769998,Prueba,,SCADA diario
2023-01-14,2023-02-13,30,,Regresión lineal,113.19716304833334,132.22423148247725,92.89164404155001,-19.027068434143914,19.027068434143914,Prueba,,SCADA diario
2023-01-15,2023-02-14,30,,Regresión lineal,134.47288199875695,127.95055716153759,74.42980652276319,6.522324837219358,6.522324837219358,Prueba,,SCADA diario
2023-01-16,2023-02-15,30,,Regresión lineal,147.8343875451389,132.9928127580269,97.01577506554861,14.841574787111995,14.841574787111995,Prueba,,SCADA diario
2023-01-17,2023-02-16,30,,Regresión lineal,120.041351707875,136.88743238964926,149.77737681854165,-16.846080681774268,16.846080681774268,Prueba,,SCADA diario
2023-01-18,2023-02-17,30,,Regresión lineal,69.38329071944861,112.47686505927226,151.26455833965278,-43.09357433982365,43.09357433982365,Prueba,,SCADA diario
2023-01-19,2023-02-18,30,,Regresión lineal,85.05227802860902,82.38904007766716,161.7522819070139,2.6632379509418627,2.6632379509418627,Prueba,,SCADA diario
2023-01-20,2023-02-19,30,,Regresión lineal,83.3714606272979,69.178681736809,148.7933527688889,14.19277889048891,14.19277889048891,Prueba,,SCADA diario
2023-01-21,2023-02-20,30,,Regresión lineal,63.88570468501736,70.3631258820281,157.34190209909724,-6.477421197010742,6.477421197010742,Prueba,,SCADA diario
2023-01-22,2023-02-21,30,,Regresión lineal,99.14081910150625,79.10599157031842,154.25964758194445,20.03482753118783,20.03482753118783,Prueba,,SCADA diario
2023-01-23,2023-02-22,30,,Regresión lineal,160.12978204881944,93.18401314204404,167.0309772717361,66.9457689067754,66.9457689067754,Prueba,,SCADA diario
2023-01-24,2023-02-23,30,,Regresión lineal,176.67261511541665,82.98565983044654,191.64682237729167,93.68695528497011,93.68695528497011,Prueba,,SCADA diario
2023-01-25,2023-02-24,30,,Regresión lineal,150.2646608388889,76.04556838005536,184.04020955104167,74.21909245883353,74.21909245883353,Prueba,,SCADA diario
2023-01-26,2023-02-25,30,,Regresión lineal,99.28528730170834,87.67970511874529,171.7754768420139,11.605582182963047,11.605582182963047,Prueba,,SCADA diario
2023-01-27,2023-02-26,30,,Regresión lineal,89.78475489644445,85.83758904405502,142.0815475536389,3.947165852389432,3.947165852389432,Prueba,,SCADA diario
2023-01-28,2023-02-27,30,,Regresión lineal,132.1117631027361,96.29720776734726,77.53336022465417,35.81455533538883,35.81455533538883,Prueba,,SCADA diario
